INT_FRAME,STR_CLASS_PRED,LST_SEGMENTATION_PRED
0,no_instrument,0;0
1,no_instrument,0;0
2,no_instrument,0;0
3,no_instrument,0;0
4,no_instrument,0;0
5,no_instrument,0;0
6,no_instrument,0;0
7,no_instrument,0;0
8,no_instrument,0;0
9,no_instrument,0;0
10,no_instrument,0;0
11,no_instrument,0;0
12,no_instrument,0;0
13,no_instrument,0;0
14,no_instrument,0;0
15,no_instrument,0;0
16,no_instrument,0;0
17,no_instrument,0;0
18,no_instrument,0;0
19,no_instrument,0;0
20,no_instrument,0;0
21,no_instrument,0;0
22,no_instrument,0;0
23,no_instrument,0;0
24,no_instrument,0;0
25,no_instrument,0;0
26,no_instrument,0;0
27,no_instrument,0;0
28,no_instrument,0;0
29,no_instrument,0;0
30,no_instrument,0;0
31,no_instrument,0;0
32,no_instrument,0;0
33,no_instrument,0;0
34,no_instrument,0;0
35,no_instrument,0;0
36,no_instrument,0;0
37,no_instrument,0;0
38,no_instrument,0;0
39,no_instrument,0;0
40,no_instrument,0;0
41,no_instrument,0;0
42,no_instrument,0;0
43,no_instrument,0;0
44,no_instrument,0;0
45,no_instrument,0;0
46,no_instrument,0;0
47,no_instrument,0;0
48,no_instrument,0;0
49,no_instrument,0;0
50,no_instrument,0;0
51,no_instrument,0;0
52,no_instrument,0;0
53,no_instrument,0;0
54,no_instrument,0;0
55,no_instrument,0;0
56,no_instrument,0;0
57,no_instrument,0;0
58,no_instrument,0;0
59,no_instrument,0;0
60,no_instrument,0;0
61,no_instrument,0;0
62,no_instrument,0;0
63,no_instrument,0;0
64,no_instrument,0;0
65,no_instrument,0;0
66,no_instrument,0;0
67,no_instrument,0;0
68,no_instrument,0;0
69,no_instrument,0;0
70,no_instrument,0;0
71,no_instrument,0;0
72,no_instrument,0;0
73,no_instrument,0;0
74,no_instrument,0;0
75,no_instrument,0;0
76,no_instrument,0;0
77,no_instrument,0;0
78,no_instrument,0;0
79,no_instrument,0;0
80,no_instrument,0;0
81,no_instrument,0;0
82,no_instrument,0;0
83,no_instrument,0;0
84,no_instrument,0;0
85,no_instrument,0;0
86,no_instrument,0;0
87,no_instrument,0;0
88,no_instrument,0;0
89,no_instrument,0;0
90,no_instrument,0;0
91,no_instrument,0;0
92,no_instrument,0;0
93,no_instrument,0;0
94,no_instrument,0;0
95,no_instrument,0;0
96,no_instrument,0;0
97,no_instrument,0;0
98,no_instrument,0;0
99,no_instrument,0;0
100,no_instrument,0;0
101,no_instrument,0;0
102,no_instrument,0;0
103,no_instrument,0;0
104,no_instrument,0;0
105,no_instrument,0;0
106,no_instrument,0;0
107,no_instrument,0;0
108,no_instrument,0;0
109,no_instrument,0;0
110,no_instrument,0;0
111,no_instrument,0;0
112,no_instrument,0;0
113,no_instrument,0;0
114,no_instrument,0;0
115,no_instrument,0;0
116,no_instrument,0;0
117,no_instrument,0;0
118,no_instrument,0;0
119,no_instrument,0;0
120,no_instrument,0;0
121,no_instrument,0;0
122,no_instrument,0;0
123,no_instrument,0;0
124,no_instrument,0;0
125,no_instrument,0;0
126,no_instrument,0;0
127,no_instrument,0;0
128,no_instrument,0;0
129,no_instrument,0;0
130,no_instrument,0;0
131,no_instrument,0;0
132,no_instrument,0;0
133,no_instrument,0;0
134,no_instrument,0;0
135,no_instrument,0;0
136,no_instrument,0;0
137,no_instrument,0;0
138,no_instrument,0;0
139,no_instrument,0;0
140,no_instrument,0;0
141,no_instrument,0;0
142,no_instrument,0;0
143,no_instrument,0;0
144,no_instrument,0;0
145,no_instrument,0;0
146,no_instrument,0;0
147,no_instrument,0;0
148,no_instrument,0;0
149,no_instrument,0;0
150,nasal_cutting_forceps,433;41;432;43;429;43;428;44;426;44;422;48;421;48;410;59;410;61;405;65;405;66;401;70;401;72;397;76;397;77;385;90;385;91;376;100;376;101;371;107;371;108;366;112;366;113;364;116;364;118;362;119;362;120;360;123;360;125;357;127;357;129;355;130;355;132;353;134;353;136;350;138;350;140;348;141;348;143;346;145;346;147;344;148;344;150;341;152;341;154;337;158;337;159;332;165;332;166;328;170;328;172;325;175;325;176;323;177;323;180;322;182;322;187;321;189;321;200;319;201;319;209;318;211;318;214;316;215;316;218;315;219;315;221;314;222;314;225;312;226;312;227;311;229;311;230;309;232;309;233;308;234;308;236;307;237;307;239;305;240;305;241;303;244;303;246;300;248;300;250;293;257;293;258;273;277;272;277;262;287;262;289;258;293;258;294;257;296;257;297;255;298;255;300;254;301;254;303;252;304;252;307;251;308;251;311;250;312;250;314;248;315;248;319;247;321;247;325;246;326;246;332;244;333;244;341;243;343;243;355;244;357;244;364;246;365;246;366;247;368;247;369;254;376;255;376;257;378;258;378;259;379;262;379;264;380;269;380;271;382;279;382;280;383;286;383;287;385;291;385;293;386;296;386;297;387;301;387;303;389;305;389;307;390;318;390;319;389;326;389;328;387;332;387;333;386;337;386;339;385;341;385;343;383;346;383;347;382;350;382;351;380;354;380;355;379;358;379;360;378;362;378;364;376;366;376;368;375;371;375;372;373;373;373;375;372;378;372;379;371;380;371;382;369;383;369;385;368;386;368;387;366;390;366;391;365;393;365;394;364;396;364;397;362;398;362;401;360;403;360;404;358;405;358;407;357;408;357;410;355;411;355;412;354;414;354;415;353;416;353;418;351;419;351;421;350;423;350;425;348;429;348;430;347;437;347;439;346;447;346;448;344;458;344;460;343;468;343;469;341;475;341;476;340;480;340;482;339;489;339;490;337;511;337;512;336;528;336;529;334;537;334;539;333;550;333;551;332;560;332;561;330;567;330;568;329;572;329;575;326;575;325;576;323;576;311;575;309;575;301;574;300;574;293;572;291;572;280;574;279;574;275;575;273;575;262;572;259;572;258;569;255;569;254;567;251;567;248;565;247;565;246;564;244;564;240;562;239;562;234;561;233;561;229;560;227;560;225;558;223;558;219;557;218;557;215;555;214;555;211;554;209;554;207;553;205;553;202;551;201;551;198;550;197;550;195;549;194;549;191;547;190;547;189;546;187;546;184;544;183;544;182;543;180;543;177;542;176;542;175;540;173;540;172;539;170;539;169;537;168;537;165;536;164;536;162;535;161;535;159;533;158;533;157;532;155;532;154;530;152;530;151;529;150;529;148;528;147;528;145;525;143;525;141;524;140;524;138;522;137;522;136;519;133;519;132;518;130;518;129;515;126;515;125;514;123;514;122;512;120;512;119;510;116;510;115;507;112;507;111;503;107;503;105;498;101;498;100;494;95;494;94;489;88;489;87;473;72;473;70;472;69;471;69;469;68;469;66;468;65;467;65;457;55;455;55;450;50;448;50;447;48;446;48;443;45;442;45;440;44;437;44;436;43;435;43
151,nasal_cutting_forceps,462;60;462;61;461;62;461;63;460;64;458;64;457;65;456;65;455;66;455;67;454;68;451;65;451;66;450;67;450;71;449;72;449;73;448;74;447;73;445;73;442;76;440;76;439;77;439;79;438;80;438;82;437;83;434;83;432;85;431;85;430;86;429;86;427;88;426;88;428;90;428;93;425;96;422;96;419;99;419;100;418;101;418;102;417;103;417;105;416;106;416;108;414;110;412;110;412;111;414;113;414;114;413;115;412;115;411;116;411;117;409;119;408;119;406;121;406;124;403;127;402;127;401;128;400;128;399;129;399;130;398;131;396;131;395;132;394;132;393;133;393;136;392;137;391;137;390;138;389;138;384;143;383;143;381;145;381;146;380;147;380;148;379;149;378;149;378;150;377;151;377;152;376;153;376;154;375;155;375;156;378;159;377;160;376;160;374;162;372;162;371;163;371;164;370;165;370;166;369;167;368;167;368;170;367;171;366;171;362;175;361;175;360;176;359;176;358;177;356;177;355;178;354;178;353;179;354;180;354;181;353;182;352;182;350;184;347;181;346;181;345;182;341;182;340;183;339;183;338;182;337;182;336;181;335;182;334;182;333;183;331;183;330;184;328;184;329;185;329;187;326;190;326;193;325;194;325;195;326;196;326;197;327;198;327;200;324;203;323;203;322;204;322;206;324;208;324;210;323;211;323;215;321;217;321;219;322;220;321;221;321;223;319;225;317;225;316;226;316;236;318;236;319;237;319;238;320;239;320;240;319;241;318;241;316;239;314;239;313;240;313;241;312;242;312;244;311;245;310;245;310;248;308;250;308;251;306;253;305;253;305;254;304;255;304;257;302;259;301;259;300;260;300;261;299;262;299;263;300;264;300;267;301;268;300;269;300;271;299;272;297;270;296;270;296;272;297;273;297;274;296;275;296;282;295;283;295;285;294;286;293;286;292;285;292;284;291;283;291;276;290;276;289;277;289;279;288;280;288;282;287;283;287;284;285;286;285;287;284;288;284;289;283;290;283;291;284;292;284;294;281;297;280;297;279;298;277;298;276;299;276;302;275;303;275;304;274;305;274;306;271;309;268;309;267;310;266;310;266;313;265;314;263;314;262;315;261;315;259;317;259;318;258;319;258;320;257;321;256;321;255;322;255;327;254;328;254;330;253;331;253;334;252;335;252;339;251;340;251;342;250;343;250;352;249;353;249;356;248;357;248;360;249;361;248;362;248;370;250;372;250;374;251;375;251;376;252;377;252;379;254;381;258;381;259;382;269;382;270;383;270;384;271;385;271;387;273;389;274;389;275;390;275;391;276;392;286;392;287;393;290;393;291;394;299;394;300;395;303;395;304;394;329;394;330;393;331;393;332;394;340;394;341;393;343;393;344;394;348;394;349;393;349;386;350;385;352;385;354;387;357;387;358;388;358;389;358;387;357;386;360;383;373;383;374;382;377;382;378;383;379;383;380;382;382;382;382;378;383;377;383;374;384;373;385;373;386;372;387;372;388;373;388;375;390;375;391;374;393;374;394;375;396;375;397;376;397;377;399;375;402;375;403;374;404;374;405;373;406;373;407;372;406;372;405;371;405;364;406;363;408;363;409;364;408;365;408;366;409;366;409;365;410;364;412;364;413;363;419;363;420;364;421;363;422;363;423;362;424;362;425;361;427;361;428;360;429;360;430;359;430;358;431;357;432;358;432;359;433;359;434;360;435;359;436;359;437;358;438;358;438;356;439;355;439;354;440;353;442;355;444;353;447;353;448;354;448;356;451;353;452;354;454;354;455;353;457;353;459;351;461;353;464;353;465;354;466;353;468;353;470;351;471;351;473;353;475;353;476;352;477;353;480;353;482;351;483;351;484;352;485;352;486;351;489;351;491;349;494;349;496;351;497;351;499;349;501;349;502;350;503;349;504;349;505;350;506;350;507;351;509;349;513;349;514;348;516;348;517;347;517;343;518;342;518;341;519;340;519;339;520;338;528;338;529;339;530;339;531;338;543;338;544;337;548;337;549;336;550;337;551;337;552;338;553;337;556;337;557;336;563;336;564;335;566;335;566;334;567;333;567;329;569;327;571;327;572;326;573;326;575;324;577;324;577;321;578;320;578;316;577;315;577;314;576;313;576;299;575;298;575;293;574;292;574;282;575;281;575;276;576;275;576;273;577;272;577;269;578;268;578;266;579;265;578;264;578;263;573;258;573;257;572;256;571;256;570;255;570;254;568;252;568;251;567;250;567;248;566;247;566;246;565;245;565;242;564;241;564;237;563;236;563;232;562;231;562;229;561;228;561;226;560;225;560;222;559;221;559;219;558;218;558;216;557;215;557;212;556;211;556;209;555;208;555;206;554;205;554;203;553;202;553;201;552;200;552;198;551;197;551;195;550;194;550;193;549;192;549;190;548;189;548;188;547;187;547;186;546;185;546;183;545;182;545;181;544;180;544;178;543;177;543;176;542;175;542;174;541;173;541;171;540;170;540;169;539;168;539;167;538;166;538;165;537;164;537;163;536;162;536;161;535;160;535;159;534;158;534;157;533;156;533;155;532;154;532;153;531;152;531;151;530;150;530;149;529;148;529;147;528;146;528;145;527;144;527;143;525;141;525;140;524;139;524;138;523;137;523;136;521;134;521;133;519;131;519;130;518;129;518;128;517;127;517;126;516;125;516;124;513;121;513;120;510;117;510;116;509;115;509;114;507;112;507;111;505;109;505;108;502;105;502;104;499;101;499;100;496;97;496;96;493;93;493;92;490;89;490;88;489;88;487;86;487;85;485;83;485;82;484;82;482;80;481;80;479;78;479;77;478;77;476;75;476;74;474;72;474;71;473;70;471;70;470;69;469;69;468;68;469;67;469;66;467;64;466;64;465;63;464;63;462;61
152,nasal_cutting_forceps,490;106;489;107;488;107;487;108;486;108;483;111;479;111;478;112;476;112;475;113;474;113;473;114;473;115;472;116;472;117;470;119;469;119;468;118;467;118;466;119;462;119;460;121;457;121;456;122;455;122;454;123;454;124;453;125;453;126;450;129;450;130;448;132;447;131;445;131;443;133;445;135;445;136;441;140;440;140;439;141;438;141;438;142;437;143;433;143;432;144;431;144;431;146;432;147;430;149;429;149;425;153;423;153;421;155;420;155;421;156;422;156;423;157;424;157;425;158;425;159;423;161;422;161;420;163;418;163;417;164;416;164;415;165;413;165;412;164;411;164;410;165;409;165;408;166;407;166;406;167;407;168;407;170;405;172;404;172;404;175;403;176;398;176;397;177;395;177;394;178;388;178;397;178;398;179;401;179;403;181;401;183;400;183;397;186;396;186;395;187;394;187;394;188;393;189;393;190;389;194;388;194;384;198;383;198;383;199;382;200;382;201;380;203;380;204;378;206;377;206;375;208;374;208;373;209;372;209;369;206;369;204;368;205;367;205;363;209;363;210;362;211;364;213;367;213;368;214;368;215;367;216;364;216;363;217;363;218;362;219;361;219;360;220;359;220;358;219;355;222;353;222;353;223;355;223;356;224;356;225;357;226;356;227;355;227;354;228;353;228;349;232;347;232;345;234;346;235;346;237;345;238;345;239;341;243;341;244;342;245;342;247;343;248;343;250;342;251;342;252;341;253;340;253;340;254;339;255;338;255;337;254;337;251;336;250;336;247;335;247;334;248;334;249;331;252;330;252;327;255;326;255;325;254;324;254;323;255;321;255;320;256;320;258;321;258;322;259;320;261;319;261;319;262;316;265;315;265;315;267;316;268;316;269;318;271;318;273;316;275;315;275;314;274;314;271;312;271;312;272;310;274;311;275;311;278;312;279;312;284;313;284;314;285;314;292;313;293;312;293;312;296;311;297;309;297;308;298;308;299;307;300;307;302;305;304;304;304;303;305;303;307;302;308;300;308;297;311;297;313;296;314;290;314;289;315;289;316;284;321;283;321;282;322;281;322;280;321;279;321;278;322;277;322;277;324;276;325;275;325;273;327;273;329;265;337;265;339;264;340;264;341;263;342;263;343;262;344;262;345;261;346;261;347;260;348;260;354;259;355;259;361;258;362;258;367;257;368;257;372;256;373;256;378;257;379;257;381;258;381;259;382;262;382;263;383;264;383;266;385;268;385;269;386;269;387;268;388;268;389;269;390;269;391;270;392;270;394;271;395;272;395;273;396;273;397;274;398;277;398;278;399;278;400;279;401;281;401;282;400;284;402;286;402;287;403;289;403;290;404;291;404;292;405;295;405;299;409;300;409;302;411;304;409;305;409;308;412;310;412;311;413;311;414;313;414;314;415;314;416;315;417;317;417;318;416;319;416;320;417;321;417;323;419;326;419;327;418;328;418;330;420;330;422;330;421;331;420;333;420;335;422;335;423;336;423;337;422;337;420;339;418;341;420;341;423;342;422;342;421;343;420;344;420;346;422;346;423;347;423;347;420;350;417;351;417;352;418;354;418;355;417;357;419;359;419;361;417;362;417;361;417;358;414;359;413;360;413;360;411;361;410;362;411;362;412;363;413;365;413;365;411;366;410;367;410;368;411;368;413;370;413;371;412;371;409;372;408;373;409;373;410;374;411;374;412;375;412;376;411;376;410;377;409;378;409;379;410;379;411;380;412;380;413;381;413;382;412;382;409;384;407;385;408;385;411;386;412;387;411;387;409;389;407;390;407;391;408;392;408;394;406;396;406;397;407;397;408;398;407;398;406;399;405;401;405;403;407;404;406;404;403;405;402;405;401;406;400;407;401;410;401;410;400;411;399;412;399;413;400;413;401;414;402;415;402;416;401;416;400;417;399;419;401;420;401;423;398;426;401;426;400;428;398;429;398;430;399;432;399;433;398;441;398;442;399;443;399;445;397;447;397;448;398;451;398;452;399;454;399;455;398;461;398;462;397;463;397;464;398;465;398;466;397;467;397;468;396;469;396;470;397;470;396;471;395;471;390;472;389;472;386;473;385;482;385;484;383;487;383;485;383;483;381;485;379;486;379;487;380;489;380;490;381;492;381;493;380;494;380;496;378;497;379;500;379;500;378;501;377;502;377;504;379;506;379;507;378;508;378;509;379;510;379;513;376;516;379;518;377;519;377;520;378;522;378;522;375;523;374;523;373;524;372;525;373;528;373;529;374;531;374;532;375;533;374;533;373;534;372;534;369;535;368;536;368;537;369;538;369;541;366;542;367;544;367;544;366;546;364;546;363;549;360;552;363;555;363;555;361;558;358;559;358;560;357;560;356;563;353;566;353;566;349;565;348;564;348;563;347;564;346;566;346;566;345;567;344;567;343;568;342;568;339;569;338;570;338;571;337;573;337;577;333;577;330;576;329;576;327;577;326;578;326;578;313;577;312;577;303;576;302;576;297;575;296;575;290;574;289;574;284;575;283;575;278;576;277;576;274;577;273;577;272;578;271;578;268;579;267;579;266;580;265;580;264;579;263;579;262;578;261;577;261;569;253;569;252;568;251;568;250;567;249;567;248;566;247;566;245;565;244;565;242;564;241;564;236;563;235;563;231;562;230;562;228;561;227;561;225;560;224;560;222;559;221;559;219;558;218;558;216;557;215;557;212;556;211;556;209;555;208;555;206;554;205;554;203;553;202;553;201;552;200;552;198;551;197;551;195;550;194;550;193;549;192;549;190;548;189;548;188;547;187;547;185;546;184;546;183;545;182;545;181;544;180;544;178;543;177;543;176;542;175;542;173;541;172;541;171;540;170;540;169;539;168;539;167;538;166;538;165;536;163;536;161;534;159;534;157;533;156;533;155;532;154;532;153;531;152;531;151;530;150;530;149;529;148;529;147;528;146;528;145;526;143;526;142;525;141;525;140;524;139;524;138;522;136;522;135;521;134;521;133;519;131;519;130;518;129;518;128;517;128;516;127;516;126;514;124;514;123;513;122;513;121;510;118;510;117;507;114;507;113;504;110;503;110;502;111;501;111;499;109;499;108;498;107;497;107;496;106;495;106;494;107;491;107
153,nasal_cutting_forceps,503;113;503;114;502;115;501;115;501;116;499;118;498;118;496;116;494;118;492;118;491;119;488;119;487;120;485;120;484;121;483;121;482;122;479;122;479;123;475;127;474;127;473;128;473;129;472;130;472;131;471;132;471;133;469;135;469;136;464;141;462;141;461;142;460;142;459;143;458;142;457;142;455;144;454;144;453;145;453;148;452;149;451;149;449;151;448;151;447;152;445;152;442;155;441;155;440;156;441;156;442;157;443;157;445;159;442;162;434;162;432;164;431;164;430;165;429;165;427;167;427;168;429;170;428;171;427;171;426;170;424;172;423;172;421;174;420;174;419;175;418;175;417;176;412;176;410;178;411;178;414;181;414;182;413;183;412;183;411;184;411;185;409;187;409;189;408;190;408;192;403;197;400;197;399;198;398;198;398;201;395;204;394;204;392;202;392;198;391;198;391;199;390;200;391;201;391;205;390;206;389;206;389;207;387;209;386;209;385;210;385;211;384;212;384;213;385;214;383;216;382;216;381;215;381;216;382;217;381;218;378;218;377;219;376;219;376;220;374;222;373;222;372;223;374;223;375;224;376;224;377;225;378;225;379;226;378;227;374;227;372;229;371;228;371;227;370;226;370;224;369;224;368;225;367;225;366;226;364;226;360;230;360;231;359;232;359;234;357;236;357;238;353;242;353;243;351;245;351;248;349;250;348;250;340;258;340;259;338;261;336;261;334;263;333;263;332;264;332;265;331;266;331;267;330;268;331;269;331;270;332;271;331;272;331;273;328;276;328;277;326;279;325;279;325;285;324;286;324;288;323;289;323;290;319;294;319;298;318;299;318;302;317;303;316;303;315;304;314;304;313;305;312;305;312;306;309;309;308;309;307;310;306;310;306;313;305;314;303;314;302;313;301;314;300;314;299;315;298;315;297;316;296;316;296;317;293;320;291;320;290;321;289;321;288;322;288;323;285;326;284;326;283;327;282;327;280;329;280;330;279;331;277;331;275;333;275;335;274;336;273;336;272;337;271;337;270;338;270;340;269;341;269;343;268;344;268;345;267;346;267;347;266;348;266;349;265;350;265;352;264;353;264;355;263;356;263;360;262;361;262;370;261;371;261;381;262;382;262;383;263;384;263;389;264;390;264;394;265;395;265;398;269;402;269;403;270;404;274;404;275;405;277;405;280;408;281;408;282;409;283;409;285;411;286;410;288;410;291;413;293;413;294;414;296;414;298;416;299;416;300;417;301;417;302;418;303;418;305;420;311;420;312;421;314;421;315;422;316;422;317;423;318;423;319;424;322;424;323;425;324;425;325;426;326;426;327;427;329;427;330;428;333;428;334;429;337;429;338;428;340;428;341;429;342;429;343;430;348;430;350;428;351;429;361;429;362;430;366;430;367;429;370;429;371;428;375;428;376;427;384;427;385;426;387;426;389;424;390;424;391;425;392;425;392;424;394;422;398;422;399;421;403;421;404;420;405;420;405;419;406;418;407;419;409;419;409;418;410;417;410;414;411;413;412;413;413;414;414;414;417;411;419;411;420;412;423;409;424;409;425;410;432;410;434;408;437;408;438;407;443;407;445;405;456;405;457;404;470;404;471;403;472;403;472;401;473;400;473;399;474;398;488;398;489;397;490;397;491;396;494;396;495;397;499;397;500;396;501;396;502;395;505;395;506;396;509;396;510;397;510;396;513;393;518;393;520;391;521;391;524;388;525;388;527;390;529;388;530;388;531;387;532;387;535;384;536;384;537;383;539;383;541;385;542;385;545;382;546;382;550;378;555;378;556;377;556;376;559;373;559;371;557;369;558;368;559;368;562;365;563;365;564;364;565;364;567;362;567;361;569;359;570;359;571;358;572;358;573;359;574;359;575;360;576;359;577;359;578;358;578;354;579;353;579;317;578;316;578;310;577;309;577;301;576;300;576;296;575;295;575;278;576;277;576;274;577;273;577;271;578;270;578;269;579;268;579;267;580;266;580;263;578;261;577;261;569;253;569;252;568;251;568;250;567;249;567;248;566;247;566;245;565;244;565;241;564;240;564;236;563;235;563;231;562;230;562;228;561;227;561;225;560;224;560;222;559;221;559;219;558;218;558;216;557;215;557;212;556;211;556;209;555;208;555;206;554;205;554;204;553;203;553;201;552;200;552;198;551;197;551;195;550;194;550;193;549;192;549;190;548;189;548;188;547;187;547;185;546;184;546;183;545;182;545;181;544;180;544;178;543;177;543;176;542;175;542;173;541;172;541;171;540;170;540;169;539;168;539;167;538;166;538;165;536;163;536;161;534;159;534;157;533;156;533;155;532;154;532;153;530;151;530;149;528;147;528;146;527;145;527;144;525;142;525;141;524;140;524;138;523;138;522;137;522;136;521;135;521;134;519;132;519;130;515;126;515;125;514;125;513;124;513;121;512;121;511;120;511;119;507;115;507;114;506;114;505;113
154,nasal_cutting_forceps,499;108;497;110;496;110;496;111;493;114;492;114;490;116;489;116;488;117;487;117;486;118;485;118;484;119;483;119;481;121;479;121;477;123;475;123;473;125;473;126;472;127;472;129;470;131;469;131;462;138;461;138;460;139;458;139;457;140;456;140;452;144;451;144;451;145;450;146;450;147;449;148;449;149;448;150;446;150;442;154;441;154;440;155;438;155;437;156;437;158;435;160;434;160;431;163;429;163;428;164;427;164;425;166;423;166;422;167;422;170;421;171;420;171;419;172;418;172;417;173;413;173;409;177;408;177;407;178;399;178;400;178;401;179;406;179;408;181;407;182;405;182;404;183;401;183;400;184;400;185;396;189;395;189;393;191;390;191;389;192;389;193;388;194;388;195;385;198;384;198;383;199;382;198;380;198;380;199;379;200;378;200;378;205;377;206;377;207;375;209;375;210;369;216;368;216;366;218;366;219;365;220;364;220;364;222;362;224;361;224;359;226;359;228;358;229;357;229;356;230;356;231;355;232;355;233;354;234;354;236;353;237;353;238;352;239;351;239;350;240;349;240;349;241;347;243;347;245;346;246;344;246;344;249;342;251;342;252;340;254;340;255;337;258;337;259;336;260;336;263;335;264;335;265;334;266;334;267;332;269;332;270;331;271;331;272;329;274;329;275;328;276;328;277;327;278;327;279;326;280;326;283;325;284;325;288;324;289;324;290;320;294;320;295;319;296;319;297;317;299;317;301;315;303;314;303;311;306;310;306;310;307;308;309;307;309;306;310;306;313;305;314;300;314;299;315;298;315;297;316;297;317;293;321;290;321;289;322;289;323;287;325;286;325;285;326;284;326;283;327;282;327;282;328;281;329;281;330;278;333;278;334;275;337;274;337;271;340;271;344;270;345;270;348;269;349;269;352;268;353;268;355;267;356;267;361;266;362;266;368;265;369;265;374;264;375;264;376;265;377;265;384;266;385;266;387;267;388;267;389;268;390;268;394;270;396;270;397;271;397;273;399;274;399;276;401;276;402;277;403;278;403;279;404;282;404;283;405;284;405;287;408;288;408;289;409;292;409;293;410;298;410;299;411;300;411;302;413;303;412;305;412;306;413;308;413;309;414;316;414;317;415;318;415;319;416;324;416;325;417;326;417;328;419;329;419;330;420;331;420;332;421;335;421;336;422;339;422;340;423;342;423;343;424;344;424;345;425;353;425;354;426;371;426;372;425;376;425;377;424;380;424;381;423;387;423;388;422;391;422;392;421;393;421;396;418;398;418;399;417;399;415;400;414;401;414;402;413;403;413;404;412;405;412;406;411;409;411;410;410;414;410;416;408;417;408;418;407;421;407;422;406;423;406;424;405;426;405;427;404;431;404;432;403;434;403;435;402;437;402;438;401;439;401;440;400;459;400;460;399;468;399;469;400;470;400;471;399;471;398;472;397;472;394;473;393;475;393;476;392;477;393;484;393;485;392;486;392;487;391;491;391;492;390;499;390;500;389;506;389;507;388;508;389;511;389;512;388;516;388;517;389;522;389;523;388;532;388;533;387;537;387;538;386;543;386;544;385;546;385;549;382;554;382;555;381;557;381;558;380;560;380;563;377;564;377;565;376;565;375;566;374;568;374;569;373;569;368;572;365;573;366;573;367;575;369;577;369;578;368;578;366;580;364;580;329;579;328;579;318;578;317;578;310;577;309;577;301;576;300;576;296;575;295;575;278;576;277;576;274;577;273;577;272;578;271;578;269;579;268;579;267;580;266;580;263;578;261;577;261;569;253;569;252;568;251;568;250;567;249;567;248;566;247;566;245;565;244;565;241;564;240;564;235;563;234;563;231;562;230;562;228;561;227;561;224;560;223;560;222;559;221;559;218;558;217;558;215;557;214;557;211;556;210;556;209;555;208;555;206;554;205;554;203;553;202;553;200;552;199;552;197;551;196;551;194;550;193;550;192;549;191;549;190;548;189;548;187;547;186;547;185;546;184;546;183;545;182;545;180;544;179;544;178;543;177;543;175;542;174;542;173;541;172;541;170;540;169;540;168;539;167;539;166;537;164;537;163;536;162;536;161;535;160;535;159;534;158;534;156;533;155;533;154;531;152;531;150;529;148;529;147;528;146;528;145;527;144;527;143;525;141;525;140;524;139;524;138;522;136;522;135;521;134;521;133;519;131;519;130;518;129;518;128;516;126;516;125;515;125;514;124;514;123;513;122;513;121;510;118;510;117;507;114;507;113;506;113;504;111;503;111;502;110;500;110;499;109
155,nasal_cutting_forceps,496;111;496;112;497;112;498;113;497;114;496;114;494;116;494;117;493;118;490;118;489;119;488;119;486;121;485;121;484;122;483;122;482;123;481;123;480;124;479;124;476;127;475;127;472;130;472;132;471;133;471;136;470;137;469;137;467;139;466;139;464;141;462;141;461;142;460;142;458;144;457;144;452;149;451;149;448;152;447;152;446;153;445;153;442;156;442;159;441;160;440;160;439;161;437;161;436;162;434;162;431;165;430;165;429;166;428;166;426;168;424;168;421;171;421;172;420;173;415;173;414;174;413;174;411;176;410;176;409;177;408;177;407;178;399;178;405;178;406;179;407;179;408;180;408;182;407;183;406;183;401;188;400;188;400;189;399;190;399;191;398;192;398;193;396;195;394;195;392;193;390;195;389;195;389;197;388;198;388;199;387;200;387;201;382;206;382;208;379;211;378;211;378;216;377;217;377;218;372;223;372;224;373;225;373;226;372;227;371;226;369;226;369;227;367;229;367;230;365;232;365;233;364;234;364;238;361;241;359;241;358;242;357;242;356;243;356;245;355;246;356;247;356;248;354;250;354;251;349;256;349;257;348;258;348;261;345;264;344;264;343;265;343;266;342;267;342;271;340;273;340;274;338;276;337;276;337;278;336;279;336;280;334;282;334;283;333;284;332;283;332;282;331;281;330;281;329;282;329;286;330;287;330;290;327;293;326;293;325;294;325;296;324;297;322;297;320;299;319;299;318;300;318;301;316;303;315;303;313;301;313;299;313;302;312;303;311;303;311;304;309;306;309;307;306;310;306;311;304;313;302;311;302;313;301;314;300;314;299;315;298;315;296;317;296;318;295;319;294;319;293;320;292;320;291;321;290;321;289;322;289;323;286;326;285;326;282;329;282;331;281;332;281;334;280;335;280;336;279;337;279;338;278;339;278;340;277;341;277;342;276;343;276;344;275;345;275;349;274;350;274;353;273;354;273;360;272;361;272;368;271;369;271;370;272;371;272;372;271;373;271;382;272;383;272;386;273;387;273;388;274;389;274;391;275;392;275;394;276;395;276;396;278;398;280;398;281;399;282;399;283;400;284;400;288;404;289;404;290;405;295;405;296;406;297;406;299;408;300;408;301;409;303;409;304;410;308;410;309;411;311;411;313;413;315;411;317;411;318;412;319;412;320;413;321;413;322;414;328;414;330;416;333;416;334;417;335;417;336;418;338;418;339;419;342;419;343;420;344;420;345;421;351;421;352;422;358;422;361;425;368;425;369;424;371;424;372;423;375;423;376;422;381;422;382;421;387;421;388;420;391;420;392;419;393;419;395;417;398;417;400;415;402;415;405;412;406;412;407;411;410;411;411;410;414;410;417;407;420;407;421;406;422;406;423;405;424;405;425;404;429;404;430;403;431;403;432;402;433;402;435;400;436;400;437;399;439;399;440;398;442;398;443;397;444;397;445;396;447;396;448;395;449;396;450;396;451;397;453;397;454;396;455;396;456;395;458;395;459;394;466;394;467;393;470;393;471;392;471;390;472;389;472;388;474;386;476;386;479;389;482;389;483;388;491;388;492;387;495;387;496;386;500;386;501;387;502;386;506;386;507;387;511;387;512;386;516;386;517;385;518;385;519;384;520;385;524;385;525;384;528;384;529;385;536;385;537;384;539;384;540;385;543;385;544;384;545;385;547;385;549;383;554;383;555;382;566;382;567;381;568;381;568;380;571;377;573;377;575;379;576;378;577;378;577;376;579;374;579;372;580;371;580;328;579;327;579;317;578;316;578;310;577;309;577;301;576;300;576;296;575;295;575;278;576;277;576;274;577;273;577;271;578;270;578;269;579;268;579;267;580;266;580;263;578;261;577;261;569;253;569;252;568;251;568;250;567;249;567;248;566;247;566;245;565;244;565;241;564;240;564;235;563;234;563;231;562;230;562;228;561;227;561;224;560;223;560;222;559;221;559;219;558;218;558;216;557;215;557;211;556;210;556;209;555;208;555;206;554;205;554;204;553;203;553;200;552;199;552;197;551;196;551;195;550;194;550;192;549;191;549;190;548;189;548;188;547;187;547;185;546;184;546;183;545;182;545;181;544;180;544;178;543;177;543;176;542;175;542;173;541;172;541;171;540;170;540;169;539;168;539;167;538;166;538;165;536;163;536;161;535;160;535;159;534;158;534;157;533;156;533;155;532;154;532;153;531;152;531;151;530;150;530;149;529;148;529;147;528;146;528;145;527;144;527;143;525;141;525;140;524;139;524;138;522;136;522;135;521;134;521;133;519;131;519;130;518;129;518;128;513;123;513;121;510;118;510;117;507;114;507;113;506;113;504;111
156,nasal_cutting_forceps,501;111;498;114;496;114;496;115;495;116;495;118;494;119;494;120;493;121;491;121;488;124;488;125;487;126;486;126;485;127;484;127;483;128;482;128;481;129;479;129;475;133;474;133;474;136;470;140;469;140;465;144;463;144;462;145;462;146;461;147;459;147;457;149;456;149;453;152;452;152;451;153;450;153;448;155;447;155;446;156;446;157;447;158;443;162;442;162;441;163;439;163;438;164;437;164;435;166;434;166;432;168;432;169;431;170;430;170;429;171;427;171;426;170;425;170;424;171;423;171;423;172;421;174;421;175;420;176;419;176;418;177;417;177;416;178;415;178;414;179;414;180;411;183;411;184;410;185;410;186;409;187;408;187;407;188;406;188;402;192;401;192;400;193;400;195;399;196;399;197;398;198;398;200;396;202;396;203;395;204;394;204;393;203;392;203;390;205;389;205;389;206;388;207;388;208;387;209;387;210;385;212;387;214;387;215;379;223;379;225;378;226;378;227;376;229;376;230;375;231;374;231;371;234;370;234;369;235;369;237;363;243;363;244;362;245;361;245;360;246;360;247;358;249;358;250;354;254;354;255;352;257;352;260;347;265;347;266;346;267;346;268;345;269;343;269;342;270;341;270;337;274;337;279;336;280;334;280;333;281;332;281;331;280;330;280;327;283;327;287;325;289;325;290;323;292;323;294;322;295;321;295;321;296;319;298;318;298;318;299;316;301;315;301;314;300;314;299;313;299;313;302;310;305;309;305;308;306;308;308;306;310;306;311;304;313;302;313;301;314;299;314;298;315;296;315;295;316;295;317;294;318;293;318;289;322;289;324;286;327;286;328;285;329;285;331;284;332;284;334;283;335;283;336;282;337;282;338;281;339;281;341;280;342;280;345;279;346;279;353;278;354;278;361;277;362;277;376;278;377;278;380;280;382;280;385;281;386;281;387;285;391;285;393;288;396;288;398;290;398;291;399;293;399;294;400;295;400;298;403;300;403;301;404;305;404;306;405;310;405;311;406;312;406;313;407;315;405;322;405;323;406;324;406;327;409;332;409;333;410;339;410;340;411;343;411;344;412;346;412;347;413;348;413;349;414;350;414;351;415;352;415;353;416;356;416;357;417;360;417;361;418;362;418;363;419;368;419;369;420;370;419;380;419;383;416;392;416;394;414;397;414;398;413;400;413;401;412;404;412;405;411;407;411;408;410;412;410;413;409;415;409;415;408;417;406;420;406;421;405;422;405;423;404;425;404;426;403;427;403;428;402;430;402;431;401;432;401;433;400;434;400;435;399;437;399;438;398;440;398;441;397;442;397;443;396;444;396;445;395;447;395;448;394;452;394;453;393;454;393;456;391;457;391;458;390;461;390;462;389;466;389;467;388;470;388;471;387;471;386;472;385;472;383;473;382;483;382;484;383;486;383;487;384;488;383;491;383;492;382;494;382;495;381;498;381;499;380;520;380;521;379;541;379;542;378;548;378;549;377;550;377;551;378;560;378;561;377;569;377;570;376;571;376;572;375;574;375;574;374;575;373;575;372;578;369;578;367;579;366;579;365;580;364;580;329;579;328;579;318;578;317;578;310;577;309;577;301;576;300;576;296;575;295;575;289;574;288;575;287;575;278;576;277;576;274;577;273;577;272;578;271;578;269;579;268;579;267;580;266;580;263;578;261;577;261;569;253;569;252;568;251;568;250;567;249;567;248;566;247;566;245;565;244;565;241;564;240;564;235;563;234;563;231;562;230;562;228;561;227;561;224;560;223;560;222;559;221;559;218;558;217;558;215;557;214;557;211;556;210;556;209;555;208;555;206;554;205;554;203;553;202;553;200;552;199;552;197;551;196;551;195;550;194;550;192;549;191;549;189;548;188;548;187;547;186;547;185;546;184;546;183;545;182;545;180;544;179;544;178;543;177;543;176;542;175;542;173;541;172;541;170;540;169;540;168;539;167;539;166;537;164;537;163;536;162;536;161;535;160;535;159;534;158;534;157;533;156;533;155;532;154;532;153;531;152;531;151;530;150;530;149;529;148;529;147;528;146;528;145;527;144;527;143;525;141;525;140;524;139;524;138;522;136;522;135;521;134;521;133;519;131;519;130;518;129;518;128;516;126;516;125;513;122;513;121;510;118;510;117;508;115;508;114;506;112;505;112;504;111
157,nasal_cutting_forceps,496;109;496;110;495;111;495;112;494;113;494;115;493;116;492;115;490;115;488;117;485;117;485;119;483;121;483;122;482;123;478;123;477;124;474;124;473;125;473;126;472;127;472;129;471;130;471;133;470;134;468;132;466;134;462;134;460;136;460;137;459;138;456;138;456;140;455;141;454;141;450;145;450;147;447;150;445;150;445;151;442;154;441;154;440;155;439;155;439;156;441;158;441;159;440;160;437;160;436;161;434;161;431;164;430;164;429;165;428;165;427;166;426;166;425;167;422;167;422;169;420;171;417;171;415;173;413;173;412;172;411;173;411;174;410;175;408;175;407;176;405;176;403;174;402;175;401;175;400;176;398;176;396;178;394;178;395;178;396;179;399;179;400;180;403;180;404;181;404;183;403;184;401;182;397;186;396;186;396;187;395;188;395;189;394;190;394;191;393;192;393;194;392;195;391;195;390;194;389;194;389;199;388;200;388;204;387;205;387;207;386;208;385;208;383;210;383;214;380;217;378;217;378;218;379;219;379;221;375;225;373;225;372;226;372;230;371;231;371;234;369;236;367;236;363;240;361;240;361;241;360;242;360;245;357;248;357;249;355;251;355;252;352;255;352;257;351;258;351;261;350;262;350;263;349;264;349;265;348;266;348;268;347;269;345;269;344;270;342;270;341;271;340;271;338;273;337;273;336;272;335;273;332;273;330;275;329;275;328;276;328;277;327;278;325;278;325;279;321;283;320;283;319;284;319;285;318;286;316;286;316;288;315;289;315;291;307;299;307;302;306;303;304;303;302;305;302;306;303;307;302;308;301;308;300;307;299;307;299;308;297;310;296;310;296;311;297;312;297;313;296;314;293;314;290;317;290;319;289;320;289;321;288;322;288;324;287;325;287;328;286;329;286;332;285;333;285;336;284;337;284;338;283;339;283;344;282;345;282;366;283;367;283;368;284;369;284;371;285;372;285;373;286;373;287;374;287;375;288;376;289;376;292;379;292;380;293;380;294;381;295;381;296;382;299;382;300;383;301;383;304;386;305;386;306;387;309;387;310;388;313;388;316;385;324;385;325;386;326;386;327;387;337;387;338;388;341;388;342;389;346;389;347;390;348;389;350;389;351;390;353;390;355;392;356;392;358;394;362;394;364;396;365;395;368;395;369;396;370;396;371;397;383;397;384;398;385;397;389;397;390;396;398;396;401;393;406;393;408;391;411;391;412;390;414;390;415;389;416;389;417;388;422;388;423;387;424;387;425;386;426;386;428;384;431;384;432;383;432;382;434;380;435;380;436;379;441;379;442;378;444;378;445;377;446;377;447;376;449;376;450;377;451;377;452;376;455;376;456;375;457;375;458;374;459;374;460;373;461;374;463;374;464;373;466;373;467;372;470;372;470;370;471;369;471;368;473;366;484;366;485;367;486;367;487;366;489;366;490;365;493;365;496;362;497;362;498;363;499;362;500;362;502;360;506;360;506;358;507;357;512;357;513;356;514;357;520;357;521;356;525;356;526;355;528;355;529;356;544;356;545;355;548;355;549;354;550;355;561;355;562;354;563;354;564;353;568;353;569;352;570;352;570;351;571;350;571;349;572;348;572;344;575;341;577;341;577;339;578;338;578;337;579;336;579;325;578;324;578;314;577;313;577;303;576;302;576;297;575;296;575;289;574;288;574;287;575;286;575;278;576;277;576;274;577;273;577;271;578;270;578;268;580;266;580;263;578;261;577;261;569;253;569;252;568;251;568;250;567;249;567;248;566;247;566;245;565;244;565;241;564;240;564;235;563;234;563;231;562;230;562;228;561;227;561;224;560;223;560;221;559;220;559;218;558;217;558;215;557;214;557;211;556;210;556;209;555;208;555;206;554;205;554;203;553;202;553;200;552;199;552;197;551;196;551;195;550;194;550;192;549;191;549;190;548;189;548;187;547;186;547;185;546;184;546;182;545;181;545;180;544;179;544;177;543;176;543;175;542;174;542;173;541;172;541;170;540;169;540;168;539;167;539;166;538;165;538;164;536;162;536;161;535;160;535;159;534;158;534;156;533;155;533;154;532;153;532;152;531;151;531;150;530;149;530;148;529;147;529;146;528;145;528;144;526;142;526;141;525;140;525;139;523;137;523;136;521;134;521;133;520;132;520;131;519;130;519;129;516;126;516;125;514;123;514;122;510;118;510;116;509;116;508;115;508;114;507;113;507;112;506;112;504;110;499;110;498;109
158,nasal_cutting_forceps,496;104;494;106;494;107;491;110;489;110;488;111;487;111;486;110;485;110;482;113;478;113;477;114;473;114;473;116;472;117;472;118;471;119;471;122;470;123;468;123;466;125;462;125;461;126;461;127;456;132;455;132;454;133;451;133;451;134;450;135;450;136;448;138;445;138;445;139;442;142;441;142;440;143;439;143;438;144;437;144;436;145;433;145;431;147;429;147;424;152;424;153;423;154;421;154;420;155;418;155;417;156;418;157;420;157;421;158;420;159;418;159;417;160;416;160;415;161;412;161;411;162;411;163;410;164;409;164;407;166;406;166;405;167;405;168;401;172;400;172;400;173;397;176;395;176;394;177;391;177;390;178;389;178;393;178;394;179;398;179;400;181;400;182;399;183;399;184;397;186;396;186;394;188;394;189;393;190;394;191;394;193;393;194;393;196;389;200;389;201;390;202;390;204;388;206;388;207;386;209;386;210;384;212;386;214;386;215;384;217;382;217;380;215;380;216;379;217;378;217;378;220;376;222;376;223;375;224;373;224;372;225;368;225;366;227;366;228;365;229;365;230;364;231;363;231;360;234;360;238;359;239;359;240;357;242;357;244;354;247;353;247;349;251;349;252;341;260;340;260;339;261;338;261;337;262;337;263;336;264;335;264;334;265;334;266;333;267;332;267;331;266;331;265;330;265;330;268;329;269;327;269;320;276;319;276;316;279;315;279;314;278;314;277;313;276;312;277;312;278;311;279;311;282;310;283;310;284;307;287;307;290;306;291;305;291;303;293;303;296;302;297;301;297;300;298;300;300;294;306;294;307;293;308;293;311;292;312;292;313;289;316;289;319;288;320;288;325;287;326;287;332;286;333;286;340;285;341;285;354;286;355;286;358;289;361;289;362;294;367;295;367;296;368;297;368;299;370;300;370;301;371;302;371;303;372;305;372;306;373;306;374;307;374;308;375;311;375;312;376;313;376;314;375;315;375;316;374;319;374;320;375;331;375;332;376;341;376;342;377;351;377;352;378;361;378;362;379;364;379;365;380;366;380;367;381;370;381;371;382;385;382;386;383;387;382;389;382;390;381;393;381;394;380;399;380;400;379;404;379;405;378;408;378;409;377;411;377;412;376;414;376;415;375;416;376;417;376;418;375;421;375;423;373;426;373;429;370;430;370;432;368;433;368;434;367;436;367;437;366;439;366;440;365;443;365;446;362;448;362;449;361;450;361;451;360;453;360;456;357;459;357;460;356;462;356;463;355;466;355;467;354;470;354;472;352;472;350;474;348;475;349;479;349;480;348;484;348;486;346;488;346;489;345;493;345;495;343;498;343;499;342;501;342;502;341;504;341;505;340;510;340;512;338;514;338;515;337;519;337;520;336;522;336;523;335;526;335;527;334;532;334;533;333;539;333;540;334;544;334;545;333;548;333;549;332;550;332;551;333;555;333;556;332;559;332;560;331;563;331;564;330;565;331;572;331;573;330;574;330;574;326;573;325;573;324;574;323;574;322;575;321;576;321;577;320;577;307;576;306;576;300;575;299;575;292;574;291;574;282;575;281;575;277;576;276;576;274;577;273;577;271;578;270;578;268;579;267;579;266;580;265;580;264;579;263;579;262;578;262;569;253;569;252;568;251;568;250;567;249;567;248;566;247;566;245;565;244;565;242;564;241;564;236;563;235;563;231;562;230;562;228;561;227;561;224;560;223;560;222;559;221;559;218;558;217;558;215;557;214;557;211;556;210;556;209;555;208;555;206;554;205;554;203;553;202;553;200;552;199;552;197;551;196;551;195;550;194;550;193;549;192;549;190;548;189;548;187;547;186;547;184;546;183;546;182;545;181;545;180;544;179;544;178;543;177;543;175;542;174;542;173;541;172;541;170;540;169;540;168;539;167;539;166;537;164;537;163;536;162;536;161;535;160;535;159;534;158;534;156;533;155;533;154;532;153;532;152;531;151;531;150;530;149;530;148;529;147;529;146;528;145;528;144;526;142;526;141;525;140;525;139;524;138;524;137;522;135;522;134;520;132;520;131;519;130;519;129;517;127;517;126;514;123;514;122;513;121;513;120;510;117;510;116;508;114;508;113;507;112;507;111;506;111;504;109;504;108;503;108;502;107;502;105;500;105;499;104
159,nasal_cutting_forceps,494;97;493;98;485;98;484;99;483;99;481;101;479;101;476;104;475;104;474;103;473;103;471;105;467;105;463;109;461;109;460;110;457;110;454;113;451;113;450;114;450;115;448;117;446;117;443;120;442;120;440;122;438;122;435;125;434;125;431;128;430;127;429;127;428;128;428;129;427;130;427;131;425;133;423;133;422;134;422;135;421;136;421;137;420;138;419;137;417;137;417;138;415;140;414;140;411;143;410;143;409;144;409;146;408;147;406;147;406;148;405;149;405;151;403;153;403;154;402;155;401;155;401;157;402;158;400;160;400;162;397;165;397;168;398;169;398;170;395;173;395;175;394;176;392;176;390;178;389;178;392;178;394;180;394;181;393;182;393;183;392;184;391;184;390;185;389;185;389;186;388;187;388;189;387;190;387;193;385;195;384;195;383;196;383;197;382;198;381;198;380;199;380;200;378;202;378;204;377;205;377;206;372;211;372;212;370;214;369;214;368;215;367;215;367;216;366;217;366;218;364;220;363;220;363;221;360;224;360;226;359;227;359;228;356;231;356;232;354;234;354;235;351;238;350;238;349;239;349;241;348;242;347;242;346;243;346;244;343;247;342;247;339;250;338;250;336;252;335;252;334;253;334;254;332;256;331;256;331;257;330;258;329;258;328;259;328;260;323;265;323;266;316;273;314;271;313;271;308;276;307;276;307;279;306;280;305;280;305;281;304;282;304;284;303;285;303;286;301;288;302;289;302;291;301;292;299;292;298;293;297;293;296;294;297;295;297;296;296;297;295;297;294;296;294;298;293;299;293;302;292;303;292;306;291;307;291;309;290;310;290;311;291;312;291;313;290;314;288;314;288;315;287;316;287;319;286;320;286;325;285;326;285;337;284;338;284;343;285;344;285;349;286;350;286;351;287;352;287;353;293;359;294;359;295;360;299;360;302;363;303;363;304;364;309;364;310;365;313;365;314;364;315;364;315;363;316;362;317;363;324;363;325;364;327;364;328;365;343;365;344;366;352;366;353;367;357;367;358;368;362;368;363;369;364;369;365;370;371;370;372;371;376;371;377;370;381;370;382;369;387;369;388;368;392;368;393;367;395;367;396;366;399;366;400;365;402;365;403;364;407;364;408;363;409;363;412;360;414;360;415;359;417;359;419;357;421;357;422;356;426;356;427;355;428;355;429;354;431;354;432;353;433;353;434;352;435;352;436;351;437;351;439;349;441;349;442;348;443;348;445;346;447;346;448;345;449;345;450;344;453;344;454;343;457;343;458;342;460;342;462;340;465;340;468;337;469;337;470;336;476;336;477;335;479;335;480;334;481;334;482;333;483;333;484;334;485;334;486;333;487;333;488;332;489;332;490;331;492;331;493;330;495;330;496;329;497;329;498;328;499;328;499;325;501;323;502;323;503;322;509;322;510;321;511;321;512;320;516;320;517;319;524;319;525;318;533;318;534;317;535;317;536;316;542;316;543;315;544;315;547;312;558;312;559;311;566;311;567;310;569;310;570;309;571;309;572;308;573;308;573;304;575;302;575;293;574;292;574;282;575;281;575;276;576;275;576;273;577;272;577;270;578;269;578;267;579;266;579;262;578;262;569;253;569;252;568;251;568;250;567;249;567;248;566;247;566;246;565;245;565;242;564;241;564;236;563;235;563;231;562;230;562;228;561;227;561;224;560;223;560;221;559;220;559;218;558;217;558;215;557;214;557;211;556;210;556;209;555;208;555;206;554;205;554;203;553;202;553;200;552;199;552;197;551;196;551;195;550;194;550;192;549;191;549;190;548;189;548;188;547;187;547;185;546;184;546;183;545;182;545;180;544;179;544;178;543;177;543;175;542;174;542;173;541;172;541;170;540;169;540;168;539;167;539;166;537;164;537;163;536;162;536;160;535;159;535;158;534;157;534;156;533;155;533;154;532;153;532;152;531;151;531;150;530;149;530;148;529;147;529;146;528;145;528;144;526;142;526;141;525;140;525;139;524;138;524;137;522;135;522;134;520;132;520;131;519;130;519;129;518;128;518;127;515;124;515;123;513;121;513;120;510;117;510;116;509;115;509;114;507;112;507;111;502;106;502;105;499;102;499;101;496;98;496;97
160,nasal_cutting_forceps,473;81;472;82;472;83;468;87;467;87;465;89;459;89;458;88;459;87;460;87;460;84;459;84;457;82;456;82;456;83;457;83;458;84;458;86;457;87;455;87;454;86;454;85;454;86;455;87;455;91;454;92;453;92;452;91;452;89;451;88;451;90;450;91;450;92;449;93;449;94;448;95;447;95;446;94;447;95;447;97;446;98;445;98;444;99;444;102;443;103;441;103;440;102;439;103;438;103;437;104;434;104;433;105;433;107;432;108;431;108;431;109;430;110;428;110;428;112;427;113;427;114;426;115;423;115;422;116;422;117;421;118;420;118;418;120;417;120;416;121;415;121;413;123;413;124;404;133;404;137;403;138;402;138;401;139;400;139;401;140;401;141;398;144;398;148;397;149;395;149;394;150;394;151;390;155;389;155;389;157;390;158;389;159;389;162;387;164;386;164;386;167;387;168;387;172;386;173;385;173;384;172;383;172;382;173;381;173;383;173;384;174;384;175;383;176;381;176;381;177;380;178;381;178;384;181;382;183;382;184;380;186;380;188;378;190;378;191;379;192;375;196;374;196;374;198;370;202;368;202;367;203;366;203;365;204;365;205;363;207;362;207;361;206;361;209;359;211;359;212;358;213;358;214;355;217;355;220;351;224;351;225;349;227;349;228;346;231;345;231;345;232;344;233;343;233;336;240;335;240;332;243;330;243;330;244;327;247;327;248;326;249;326;250;323;253;323;254;322;255;319;255;317;257;316;257;316;258;315;259;315;260;314;261;314;262;310;266;309;266;308;267;308;268;307;269;305;269;302;272;302;273;300;275;300;277;299;278;298;278;298;279;296;281;295;281;294;282;294;283;293;284;293;290;292;291;292;292;291;293;289;293;288;294;288;297;287;298;287;300;286;301;286;303;285;304;285;305;284;306;284;308;283;309;283;313;282;314;282;319;281;320;281;343;282;344;282;346;283;347;283;349;286;352;287;352;289;354;290;354;291;355;292;355;294;357;295;357;296;358;297;358;298;359;300;359;301;360;303;360;305;362;306;362;307;363;308;363;309;364;313;364;314;363;314;362;315;361;315;359;316;358;317;359;319;359;320;360;325;360;326;361;328;361;329;362;330;362;331;361;345;361;346;362;348;362;349;361;350;361;351;362;354;362;355;363;356;363;357;364;364;364;365;365;371;365;372;366;375;366;376;365;380;365;381;364;384;364;385;363;387;363;389;361;397;361;398;360;400;360;401;359;406;359;408;357;409;357;410;356;413;356;414;355;415;355;416;354;418;354;419;353;420;353;421;352;422;352;423;351;424;351;425;350;427;350;428;349;429;349;432;346;434;346;435;345;437;345;439;343;440;343;441;342;443;342;444;341;445;341;447;339;450;339;451;338;454;338;454;337;456;335;457;335;458;334;460;334;461;333;463;333;464;332;467;332;468;331;469;331;470;330;471;330;471;329;472;328;472;327;474;325;478;325;479;324;481;324;482;323;483;323;484;322;485;322;486;321;488;321;489;320;492;320;493;319;498;319;499;318;500;318;502;316;505;316;505;315;504;315;503;314;503;313;504;312;505;312;506;313;508;313;509;312;514;312;515;311;517;311;518;312;519;312;520;311;526;311;527;310;528;310;529;311;531;311;532;310;537;310;538;309;539;309;540;310;542;310;543;309;546;309;547;308;548;308;549;307;555;307;556;306;557;306;558;305;561;305;563;303;564;303;565;302;567;302;568;301;569;301;570;300;571;300;573;298;573;297;574;296;574;281;575;280;575;276;576;275;576;273;577;272;577;269;578;268;578;267;579;266;579;263;569;253;569;252;568;251;568;250;567;249;567;248;566;247;566;246;565;245;565;241;564;240;564;235;563;234;563;231;562;230;562;228;561;227;561;224;560;223;560;222;559;221;559;218;558;217;558;215;557;214;557;211;556;210;556;209;555;208;555;206;554;205;554;203;553;202;553;200;552;199;552;197;551;196;551;195;550;194;550;193;549;192;549;190;548;189;548;187;547;186;547;185;546;184;546;183;545;182;545;180;544;179;544;178;543;177;543;175;542;174;542;173;541;172;541;170;540;169;540;168;539;167;539;166;537;164;537;163;536;162;536;160;535;159;535;158;534;157;534;156;533;155;533;154;532;153;532;152;531;151;531;150;530;149;530;148;529;147;529;146;528;145;528;144;526;142;526;141;525;140;525;139;524;138;524;137;522;135;522;134;520;132;520;131;519;130;519;129;518;128;518;127;516;125;516;124;514;122;514;121;511;118;511;117;510;116;510;115;508;113;508;112;507;111;507;110;506;110;505;109;505;108;503;106;503;105;500;102;500;101;497;98;497;97;493;93;493;92;490;89;490;88;489;88;488;87;488;86;487;85;486;85;485;84;485;83;481;83;480;82;478;82;477;83;476;83;474;81
161,nasal_cutting_forceps,462;61;462;62;461;63;461;64;460;65;460;66;461;67;461;69;460;70;457;70;456;71;456;72;454;74;453;74;453;75;451;77;451;78;449;80;449;81;448;82;445;82;445;84;446;85;442;89;441;89;440;90;439;90;438;91;437;91;436;92;435;92;433;94;433;95;432;96;431;96;428;99;428;101;425;104;424;104;423;105;423;106;414;115;413;115;412;116;412;117;408;121;408;122;407;123;407;124;401;130;401;131;399;133;399;137;395;141;395;142;394;143;394;146;395;147;389;153;389;154;388;155;388;156;389;157;389;159;388;160;388;161;387;162;387;163;386;164;385;164;385;165;384;166;382;166;381;165;379;167;379;170;378;171;378;172;377;173;377;174;375;176;375;177;374;178;376;180;376;183;375;184;372;184;372;185;371;186;369;186;366;189;366;192;365;193;365;195;361;199;360;199;359;198;358;198;358;199;357;200;357;201;359;203;358;204;358;205;356;207;356;209;354;211;354;215;351;218;350;218;350;219;349;220;349;221;348;222;348;223;347;224;346;224;340;230;339;230;339;231;338;232;336;232;335;233;335;234;334;235;333;235;333;236;330;239;329;239;327;241;327;242;325;244;325;245;324;246;323;246;318;251;317;251;316;252;316;253;308;261;308;262;307;263;306;263;305;264;305;265;304;266;304;267;302;269;301;269;300;270;299;270;297;272;297;274;295;276;295;277;294;278;294;279;293;280;293;281;292;282;292;286;291;287;291;290;288;293;288;294;287;295;287;298;286;299;286;303;285;304;285;308;284;309;284;314;283;315;283;325;282;326;282;335;283;336;283;338;284;339;284;340;285;341;285;342;286;343;286;344;291;349;292;349;293;350;294;350;297;353;298;353;299;354;302;354;303;355;304;355;305;356;308;356;309;357;312;357;313;358;313;357;314;356;314;355;315;354;315;353;316;352;320;352;321;353;341;353;342;354;350;354;351;355;361;355;362;356;364;356;365;357;369;357;370;358;385;358;386;357;390;357;391;356;393;356;394;355;397;355;398;354;399;354;400;353;402;353;403;352;406;352;407;351;409;351;411;349;414;349;415;348;416;348;417;347;418;347;419;346;420;346;421;345;422;345;423;344;426;344;429;341;431;341;432;340;433;340;434;339;435;339;436;338;438;338;441;335;442;335;443;334;444;334;445;333;447;333;448;332;450;332;451;331;454;331;455;330;456;330;457;329;458;329;459;328;463;328;464;327;465;327;465;325;466;324;467;324;468;323;471;323;471;322;473;320;475;320;476;319;479;319;480;318;481;318;482;317;483;317;484;316;487;316;484;316;481;313;482;312;484;312;485;311;488;311;489;310;497;310;498;309;499;309;500;308;502;308;503;307;506;307;507;308;509;308;510;307;512;307;513;306;516;306;517;305;522;305;525;302;527;302;528;301;531;301;532;300;534;300;535;299;542;299;543;298;547;298;548;297;556;297;557;296;558;296;561;293;560;293;559;292;558;292;557;291;559;289;562;289;563;290;564;290;565;289;568;289;569;288;571;288;573;286;573;283;574;282;574;279;575;278;575;274;576;273;576;272;577;271;577;269;578;268;578;266;579;265;579;263;573;257;572;257;570;255;570;254;569;253;569;252;567;250;567;248;566;247;566;246;565;245;565;242;564;241;564;236;563;235;563;232;562;231;562;228;561;227;561;225;560;224;560;222;559;221;559;218;558;217;558;215;557;214;557;212;556;211;556;209;555;208;555;206;554;205;554;203;553;202;553;201;552;200;552;197;551;196;551;195;550;194;550;193;549;192;549;190;548;189;548;187;547;186;547;185;546;184;546;183;545;182;545;180;544;179;544;178;543;177;543;175;542;174;542;173;541;172;541;170;540;169;540;168;538;166;538;165;537;164;537;163;536;162;536;160;534;158;534;156;533;155;533;154;532;153;532;152;531;151;531;150;530;149;530;148;529;147;529;146;528;145;528;144;526;142;526;141;525;140;525;139;524;138;524;137;522;135;522;134;520;132;520;131;519;130;519;129;518;128;518;127;516;125;516;124;514;122;514;121;511;118;511;117;510;116;510;115;508;113;508;112;507;111;507;110;503;106;503;105;500;102;500;101;498;99;498;98;495;95;495;94;491;90;491;89;485;83;485;82;484;82;482;80;482;79;473;70;472;70;469;67;469;66;468;65;467;65;465;63;464;63
162,nasal_cutting_forceps,462;60;459;63;458;63;456;65;456;66;458;68;456;70;456;72;454;74;453;74;451;76;451;78;450;79;450;80;449;81;449;82;448;83;447;83;445;85;445;86;444;87;444;88;442;90;441;90;439;92;438;92;435;95;434;95;434;96;430;100;430;102;429;103;428;103;425;106;424;106;423;107;423;108;422;109;422;110;421;111;421;112;418;115;417;115;411;121;411;122;410;123;410;125;405;130;405;131;404;132;404;134;403;135;403;136;400;139;400;140;398;142;398;143;397;144;397;147;396;148;396;149;392;153;392;154;390;156;391;157;391;159;389;161;389;163;386;166;386;170;384;172;382;172;381;173;381;175;380;176;380;177;378;179;378;180;376;182;376;183;372;187;371;187;370;188;370;189;369;190;369;192;367;194;367;195;366;196;366;197;365;198;365;199;364;200;364;201;363;202;363;204;362;205;362;206;361;207;360;207;359;208;359;209;358;210;358;213;357;214;357;216;356;217;356;218;353;221;353;222;350;225;349;225;348;226;347;226;342;231;341;231;340;232;340;233;339;234;338;234;338;235;336;237;335;237;335;238;331;242;330;242;329;243;329;244;325;248;324;248;315;257;314;257;307;264;306;264;304;266;304;267;301;270;300;270;298;272;298;273;295;276;295;277;294;278;294;279;293;280;293;283;292;284;292;286;291;287;291;290;289;292;289;293;288;294;288;296;287;297;287;301;286;302;286;304;285;305;285;309;284;310;284;314;283;315;283;324;282;325;282;338;283;339;283;340;284;341;284;343;285;344;285;345;286;346;286;347;288;349;290;349;291;350;291;352;292;353;292;354;294;356;295;356;296;357;297;357;298;358;300;358;301;359;308;359;309;360;314;360;315;359;317;359;318;358;319;358;320;359;337;359;338;360;339;360;340;359;343;359;344;360;345;359;346;359;347;360;353;360;354;361;355;361;356;362;359;362;361;364;362;363;364;363;365;364;366;364;367;365;379;365;381;367;382;366;382;365;383;364;385;364;386;365;387;364;391;364;392;363;398;363;399;362;400;362;401;361;404;361;405;362;408;362;409;361;410;361;411;360;412;360;413;359;416;359;416;356;417;355;418;355;419;356;420;356;420;355;422;353;429;353;430;352;431;352;432;351;432;350;434;348;436;348;437;347;438;347;440;345;442;345;445;342;448;342;449;341;452;341;453;340;454;340;457;337;458;337;459;336;461;336;462;335;463;335;464;334;465;334;468;331;470;331;471;330;471;329;472;328;472;326;474;324;477;324;479;322;480;322;481;321;483;321;484;320;485;320;486;319;487;319;488;318;490;318;491;317;492;317;493;316;495;316;496;315;500;315;501;314;506;314;507;315;508;314;510;314;511;313;517;313;518;314;519;314;520;313;526;313;527;312;528;313;530;313;531;312;533;312;534;311;534;310;535;309;536;309;537;310;544;310;546;308;547;308;549;306;550;306;551;307;551;308;554;308;555;307;556;307;557;306;557;305;558;304;559;304;560;303;562;303;563;304;564;303;565;303;567;301;567;299;574;292;574;282;575;281;575;276;576;275;576;273;577;272;577;270;578;269;578;267;579;266;579;263;569;253;569;252;568;251;568;250;567;249;567;248;566;247;566;246;565;245;565;241;564;240;564;235;563;234;563;231;562;230;562;228;561;227;561;224;560;223;560;221;559;220;559;218;558;217;558;215;557;214;557;211;556;210;556;209;555;208;555;206;554;205;554;203;553;202;553;200;552;199;552;197;551;196;551;195;550;194;550;192;549;191;549;189;548;188;548;187;547;186;547;185;546;184;546;183;545;182;545;180;544;179;544;178;543;177;543;175;542;174;542;173;541;172;541;171;540;170;540;168;539;167;539;166;537;164;537;163;536;162;536;160;535;159;535;158;534;157;534;156;533;155;533;154;532;153;532;152;531;151;531;150;530;149;530;148;529;147;529;146;528;145;528;144;525;141;525;139;524;138;524;137;522;135;522;134;520;132;520;131;519;130;519;129;518;128;518;127;515;124;515;123;514;122;514;121;511;118;511;117;510;116;510;115;508;113;508;112;507;111;507;110;506;110;505;109;505;108;503;106;503;105;500;102;500;101;497;98;497;97;495;95;495;94;493;92;493;91;492;91;491;90;491;89;485;83;485;82;484;82;482;80;482;79;465;62;464;62
163,nasal_cutting_forceps,461;60;460;61;457;61;456;62;455;62;454;63;453;63;451;65;451;67;452;68;451;69;451;70;450;71;450;72;444;78;444;80;441;83;440;83;440;85;439;86;437;86;435;88;434;88;434;89;430;93;429;93;428;94;428;96;427;97;427;98;424;101;424;102;422;104;422;105;420;107;420;108;416;112;416;113;414;115;414;116;412;118;412;119;411;120;411;121;410;122;410;124;406;128;406;129;405;130;405;131;403;133;403;136;400;139;400;140;399;141;399;142;397;144;397;148;394;151;394;152;393;153;393;154;390;157;390;158;389;159;389;160;388;161;388;162;384;166;384;167;383;168;383;169;379;173;379;174;377;176;377;177;376;178;376;181;374;183;373;183;372;184;372;185;371;186;370;186;366;190;366;191;367;192;363;196;363;198;362;199;362;203;360;205;359;205;356;208;356;209;352;213;352;214;351;215;350;215;349;216;349;217;348;218;348;219;347;220;346;220;346;221;343;224;342;224;341;225;340;225;335;230;334;230;331;233;331;234;326;239;326;240;321;245;320;245;318;247;317;247;317;248;315;250;314;250;314;251;313;252;312;252;309;255;308;255;308;256;305;259;305;260;304;261;304;262;303;263;303;264;302;265;302;267;300;269;299;269;297;271;297;274;296;275;296;276;295;277;295;279;294;280;294;283;293;284;293;292;292;293;292;299;291;300;291;310;290;311;290;321;291;322;291;329;292;330;292;331;293;332;293;333;296;336;296;338;297;338;299;340;299;341;301;341;302;342;306;342;307;343;308;343;309;344;311;344;312;345;313;345;315;343;328;343;329;344;333;344;334;345;335;345;336;346;338;346;339;345;343;345;344;344;346;344;347;343;352;343;353;342;355;342;356;341;358;341;359;342;360;342;361;343;362;342;365;342;366;341;368;341;369;340;371;340;372;339;374;341;376;341;377;340;380;340;382;342;403;342;404;341;405;341;406;340;409;340;410;339;412;339;413;338;420;338;421;337;425;337;426;336;429;336;430;335;431;335;432;334;435;334;436;333;438;333;439;332;444;332;445;331;447;331;448;330;452;330;453;329;456;329;457;328;459;328;460;327;463;327;463;325;465;323;466;324;467;324;468;325;470;325;471;324;471;322;472;321;472;320;473;319;473;318;474;317;477;317;478;316;477;315;474;315;472;313;473;312;475;312;476;311;482;311;483;312;487;312;488;311;488;310;491;307;491;306;493;304;494;304;496;306;496;307;500;303;500;302;502;300;503;300;505;298;507;298;508;297;509;297;514;292;515;292;516;291;517;291;518;290;520;290;521;289;524;289;525;288;526;288;527;287;531;287;532;286;535;286;536;285;538;285;539;284;542;284;543;283;546;283;547;282;556;282;558;280;562;280;563;281;565;281;566;282;568;280;572;280;573;279;574;279;574;277;575;276;575;273;577;271;577;267;578;266;578;262;577;262;573;258;573;257;572;257;570;255;570;254;569;253;569;252;568;251;568;250;567;249;567;248;566;247;566;246;565;245;565;242;564;241;564;236;563;235;563;232;562;231;562;229;561;228;561;226;560;225;560;222;559;221;559;219;558;218;558;215;557;214;557;212;556;211;556;209;555;208;555;206;554;205;554;203;553;202;553;200;552;199;552;197;551;196;551;195;550;194;550;193;549;192;549;190;548;189;548;188;547;187;547;185;546;184;546;183;545;182;545;180;544;179;544;178;543;177;543;175;542;174;542;173;541;172;541;170;540;169;540;168;539;167;539;166;537;164;537;163;536;162;536;161;535;160;535;158;534;157;534;156;533;155;533;154;531;152;531;150;530;149;530;148;529;147;529;146;528;145;528;144;526;142;526;141;525;140;525;139;524;138;524;137;522;135;522;134;520;132;520;131;519;130;519;129;518;128;518;127;517;126;517;125;514;122;514;121;512;119;512;118;510;116;510;115;508;113;508;112;507;111;507;110;504;107;504;106;501;103;501;102;498;99;498;98;496;96;496;95;493;92;493;91;492;91;491;90;491;89;486;84;486;83;480;77;480;76;476;72;475;72;473;70;473;69;468;64;467;64;465;62;464;62;462;60
164,nasal_cutting_forceps,451;49;450;50;450;52;449;53;449;58;447;60;446;60;446;62;443;65;443;66;442;67;440;67;439;68;439;70;438;71;438;72;437;73;436;73;436;74;434;76;433;76;433;77;430;80;428;80;428;81;427;82;427;83;422;88;422;92;421;93;421;94;420;95;419;95;417;97;417;98;416;99;416;102;412;106;412;107;411;108;411;109;410;110;410;113;409;114;409;115;408;116;406;116;406;119;404;121;403;121;402;122;402;123;401;124;401;125;400;126;400;127;399;128;399;129;397;131;397;132;396;133;396;134;395;135;395;136;394;137;394;139;393;140;393;141;392;142;392;143;391;144;391;145;390;146;390;147;389;148;389;150;388;151;388;152;387;153;387;155;383;159;383;160;381;162;381;163;378;166;378;167;377;168;377;169;376;170;376;171;373;174;373;175;372;176;371;176;369;178;368;178;369;179;369;181;368;182;367;182;361;188;360;188;359;189;358;189;358;190;356;192;356;193;349;200;348;200;347;201;347;202;346;203;346;204;345;205;344;205;343;206;343;207;342;208;341;208;338;211;336;211;335;212;336;213;336;216;335;217;333;217;333;218;334;219;334;221;333;222;332;222;330;224;325;224;321;228;321;229;319;231;318;231;318;232;316;234;313;234;313;235;314;236;314;241;313;242;312;242;312;244;311;245;310;245;308;247;304;247;304;248;303;249;303;251;302;252;302;253;301;254;301;257;299;259;299;263;298;264;298;268;297;269;297;270;296;271;296;280;295;281;295;292;294;293;294;311;295;312;295;314;296;315;296;316;297;317;297;318;300;321;301;321;303;323;303;324;304;324;305;325;306;325;308;327;309;326;310;326;311;327;312;327;313;328;314;328;315;327;317;327;318;328;319;328;320;327;323;327;324;328;327;328;328;329;330;329;331;328;332;328;333;327;334;327;335;328;336;328;337;327;343;327;344;326;345;327;349;327;350;326;351;327;353;327;354;326;364;326;365;325;367;325;368;324;370;324;371;323;372;323;373;322;378;322;379;323;388;323;389;322;392;322;393;323;397;323;398;322;407;322;408;321;412;321;413;320;416;320;417;319;419;319;420;318;421;318;422;317;425;317;426;316;428;316;429;315;430;315;430;314;432;312;434;312;435;311;442;311;443;310;446;310;447;309;448;309;450;307;451;307;452;306;453;306;454;305;455;305;456;304;457;304;458;303;459;303;462;300;463;300;464;299;469;299;470;298;471;298;471;297;473;295;473;294;474;293;475;293;476;294;477;293;476;292;475;292;474;291;475;290;481;290;482;289;484;291;485;291;487;289;488;289;489;288;490;288;492;286;492;285;493;284;495;284;496;285;498;283;499;283;499;280;501;278;502;278;503;277;507;277;508;276;509;276;510;275;511;275;514;272;515;272;516;271;518;271;520;269;520;268;521;267;523;267;524;266;526;266;527;265;528;266;530;266;531;265;535;265;536;264;539;264;540;263;544;263;545;262;547;262;548;261;552;261;553;260;556;260;557;259;562;259;563;260;567;260;568;259;569;259;571;257;569;255;569;254;568;253;568;251;567;250;567;249;566;248;566;247;565;246;565;243;564;242;564;237;563;236;563;232;562;231;562;229;561;228;561;226;560;225;560;223;559;222;559;219;558;218;558;215;557;214;557;212;556;211;556;209;555;208;555;206;554;205;554;204;553;203;553;201;552;200;552;198;551;197;551;195;550;194;550;193;549;192;549;190;548;189;548;187;547;186;547;185;546;184;546;183;545;182;545;181;544;180;544;178;543;177;543;176;542;175;542;173;541;172;541;171;540;170;540;168;539;167;539;166;537;164;537;163;536;162;536;161;535;160;535;159;534;158;534;156;532;154;532;153;531;152;531;150;530;149;530;148;529;147;529;146;528;145;528;144;526;142;526;141;525;140;525;139;524;138;524;137;522;135;522;134;520;132;520;131;519;130;519;129;518;128;518;127;515;124;515;123;514;122;514;121;511;118;511;117;510;116;510;115;508;113;508;112;507;111;507;110;505;108;505;107;502;104;502;103;498;99;498;98;496;96;496;95;493;92;493;91;486;84;486;83;480;77;480;76;471;67;471;66;470;65;469;65;457;53;456;53;454;51;453;51
165,nasal_cutting_forceps,467;65;467;67;468;67;469;68;466;71;466;72;465;73;464;73;463;74;461;74;458;77;458;80;456;82;456;83;451;88;450;88;449;89;449;91;448;92;448;93;447;94;446;94;442;98;442;99;441;100;441;102;436;107;435;107;434;108;434;109;433;110;433;113;432;114;432;116;430;118;429;118;428;119;428;120;427;121;427;122;425;124;425;125;423;127;423;128;421;130;421;131;419;133;420;134;420;136;412;144;412;145;411;146;411;147;410;148;410;149;407;152;407;153;406;154;405;154;404;155;403;155;403;160;401;162;400;162;396;166;396;167;395;168;394;168;393;169;391;169;387;173;387;174;384;177;383;177;381;175;381;174;380;174;380;175;374;181;374;183;372;185;370;185;368;187;367;187;367;188;366;189;366;190;365;191;365;192;364;193;364;194;362;196;362;197;361;198;358;198;356;200;356;201;357;201;358;202;358;204;353;209;352;209;352;210;350;212;351;213;351;215;350;216;349;216;347;218;345;218;343;220;342;220;342;221;341;222;341;223;340;224;340;226;338;228;337;228;335;230;333;230;330;233;330;234;329;235;329;237;328;238;327;238;326;239;325;239;324;240;323;240;322;241;321;241;319;243;318;243;318;244;317;245;316;245;316;247;314;249;314;252;312;254;311;254;311;256;310;257;310;259;309;260;309;261;308;262;308;264;307;265;307;286;308;287;308;291;307;292;307;293;306;294;306;311;307;312;307;322;308;323;308;324;309;325;309;326;310;326;311;327;311;328;312;329;314;329;315;330;317;330;318;329;319;329;321;331;324;331;325;332;326;332;327;333;332;333;333;334;334;334;335;335;336;335;338;333;342;333;343;334;347;334;349;336;349;337;351;337;351;336;352;335;353;336;354;336;355;337;358;337;359;336;360;336;362;334;365;334;365;333;366;332;367;332;368;333;368;334;370;334;371;335;374;335;375;334;376;335;377;335;378;336;379;335;381;335;382;336;384;336;385;335;387;335;389;337;390;337;391;338;398;338;399;339;405;339;406;340;409;340;410;339;421;339;422;338;424;338;425;337;426;337;428;339;429;339;430;338;429;337;429;335;430;334;432;334;434;332;435;332;437;334;439;332;442;332;444;330;445;330;445;329;446;328;447;328;448;327;451;327;451;324;452;323;453;323;457;319;458;319;459;318;461;318;462;319;463;318;464;318;466;316;466;315;465;315;464;314;463;314;462;313;463;312;464;312;465;311;466;311;466;310;467;309;469;309;470;310;471;310;472;309;475;309;476;310;476;309;477;308;479;308;480;307;481;307;482;306;484;308;485;308;493;300;494;300;495;299;495;297;496;296;497;296;498;295;499;295;501;293;502;293;503;292;507;292;510;289;512;291;513;291;515;289;516;289;517;288;517;287;519;285;520;285;521;286;522;285;524;285;524;284;525;283;525;282;527;280;528;281;528;282;529;282;530;283;531;282;530;281;530;279;531;278;532;278;533;277;534;277;534;276;535;275;536;275;537;276;537;277;538;277;539;276;539;273;541;271;542;271;543;270;553;270;555;268;557;268;557;266;558;265;560;265;562;267;562;268;563;269;563;270;564;270;566;268;569;268;568;267;568;265;570;263;570;262;571;261;572;261;572;257;570;255;570;254;568;252;568;251;567;250;567;248;566;247;566;246;565;245;565;243;564;242;564;236;563;235;563;232;562;231;562;229;561;228;561;226;560;225;560;222;559;221;559;219;558;218;558;215;557;214;557;212;556;211;556;209;555;208;555;206;554;205;554;203;553;202;553;200;552;199;552;197;551;196;551;195;550;194;550;193;549;192;549;190;548;189;548;188;547;187;547;185;546;184;546;183;545;182;545;180;544;179;544;178;543;177;543;175;542;174;542;173;541;172;541;170;540;169;540;168;538;166;538;165;537;164;537;163;536;162;536;160;535;159;535;158;534;157;534;156;533;155;533;154;532;153;532;152;531;151;531;150;530;149;530;148;529;147;529;146;528;145;528;144;526;142;526;141;525;140;525;139;524;138;524;137;523;136;523;135;520;132;520;131;519;130;519;129;518;128;518;127;516;125;516;124;514;122;514;121;511;118;511;117;509;115;509;114;508;113;508;112;504;108;504;107;502;105;502;104;500;102;500;101;497;98;497;97;494;94;494;93;491;90;491;89;485;83;485;82;479;76;479;75;478;75;472;69;471;69;469;67;469;66;468;65
166,nasal_cutting_forceps,484;83;484;84;481;87;479;87;478;88;479;89;480;89;481;90;481;91;476;96;475;96;473;98;472;98;470;100;469;100;469;101;470;102;465;107;464;107;463;108;462;108;461;109;460;109;457;112;457;113;456;114;456;115;452;119;451;119;451;120;450;121;450;122;449;123;449;124;448;125;448;126;446;128;445;128;445;129;441;133;441;136;439;138;438;138;433;143;433;144;432;145;432;147;429;150;429;151;427;153;427;154;423;158;423;159;418;164;418;165;416;167;417;168;417;169;413;173;412;173;411;174;411;175;410;176;410;179;409;180;409;182;406;185;404;185;403;184;403;180;402;181;401;181;401;182;400;183;400;184;397;187;392;187;391;188;390;188;387;191;386;191;382;195;382;200;380;202;377;202;376;201;375;201;374;202;368;202;363;207;362;207;360;209;359;209;355;213;355;214;349;220;348;220;345;223;344;223;344;224;342;226;341;226;341;227;337;231;336;231;325;242;324;242;319;247;318;247;316;249;316;250;315;251;315;252;313;254;313;256;312;257;312;258;311;259;311;261;310;262;310;264;309;265;309;267;308;268;309;269;309;281;310;282;310;287;311;288;311;302;310;303;310;314;309;315;309;325;310;326;310;331;311;332;311;333;315;337;320;337;321;338;322;338;323;339;324;339;327;342;333;342;335;344;337;344;338;345;345;345;346;346;348;346;349;345;350;345;351;346;354;346;355;345;356;346;359;346;360;345;360;344;361;343;362;344;364;344;365;343;368;343;369;344;371;344;372;343;373;344;374;344;375;345;378;342;379;343;380;343;381;344;382;344;383;343;384;344;387;344;388;343;390;343;392;345;393;345;394;346;397;346;398;347;400;347;401;348;403;348;404;349;405;349;406;350;422;350;423;349;430;349;431;348;432;348;433;347;437;347;438;346;438;345;440;343;441;344;442;344;443;343;444;343;445;342;449;342;450;341;451;341;452;340;453;340;454;339;455;339;456;338;464;338;466;336;470;336;471;335;471;333;472;332;472;331;474;329;475;329;476;328;480;328;481;327;483;327;484;328;485;328;486;327;487;327;487;326;486;325;488;323;489;323;489;322;490;321;491;321;492;322;493;322;495;320;498;320;502;316;505;316;506;317;508;317;509;316;510;316;512;314;513;314;514;313;518;313;519;312;521;312;522;311;522;310;524;308;532;308;534;306;535;306;536;305;537;305;538;304;540;304;541;305;541;302;542;301;544;301;547;298;550;298;551;297;555;297;559;293;559;292;561;290;562;291;562;293;563;294;564;294;564;291;566;289;567;289;567;287;569;285;569;283;571;281;573;281;574;280;574;279;575;278;575;274;576;273;576;272;577;271;577;269;578;268;578;262;577;261;577;260;575;260;574;259;574;258;569;253;569;252;568;251;568;250;567;249;567;248;566;247;566;245;565;244;565;242;564;241;564;236;563;235;563;231;562;230;562;228;561;227;561;225;560;224;560;222;559;221;559;218;558;217;558;215;557;214;557;211;556;210;556;209;555;208;555;206;554;205;554;203;553;202;553;200;552;199;552;197;551;196;551;194;550;193;550;192;549;191;549;190;548;189;548;187;547;186;547;185;546;184;546;182;545;181;545;180;544;179;544;178;543;177;543;175;542;174;542;173;541;172;541;170;540;169;540;168;539;167;539;166;537;164;537;162;536;161;536;160;535;159;535;158;534;157;534;156;533;155;533;154;532;153;532;152;531;151;531;150;530;149;530;148;529;147;529;146;528;145;528;144;526;142;526;141;525;140;525;139;524;138;524;137;522;135;522;134;520;132;520;131;519;130;519;129;518;128;518;127;515;124;515;123;514;122;514;121;511;118;511;117;509;115;509;114;508;113;508;112;507;111;507;110;506;110;505;109;505;108;503;106;503;105;499;101;499;100;496;97;496;96;492;92;491;92;490;91;490;88;489;88
167,nasal_cutting_forceps,496;105;494;107;494;108;493;109;492;109;491;110;492;111;493;111;494;112;494;117;493;118;492;118;491;117;489;119;488;119;485;122;487;124;487;125;486;126;485;126;484;127;483;127;482;128;479;128;479;129;478;130;478;131;477;132;477;136;476;137;476;138;475;139;474;139;474;140;473;141;473;147;472;148;472;151;470;153;469;153;468;152;467;153;467;154;466;155;466;156;462;160;461;160;460;159;459;159;457;161;456;161;447;170;446;170;445;171;444;171;443;172;442;172;439;175;438;175;437;176;435;176;434;175;433;176;433;177;431;179;431;180;428;183;428;184;425;187;423;187;420;190;420;192;419;193;418;193;417;194;414;194;413;195;412;195;410;197;409;197;406;200;404;198;403;198;401;200;400;200;397;203;396;203;395;204;394;204;392;206;389;206;389;207;388;208;387;208;385;210;384;210;376;218;375;218;374;219;373;219;370;222;370;223;369;224;367;224;367;225;365;227;364;227;359;232;359;234;358;235;357;235;356;236;356;237;355;238;354;238;350;242;349;242;348;243;348;244;346;246;344;246;338;252;338;253;336;255;336;257;335;258;333;258;333;259;328;264;327;264;326;265;326;268;325;269;325;270;324;271;324;273;321;276;321;278;320;279;320;281;319;282;319;293;318;294;319;295;319;308;320;309;320;312;321;313;321;336;322;337;322;342;323;343;323;344;324;345;324;346;325;347;325;348;326;348;327;349;330;349;331;350;331;353;332;354;333;354;334;355;334;357;336;357;338;359;338;360;339;360;340;359;341;359;343;361;343;362;344;363;345;363;346;364;347;364;348;363;350;363;351;364;357;364;358;365;358;367;359;367;359;366;361;364;362;365;362;366;363;367;364;367;364;366;365;365;367;365;368;366;368;367;369;368;370;368;371;367;371;366;372;365;373;366;373;367;374;367;375;368;376;367;376;366;377;365;378;365;379;366;379;368;378;369;377;369;377;371;376;372;373;372;372;371;371;372;368;372;380;372;381;373;387;373;388;372;396;372;391;372;390;371;390;369;391;368;393;368;394;367;394;366;395;365;396;366;396;367;398;367;398;366;399;365;401;365;402;366;402;367;403;368;404;368;405;367;405;366;406;365;407;366;407;367;410;367;410;366;411;365;413;367;411;369;411;370;409;372;408;371;407;371;406;370;405;371;404;371;403;372;405;372;406;373;407;372;412;372;413;373;423;373;424;374;428;374;431;377;432;376;433;376;434;375;435;376;436;376;437;377;437;378;437;377;439;375;440;375;442;377;444;375;447;375;448;376;451;373;453;375;456;375;457;374;458;374;459;373;465;373;465;372;464;372;463;371;460;371;459;370;459;369;461;367;461;365;462;364;464;366;464;367;465;367;465;366;467;364;469;364;470;365;470;366;471;366;471;365;473;363;474;363;475;362;476;362;477;361;475;359;475;358;476;357;477;357;478;358;478;359;480;359;480;358;481;357;482;357;485;354;487;356;490;353;491;353;492;354;492;355;493;356;494;356;495;355;495;353;496;352;497;353;497;354;498;355;499;355;499;354;500;353;501;353;502;352;503;352;504;351;510;351;513;348;513;346;512;347;512;348;511;349;509;349;507;347;509;345;511;345;511;344;513;342;514;343;514;344;515;345;516;345;517;344;517;342;519;340;524;340;526;338;527;338;528;339;530;339;530;337;528;337;527;338;526;337;526;336;527;335;528;335;529;334;529;333;530;332;531;333;533;333;535;331;536;331;538;333;541;330;542;330;544;328;548;328;549;327;550;327;552;329;553;328;553;327;552;326;550;326;549;325;549;324;550;323;551;323;551;322;552;321;553;322;555;322;555;321;559;317;562;317;563;318;564;318;565;317;565;314;564;313;564;312;565;311;566;311;566;307;565;306;565;305;566;304;567;304;568;303;570;303;571;302;574;302;574;297;575;296;575;294;574;293;574;282;575;281;575;276;576;275;576;273;577;272;577;271;578;270;578;268;579;267;579;262;577;260;576;260;570;254;570;253;568;251;568;250;567;249;567;248;566;247;566;245;565;244;565;241;564;240;564;235;563;234;563;231;562;230;562;228;561;227;561;223;560;222;560;221;559;220;559;217;558;216;558;214;557;213;557;211;556;210;556;208;555;207;555;205;554;204;554;203;553;202;553;200;552;199;552;197;551;196;551;194;550;193;550;192;549;191;549;189;548;188;548;187;547;186;547;184;545;182;545;180;544;179;544;178;543;177;543;175;542;174;542;173;541;172;541;171;540;170;540;169;539;168;539;167;538;166;538;165;537;164;537;163;536;162;536;161;535;160;535;159;534;158;534;157;533;156;533;155;532;154;532;153;531;152;531;151;530;150;530;149;529;148;529;147;528;146;528;145;527;144;527;143;525;141;525;140;524;139;524;138;522;136;522;135;521;134;521;133;519;131;519;130;518;129;518;128;516;126;516;125;514;123;514;122;513;121;513;120;510;117;510;116;507;113;507;112;502;107;502;105;500;105;499;106;498;106;497;105
168,nasal_cutting_forceps,517;138;517;139;516;140;513;140;511;142;511;143;509;145;510;146;510;147;509;148;509;149;508;150;507;150;507;153;506;154;506;156;501;161;501;162;497;166;496;166;495;167;496;168;497;168;498;169;498;170;497;171;496;171;495;172;495;173;494;174;494;176;493;177;490;177;490;178;488;180;488;181;487;182;486;182;485;183;483;183;482;184;479;184;479;185;477;187;477;188;476;189;477;190;477;192;475;194;473;194;471;196;468;196;465;199;464;199;463;200;462;200;460;202;458;202;457;203;456;203;455;204;454;204;452;206;451;206;448;209;443;209;440;212;439;212;438;213;436;213;435;214;434;214;433;215;432;215;430;217;429;217;428;218;428;219;427;220;427;221;426;222;422;222;421;221;420;221;418;223;417;223;416;224;415;224;414;225;410;225;409;226;408;226;408;227;407;228;406;228;405;229;405;230;404;231;401;231;400;232;397;232;397;233;394;236;390;236;388;238;387;238;385;240;384;240;383;241;382;241;381;242;380;242;379;243;375;243;372;246;372;247;371;248;370;248;367;251;366;251;365;252;364;252;362;254;361;254;360;255;360;256;359;257;359;258;355;262;354;262;351;265;350;265;349;266;349;267;346;270;345;270;339;276;338;276;338;277;337;278;337;279;334;282;333;282;333;283;331;285;331;286;330;287;329;287;328;288;328;289;327;290;327;293;326;294;326;295;325;296;325;297;324;298;324;299;323;300;323;303;322;304;322;321;323;322;323;332;324;333;324;344;325;345;325;347;327;349;328;349;329;350;327;352;327;353;329;355;329;357;330;358;331;358;332;359;335;359;338;362;338;365;337;366;338;367;338;369;339;370;340;370;341;369;345;373;345;374;350;374;351;373;352;373;354;375;353;376;351;376;351;378;352;379;354;379;355;380;355;381;357;381;358;380;359;381;362;381;363;380;365;382;366;382;367;383;371;383;372;382;374;382;375;381;376;382;379;382;380;383;385;383;386;382;387;383;389;383;390;384;390;386;391;387;391;390;392;390;393;389;393;388;392;387;392;386;395;383;396;383;397;384;397;390;398;390;398;389;400;387;402;389;400;391;400;394;401;395;401;396;402;397;402;398;403;399;403;401;404;400;404;397;405;396;407;396;408;397;408;401;410;401;411;402;411;403;412;404;414;402;415;402;416;401;416;396;417;395;418;395;419;396;419;401;421;401;422;402;422;403;423;404;425;402;427;402;427;397;428;396;430;398;430;401;431;401;434;404;434;405;436;405;437;406;436;405;436;403;437;402;438;402;438;397;439;396;440;396;442;398;441;399;441;400;442;401;443;401;444;400;444;399;445;398;446;399;446;402;445;403;445;404;446;404;446;403;447;402;449;402;449;401;450;400;450;398;451;397;452;398;452;399;453;400;453;401;455;401;455;400;456;399;457;400;457;402;456;403;457;404;457;405;458;406;460;406;459;405;458;405;457;404;457;403;458;402;460;402;460;401;461;400;461;399;460;398;461;397;461;396;462;395;464;397;464;400;465;401;466;400;466;399;467;398;468;398;469;399;469;402;468;403;469;402;471;402;472;401;472;398;473;397;474;397;475;398;475;400;476;401;479;398;481;400;481;401;482;401;483;400;483;397;485;395;487;397;488;397;490;395;491;395;492;396;494;396;495;395;499;395;498;395;497;394;494;394;493;393;492;393;491;392;492;391;493;391;494;390;494;386;496;384;498;386;498;389;499;389;501;387;502;387;504;389;504;390;505;389;505;387;504;386;505;385;506;385;507;384;509;386;509;387;510;388;510;389;510;388;512;386;512;385;513;384;514;385;516;385;518;383;519;383;519;381;520;380;521;380;522;381;522;383;523;384;522;385;521;385;521;389;521;387;522;386;522;385;523;384;525;384;526;385;527;385;528;384;531;384;531;383;530;383;529;382;528;382;527;381;529;379;529;375;530;374;531;375;531;379;533;379;535;381;535;382;536;382;536;381;538;379;540;379;540;375;541;374;542;375;542;378;543;379;544;379;545;378;545;377;546;376;547;376;548;377;548;379;550;379;551;378;551;375;552;374;553;375;553;376;554;377;554;378;555;379;556;378;556;376;557;375;558;375;560;377;560;379;561;379;562;378;562;376;561;375;563;373;564;373;566;375;566;377;566;372;565;372;564;371;562;371;560;369;561;368;562;368;564;366;565;367;566;367;567;366;567;364;566;363;566;359;567;358;568;359;569;359;570;358;569;358;568;357;568;353;569;352;570;352;571;351;573;351;574;352;574;353;573;354;572;354;571;355;571;356;574;356;574;355;575;354;576;355;576;356;577;356;577;347;578;346;578;340;577;339;578;338;578;337;579;336;579;319;578;318;578;309;577;308;577;302;576;301;576;297;575;296;575;279;576;278;576;275;577;274;577;272;578;271;578;270;579;269;579;268;580;267;580;262;579;261;578;261;574;257;573;257;570;254;570;253;569;252;569;251;567;249;567;247;566;246;566;245;565;244;565;241;564;240;564;235;563;234;563;231;562;230;562;227;561;226;561;224;560;223;560;222;559;221;559;218;558;217;558;214;557;213;557;211;556;210;556;209;555;208;555;206;554;205;554;203;553;202;553;200;552;199;552;197;551;196;551;195;550;194;550;192;549;191;549;190;548;189;548;188;547;187;547;185;546;184;546;183;545;182;545;181;544;180;544;178;543;177;543;176;542;175;542;174;541;173;541;171;539;169;539;167;538;166;538;165;536;163;536;162;535;161;535;160;534;159;534;158;533;157;533;156;532;155;532;154;531;153;531;152;530;151;530;149;527;146;527;144;526;144;524;142;524;139;523;139;523;140;522;141;522;145;521;146;520;145;519;145;518;144;518;141;519;140;520;140;520;138
169,nasal_cutting_forceps,529;159;528;160;526;160;525;161;524;161;523;162;522;162;521;163;520;162;518;162;516;164;512;164;510;166;509;166;507;164;506;165;505;165;504;166;502;166;501;167;504;170;503;171;502;171;501;172;501;173;497;177;496;177;496;181;495;182;495;183;494;184;494;186;493;187;490;187;490;188;489;189;489;192;488;193;487;193;485;195;484;195;483;196;482;196;481;197;479;197;477;199;477;200;476;201;475;201;475;203;473;205;469;205;468;206;467;206;465;208;464;208;463;209;460;209;459;210;458;210;457;211;456;211;455;212;455;214;452;217;451;217;448;220;445;220;441;224;441;225;440;226;438;226;437;225;436;226;435;226;434;227;433;227;430;230;428;230;426;232;424;232;423;231;422;232;420;232;418;234;417;234;416;235;414;235;413;236;412;236;411;237;410;237;407;240;406;240;405;241;404;241;403;242;400;242;399;243;397;243;395;245;394;245;393;246;391;246;390;247;386;247;385;248;384;248;380;252;378;252;377;253;376;253;375;254;374;254;371;257;370;257;369;258;368;258;366;260;365;260;362;263;361;263;355;269;354;269;348;275;347;275;345;277;344;277;341;280;340;280;340;281;334;287;333;287;331;289;330;289;330;290;329;291;329;294;324;299;324;301;321;304;321;305;320;306;320;307;319;308;319;309;318;310;318;312;317;313;320;316;320;318;316;322;316;331;317;332;317;335;318;335;321;338;321;343;322;344;322;345;321;346;321;354;322;355;322;357;321;358;321;364;322;365;322;369;321;370;322;371;322;376;323;377;323;380;324;381;323;382;323;384;324;385;324;386;325;387;325;389;326;389;327;388;328;389;328;390;329;391;330;391;331;392;331;397;332;398;333;398;334;399;334;401;335;402;336;402;337;403;337;405;339;405;340;404;342;404;345;407;346;407;347;408;348;407;350;407;352;409;352;410;351;411;352;412;353;412;353;411;355;409;356;409;357;410;357;412;358;413;359;413;360;414;360;415;358;417;357;417;358;417;360;419;361;419;362;420;362;421;363;422;363;423;364;423;364;422;365;421;367;421;370;424;375;424;377;426;379;426;380;425;381;425;382;426;382;428;384;430;385;430;386;431;387;430;388;430;389;429;394;429;397;432;397;434;398;434;398;432;399;431;399;430;400;429;402;429;404;431;404;432;403;433;403;434;405;434;406;433;408;435;409;435;411;433;412;433;413;434;413;435;416;435;417;434;418;435;419;435;420;436;421;436;422;437;422;438;421;439;415;439;414;440;419;440;420;441;426;441;427;442;428;442;431;445;431;444;432;443;433;443;434;442;440;442;441;443;442;443;443;442;443;441;444;440;444;439;442;439;441;438;437;438;436;437;437;436;438;436;439;435;443;435;443;434;445;432;447;434;447;436;448;436;449;435;449;433;451;431;452;432;455;432;456;431;459;431;460;430;461;430;462;429;465;429;468;426;469;427;470;427;472;425;472;422;474;420;476;420;479;417;481;417;482;416;482;414;483;413;484;413;485;412;488;412;490;410;491;410;492;411;493;411;496;408;499;408;501;406;502;406;503;405;506;405;507;406;510;406;512;404;517;404;519;402;522;402;524;400;526;400;527;401;528;400;533;400;535;398;540;398;541;397;544;397;546;395;547;395;548;394;550;394;551;395;554;395;554;393;558;389;559;390;561;390;562;389;566;389;567;388;567;387;568;386;569;386;570;385;570;384;571;383;574;383;575;382;577;382;578;381;579;381;580;380;579;379;579;378;580;377;580;362;581;361;580;360;580;354;581;353;581;349;580;348;580;327;579;326;579;315;578;314;578;306;577;305;577;299;576;298;576;295;575;294;575;279;576;278;576;275;577;274;577;271;578;270;578;269;579;268;579;267;580;266;580;262;579;262;577;260;576;260;569;253;569;252;568;251;568;250;567;249;567;248;566;247;566;246;565;245;565;242;564;241;564;236;563;235;563;231;562;230;562;227;561;226;561;224;560;223;560;221;559;220;559;218;558;217;558;215;557;214;557;212;556;211;556;209;555;208;555;206;554;205;554;203;553;202;553;200;552;199;552;197;551;196;551;195;550;194;550;193;549;192;549;190;548;189;548;188;547;187;547;186;546;185;546;184;545;183;545;182;544;181;544;179;543;178;543;177;542;176;542;174;541;173;541;172;539;170;539;169;538;168;538;166;536;164;536;162;534;160;533;160;532;159
170,nasal_cutting_forceps,541;176;539;178;538;178;537;179;536;179;534;181;534;182;532;184;530;184;529;185;528;185;527;186;523;186;521;188;519;188;518;189;518;190;519;191;521;191;522;192;522;193;521;194;520;193;519;193;519;194;518;195;518;197;517;198;517;199;515;201;515;202;509;208;507;208;504;211;503;211;502;210;502;212;503;213;503;215;502;216;500;216;499;217;498;217;497;218;496;218;496;219;494;221;494;222;493;223;492;223;491;222;490;222;490;225;491;226;490;227;489;227;487;229;479;229;478;230;477;230;476;231;474;231;473;232;472;231;468;231;467;232;466;232;465;233;464;233;463;234;462;234;463;235;465;235;466;236;467;236;468;237;467;238;466;238;465;239;460;239;459;238;458;239;457;239;455;241;454;241;453;242;451;242;449;244;449;245;448;246;447;246;446;247;443;247;440;250;439;250;438;249;438;248;437;247;436;248;435;248;430;253;428;253;427;254;419;254;419;255;418;256;418;257;417;258;412;258;411;259;409;259;408;260;407;260;407;261;403;265;399;265;398;266;397;266;397;267;395;269;391;269;390;270;387;270;386;271;385;271;383;273;381;273;380;274;378;274;377;275;376;275;375;276;374;276;373;277;372;277;371;278;371;279;370;280;368;280;367;281;365;281;359;287;357;287;356;288;354;288;349;293;347;293;346;294;345;294;342;297;341;297;339;299;338;299;338;300;337;301;337;302;334;305;334;306;333;307;333;308;331;310;331;311;330;312;330;313;322;321;321;321;321;322;319;324;319;326;318;327;318;329;316;331;316;333;315;334;315;342;313;344;313;345;314;346;314;353;313;354;313;356;314;357;314;359;315;360;315;364;313;366;313;368;314;369;314;375;313;376;313;381;315;383;315;387;313;389;315;391;315;394;314;395;315;396;315;398;314;399;313;399;313;401;315;401;316;402;316;403;319;403;321;405;321;407;322;408;322;409;323;410;323;411;324;412;324;413;325;413;326;414;326;415;324;417;324;418;328;418;329;419;330;419;331;420;330;421;329;421;328;422;328;423;329;424;331;424;331;423;332;422;333;422;334;423;334;424;333;425;333;426;334;426;335;425;337;427;337;428;339;430;341;430;342;431;340;433;340;435;342;435;342;433;343;432;344;432;345;433;345;434;346;435;348;435;349;434;349;432;350;431;351;432;351;435;354;435;354;434;355;433;356;434;356;436;358;436;359;437;358;438;355;438;355;440;356;441;360;441;361;440;362;441;365;441;366;442;368;442;369;443;369;445;370;446;371;445;371;444;372;443;373;444;373;446;376;446;378;448;379;447;381;447;383;449;383;450;385;450;386;449;387;450;388;450;389;451;391;451;392;452;394;450;398;450;401;453;402;452;403;452;404;453;405;453;406;454;405;455;402;455;402;457;405;457;405;455;406;454;407;455;407;457;408;457;409;458;410;457;410;456;411;455;412;455;413;456;413;458;412;459;411;459;412;460;412;459;413;458;415;458;416;459;416;460;415;461;414;461;413;462;414;463;415;463;419;467;419;468;420;468;422;466;423;466;425;468;425;469;424;470;424;471;426;473;426;469;427;468;427;466;428;465;429;465;431;467;434;464;438;464;439;465;443;465;444;464;447;464;448;465;448;466;448;464;450;462;450;461;449;460;449;459;450;458;450;453;451;452;460;452;462;450;464;450;465;449;470;449;471;448;471;442;472;441;472;440;473;439;473;435;474;434;475;435;477;435;477;434;479;432;481;434;481;436;482;436;482;435;483;434;483;431;485;429;486;429;487;430;489;430;490;431;492;431;493;432;493;434;493;432;496;429;497;429;498;430;499;430;500;429;506;429;507;428;509;428;510;429;510;428;506;428;505;427;503;427;502;426;503;425;504;425;505;424;506;424;506;420;507;419;508;419;509;420;508;421;508;423;509;424;510;424;511;423;511;420;512;419;514;419;515;420;514;421;514;423;515;424;517;424;517;420;518;419;520;419;521;420;519;422;519;423;520;424;522;424;522;420;524;418;525;419;527;419;528;418;529;418;530;417;531;418;532;418;533;417;534;417;535;416;536;416;537;417;543;417;544;416;549;416;550;417;553;417;552;417;551;416;551;413;552;412;553;413;556;413;556;411;558;409;559;409;560;410;560;412;561;412;561;408;563;406;566;406;568;404;574;404;575;403;577;403;577;402;578;401;578;394;579;393;579;388;580;387;580;377;581;376;581;346;580;345;580;325;579;324;579;315;578;314;578;306;577;305;577;300;576;299;576;295;575;294;575;279;576;278;576;274;577;273;577;272;578;271;578;269;579;268;579;267;580;266;580;263;577;260;576;260;570;254;570;253;568;251;568;250;567;249;567;248;566;247;566;246;565;245;565;243;564;242;564;237;563;236;563;232;562;231;562;228;561;227;561;226;560;225;560;223;559;222;559;220;558;219;558;216;557;215;557;213;556;212;556;211;555;210;555;207;554;206;554;205;553;204;553;202;552;201;552;199;550;197;550;195;549;194;549;192;548;191;548;190;547;189;547;187;546;186;546;185;544;183;544;182;543;181;543;179;541;177
171,nasal_cutting_forceps,546;188;545;189;545;190;544;191;541;191;540;190;539;190;538;189;536;191;535;191;535;192;534;193;534;194;532;196;530;196;529;197;528;197;527;198;526;198;525;197;524;197;523;198;523;199;522;200;521;200;520;201;519;201;521;201;523;203;522;204;522;205;521;206;519;204;517;206;517;207;516;208;513;208;510;211;509;211;508;210;507;211;507;213;509;213;510;214;511;214;512;215;511;216;507;216;504;219;503;218;501;218;501;219;498;222;497;221;496;221;495;222;495;224;494;225;494;226;493;227;491;227;487;231;480;231;479;232;478;232;476;234;469;234;468;235;468;237;466;239;466;240;465;241;460;241;459;242;456;242;455;243;452;243;451;244;451;247;449;249;447;249;446;250;445;250;442;253;434;253;433;254;432;254;430;256;429;256;427;258;426;258;425;259;424;259;421;262;421;263;420;264;412;264;411;265;410;265;406;269;403;269;402;270;400;270;399;271;397;271;395;273;393;273;392;272;391;273;390;273;389;274;388;274;387;275;386;275;385;276;383;276;380;279;379;279;378;280;376;280;375;281;374;281;373;282;372;282;371;283;370;283;369;284;368;284;367;285;366;285;365;286;364;286;363;287;362;287;361;288;360;288;357;291;356;291;355;292;354;292;350;296;349;296;347;298;346;298;345;299;343;299;343;300;342;301;341;301;340;302;340;303;339;304;339;305;338;306;336;306;332;310;332;311;331;312;331;313;323;321;322;321;318;325;318;327;316;329;316;330;313;333;313;334;312;335;312;336;310;338;310;340;309;341;309;342;307;344;307;347;306;348;306;349;305;350;305;359;304;360;304;362;305;363;305;376;306;377;306;382;307;383;307;387;306;388;306;391;305;392;305;404;304;405;304;412;305;413;305;418;306;419;306;420;307;421;307;424;308;425;308;426;309;426;311;428;312;428;315;431;316;431;318;433;318;434;319;435;320;435;321;436;321;437;322;438;322;439;326;443;326;444;327;445;327;446;328;447;328;448;330;448;331;449;331;450;333;452;333;453;335;453;339;457;339;458;340;459;341;459;344;462;346;462;347;463;352;463;353;464;354;464;355;465;357;465;358;466;358;467;359;466;360;466;361;465;362;466;363;466;364;467;365;466;367;466;368;467;368;468;369;469;370;469;371;470;375;470;376;471;378;471;379;472;380;472;381;473;382;473;383;474;386;474;387;475;388;475;389;476;390;476;391;477;391;478;392;479;393;479;393;477;394;476;395;476;396;477;396;479;399;479;400;478;401;479;401;480;402;481;404;481;405;482;405;483;406;484;412;484;413;485;416;485;417;484;420;484;421;483;421;482;422;481;424;481;425;482;426;482;427;481;432;481;434;479;435;480;439;480;440;479;441;480;443;480;445;478;447;478;448;479;449;478;449;476;451;474;455;474;456;473;458;473;459;474;460;474;461;473;463;473;464;474;465;474;466;473;467;473;468;472;472;472;473;471;484;471;485;470;504;470;506;468;506;467;507;466;508;466;510;468;510;467;511;466;512;466;513;465;514;466;515;466;516;467;517;466;522;466;524;464;533;464;536;461;537;461;538;462;539;462;541;464;542;464;543;463;544;463;546;461;550;461;551;462;552;462;552;461;551;460;551;459;552;458;556;458;556;457;558;455;560;457;560;458;561;457;561;452;562;451;562;450;563;449;565;449;566;448;568;448;568;445;569;444;570;444;571;445;572;445;574;443;574;441;575;440;575;432;576;431;576;424;577;423;577;415;578;414;578;404;579;403;579;397;580;396;580;384;581;383;581;345;580;344;580;324;579;323;579;314;578;313;578;306;577;305;577;300;576;299;576;295;575;294;575;278;576;277;576;274;577;273;577;271;578;270;578;269;579;268;579;267;580;266;580;263;577;260;576;260;569;253;569;252;567;250;567;248;566;247;566;246;565;245;565;243;564;242;564;238;563;237;563;232;562;231;562;228;561;227;561;225;560;224;560;223;559;222;559;221;558;220;558;216;557;215;557;214;556;213;556;211;555;210;555;208;554;207;554;206;553;205;553;203;552;202;552;199;550;197;550;195;549;194;549;192;547;190;547;189
172,nasal_cutting_forceps,541;186;539;188;538;188;537;189;535;189;532;192;530;192;529;193;528;193;527;194;525;194;522;197;519;197;518;198;518;200;517;201;517;202;515;204;513;204;511;206;511;207;510;208;509;207;507;207;507;208;505;210;505;212;504;213;503;212;501;212;501;213;499;215;496;215;496;218;495;219;495;220;494;221;494;223;493;224;490;224;488;226;487;226;486;227;485;227;482;230;481;230;480;231;479;231;478;232;477;232;476;233;475;233;474;234;472;234;472;237;471;238;470;238;469;239;467;239;465;241;457;241;456;242;455;242;454;243;451;243;451;244;450;245;450;246;448;248;446;248;445;249;444;249;442;251;439;251;437;253;435;253;434;254;432;254;431;255;430;255;428;257;428;259;426;261;425;261;424;262;423;262;421;264;420;264;419;265;414;265;413;266;412;266;411;267;410;267;408;269;406;269;405;270;402;270;401;271;399;271;398;272;397;272;396;273;392;273;391;274;390;274;389;275;388;275;387;276;384;276;381;279;380;279;379;280;378;280;377;281;375;281;374;282;372;282;370;284;369;284;368;285;366;285;365;286;364;286;363;287;362;287;361;288;360;288;357;291;356;291;355;292;353;292;352;293;351;293;347;297;346;297;345;298;344;298;342;300;341;300;339;302;338;302;335;305;334;305;334;306;332;308;332;309;331;310;330;310;330;311;329;312;329;313;328;314;327;314;327;315;326;316;325;316;322;319;321;319;318;322;317;322;316;323;316;324;315;325;315;326;314;327;314;328;309;333;309;334;305;338;304;338;304;340;303;341;303;342;301;344;301;346;299;348;299;353;298;354;298;356;297;357;297;359;298;360;298;364;297;365;297;369;298;370;298;375;299;376;299;377;300;378;299;379;299;382;300;383;300;390;299;391;299;394;300;395;299;396;299;403;298;404;298;411;297;412;297;414;298;415;298;428;299;429;299;432;300;432;301;433;301;434;303;436;303;437;301;439;301;441;302;442;303;442;304;443;307;443;308;444;311;444;315;448;317;448;318;449;320;449;321;450;322;450;323;451;324;451;325;452;325;453;326;454;326;455;327;456;328;456;332;460;333;460;339;466;341;466;344;469;344;470;347;470;348;471;352;471;353;472;357;472;358;473;359;473;361;475;361;476;364;476;365;477;366;477;367;478;368;478;370;480;371;480;373;482;375;482;378;485;379;485;380;486;381;486;383;488;384;488;385;489;389;489;391;491;393;491;394;490;396;490;397;491;398;491;400;489;401;489;403;491;409;491;410;490;411;490;412;489;413;490;416;490;417;489;418;489;419;490;420;490;421;489;422;489;423;488;429;488;430;487;437;487;438;486;439;486;440;485;441;486;442;486;443;485;444;485;445;484;447;484;448;485;449;484;450;484;451;483;454;483;455;482;460;482;461;481;462;481;463;480;466;480;467;479;471;479;472;478;472;476;473;475;473;474;474;473;477;473;478;474;480;474;481;473;497;473;498;472;537;472;538;471;539;472;552;472;553;471;559;471;560;470;561;470;561;464;562;463;562;460;563;459;563;456;564;455;565;456;566;456;566;455;571;450;572;450;572;449;573;448;573;447;574;446;574;443;575;442;575;435;576;434;576;430;577;429;577;421;578;420;578;412;579;411;579;400;580;399;580;386;581;385;581;343;580;342;580;324;579;323;579;314;578;313;578;306;577;305;577;300;576;299;576;295;575;294;575;279;576;278;576;274;577;273;577;271;578;270;578;269;579;268;579;267;580;266;580;263;577;260;576;260;570;254;570;253;568;251;568;250;567;249;567;248;566;247;566;246;565;245;565;243;564;242;564;238;563;237;563;232;562;231;562;228;561;227;561;225;560;224;560;223;559;222;559;220;558;219;558;216;557;215;557;213;556;212;556;211;555;210;555;208;554;207;554;206;553;205;553;203;552;202;552;199;551;198;551;197;550;196;550;194;549;193;549;191;547;189;547;188;546;187;545;187;544;186
173,nasal_cutting_forceps,545;188;545;189;544;190;542;190;541;191;539;191;538;192;537;192;536;193;535;193;534;194;534;195;533;196;530;196;529;197;527;197;526;198;523;198;523;199;521;201;519;201;518;202;518;203;517;204;517;205;516;206;513;206;510;209;507;209;505;211;505;214;504;215;502;215;500;217;500;218;499;219;498;219;497;218;496;218;496;220;495;221;495;225;493;227;491;227;487;231;485;231;482;234;481;234;480;235;479;235;480;236;480;237;479;238;478;238;475;241;473;241;472;242;472;243;470;245;468;245;466;247;465;247;464;248;462;248;459;245;456;245;455;246;455;247;452;250;451;250;450;251;447;251;446;250;443;253;440;253;439;254;438;254;436;256;434;256;433;257;433;258;434;259;434;260;431;263;429;263;428;264;428;265;427;266;427;267;425;269;422;269;421;270;420;270;419;271;413;271;412;272;411;272;409;274;401;274;400;275;399;275;398;276;396;276;395;277;393;277;392;278;391;278;390;279;388;279;386;281;385;281;384;282;383;282;382;283;380;283;379;284;378;284;377;285;375;285;374;286;373;286;372;287;370;287;369;288;367;288;366;289;365;289;364;290;362;290;360;292;359;292;358;293;356;293;354;295;353;295;352;296;351;296;350;297;349;297;347;299;346;299;344;301;343;301;342;302;341;302;341;303;339;305;338;305;337;306;336;306;335;307;334;307;331;310;331;311;326;316;325;316;323;318;322;318;319;321;318;321;316;323;316;324;315;325;315;327;314;328;313;328;313;329;308;334;308;335;303;340;303;341;300;344;300;345;299;346;299;347;298;348;298;352;297;353;297;354;296;355;296;357;295;358;295;362;294;363;294;376;295;377;295;381;296;382;296;398;295;399;295;405;294;406;294;417;293;418;293;421;294;422;294;432;295;433;295;434;296;435;296;437;297;438;297;442;304;449;309;449;310;450;313;450;315;452;315;454;316;455;317;455;318;456;319;456;321;458;321;459;322;460;324;460;325;461;325;462;327;464;327;465;329;465;330;466;332;466;336;470;337;470;338;471;340;471;341;472;343;472;345;474;346;474;349;477;352;477;353;478;356;478;357;479;357;480;361;484;363;484;364;485;366;485;367;486;369;486;372;489;373;489;374;490;376;490;378;492;379;492;380;493;381;493;382;494;388;494;389;495;405;495;406;496;406;497;408;497;409;496;410;497;414;497;415;496;421;496;422;495;424;495;425;496;426;496;427;495;432;495;433;494;442;494;443;493;448;493;449;492;450;492;451;491;454;491;456;489;466;489;467;488;471;488;472;487;472;485;475;482;485;482;486;481;488;481;489;482;494;482;495;481;496;481;497;480;505;480;506;479;511;479;512;478;513;478;515;480;517;480;518;479;520;479;521;480;522;480;524;478;525;479;525;480;533;480;535;478;536;478;538;480;539;480;541;482;542;481;549;481;551;479;551;478;552;477;553;477;555;479;555;477;556;476;558;476;558;474;559;473;561;473;561;472;562;471;562;465;563;464;563;461;565;459;566;459;567;458;567;457;571;453;571;452;572;451;572;450;573;449;573;448;574;447;574;442;575;441;575;435;576;434;576;430;577;429;577;421;578;420;578;413;579;412;579;400;580;399;580;384;581;383;581;343;580;342;580;324;579;323;579;315;578;314;578;306;577;305;577;300;576;299;576;295;575;294;575;279;576;278;576;274;577;273;577;271;578;270;578;269;579;268;579;267;580;266;580;263;577;260;576;260;569;253;569;252;568;251;568;250;567;249;567;248;566;247;566;246;565;245;565;243;564;242;564;238;563;237;563;232;562;231;562;229;561;228;561;226;560;225;560;223;559;222;559;220;558;219;558;216;557;215;557;214;556;213;556;211;555;210;555;208;554;207;554;206;553;205;553;203;552;202;552;199;550;197;550;194;549;193;549;192;548;191;548;190;547;189;547;188
174,nasal_cutting_forceps,546;189;544;191;541;191;540;192;539;192;539;193;538;194;535;194;534;195;534;196;533;197;528;197;527;198;524;198;521;201;519;201;518;202;518;204;517;205;517;206;516;207;513;207;511;209;507;209;506;210;506;211;505;212;506;213;506;216;505;217;505;218;504;219;503;218;501;218;501;219;499;221;496;221;495;222;495;225;494;226;494;227;493;228;490;228;487;231;485;231;482;234;480;234;479;235;479;236;476;239;475;239;474;240;473;240;473;242;472;243;472;244;471;245;471;246;470;247;467;247;466;248;464;248;463;249;461;249;460;248;457;248;456;249;453;249;452;250;450;250;449;249;448;249;447;250;445;250;444;251;444;252;443;253;439;253;436;256;433;256;429;260;429;261;428;262;428;264;427;265;427;268;426;269;423;269;422;270;421;270;420;271;413;271;411;273;410;273;409;274;405;274;404;275;403;275;402;276;400;276;399;277;398;277;397;278;395;278;394;279;391;279;390;280;389;280;387;282;385;282;384;283;382;283;381;284;379;284;378;285;377;285;376;286;375;286;374;287;372;287;371;288;368;288;367;289;366;289;365;290;364;290;363;291;361;291;359;293;356;293;354;295;353;295;352;296;350;296;347;299;346;299;344;301;343;301;342;302;341;302;339;304;338;304;337;305;336;305;335;306;334;306;332;308;332;309;329;312;329;313;328;314;327;314;325;316;323;316;319;320;318;320;316;322;316;323;315;324;315;325;307;333;307;334;303;338;302;338;299;341;299;342;298;343;298;344;297;345;297;346;296;347;296;348;294;350;294;352;293;353;293;356;292;357;292;362;291;363;291;366;290;367;290;370;291;371;291;382;292;383;292;390;291;391;291;392;292;393;292;398;291;399;291;410;290;411;290;423;289;424;289;426;290;427;290;434;289;435;289;436;290;437;290;440;291;441;291;443;293;445;293;448;296;448;297;449;298;449;299;450;301;450;304;453;304;454;306;454;307;455;309;455;310;456;311;456;315;460;315;461;316;462;317;462;318;463;319;463;321;465;322;465;323;466;324;466;328;470;330;470;331;471;332;471;333;472;336;472;337;473;338;473;339;474;341;474;344;477;346;477;350;481;351;481;352;482;353;482;354;483;356;483;357;484;358;484;360;486;360;487;362;487;363;488;364;488;365;489;367;489;372;494;374;494;375;495;378;495;379;496;381;496;382;497;383;497;384;498;388;498;389;499;390;499;391;498;392;499;404;499;405;498;416;498;417;497;422;497;423;498;424;497;426;497;427;498;428;498;429;499;430;498;434;498;435;497;437;497;438;496;443;496;444;495;448;495;449;494;450;494;451;493;458;493;459;492;461;492;462;491;471;491;471;490;474;487;475;487;476;486;477;486;478;487;479;487;480;486;481;486;482;485;483;485;484;484;493;484;494;483;506;483;507;482;510;482;511;483;529;483;530;484;531;483;538;483;541;486;541;487;542;486;546;486;547;485;549;485;550;484;551;484;552;483;554;483;555;482;561;482;561;479;562;478;562;471;563;470;563;466;565;464;566;464;567;463;569;463;569;459;570;458;570;457;572;455;572;451;573;450;573;449;574;448;574;442;575;441;575;436;576;435;576;430;577;429;577;422;578;421;578;413;579;412;579;400;580;399;580;385;581;384;581;343;580;342;580;324;579;323;579;315;578;314;578;306;577;305;577;300;576;299;576;295;575;294;575;279;576;278;576;274;577;273;577;271;578;270;578;269;579;268;579;267;580;266;580;263;578;261;577;261;569;253;569;252;568;251;568;250;567;249;567;248;566;247;566;246;565;245;565;243;564;242;564;238;563;237;563;233;562;232;562;229;561;228;561;226;560;225;560;223;559;222;559;220;558;219;558;216;556;214;556;212;555;211;555;208;554;207;554;206;553;205;553;204;552;203;552;200;551;199;551;198;550;197;550;195;549;194;549;192;547;190;547;189
175,nasal_cutting_forceps,540;193;539;194;537;194;536;195;535;195;533;197;532;197;530;198;529;198;528;200;525;200;524;201;522;201;521;202;518;202;517;204;515;204;514;205;511;205;510;207;508;207;507;208;505;208;504;209;503;209;501;211;500;211;498;212;497;212;490;219;489;219;486;222;486;223;473;236;472;236;469;239;468;239;467;240;465;240;464;241;462;241;461;243;458;243;457;244;455;244;454;246;453;246;451;247;450;247;448;248;447;248;446;250;444;250;442;252;440;252;435;258;433;258;429;262;428;262;423;266;422;266;421;268;419;268;418;269;416;269;415;271;414;271;412;272;411;272;410;273;407;273;405;275;403;275;401;276;397;276;396;277;391;277;390;279;387;279;386;280;383;280;382;282;380;282;379;283;376;283;375;284;373;284;372;286;369;286;368;287;365;287;364;289;362;289;361;290;358;290;357;291;355;291;354;293;353;293;351;294;350;294;348;296;347;296;346;297;344;297;341;300;340;300;337;303;336;303;332;307;330;307;321;316;321;318;312;326;311;326;298;339;298;340;296;343;296;344;293;347;293;348;291;350;291;351;290;353;290;355;289;357;289;361;287;362;287;373;289;375;289;380;290;382;290;389;291;390;291;400;290;401;290;414;289;415;289;439;290;440;290;443;291;444;291;446;297;451;298;451;301;454;303;454;305;457;307;457;309;460;311;460;314;462;315;462;318;465;319;465;321;467;322;467;325;469;326;469;328;471;329;471;330;472;332;472;333;473;334;473;337;476;339;476;340;478;341;478;343;479;344;479;347;482;348;482;350;483;351;483;353;485;354;485;355;486;357;486;358;487;360;487;361;489;362;489;364;490;365;490;368;493;369;493;371;494;372;494;373;496;375;496;378;498;379;498;380;500;383;500;385;501;387;501;389;503;394;503;396;504;425;504;426;503;430;503;432;501;436;501;437;500;442;500;443;498;447;498;448;497;454;497;455;496;462;496;464;494;471;494;472;493;482;493;483;492;498;492;500;490;539;490;540;489;551;489;553;487;555;487;557;486;558;486;560;485;561;485;561;483;562;482;562;480;564;479;564;478;565;476;565;475;567;473;567;469;568;468;568;465;569;464;569;460;571;458;571;454;572;453;572;447;574;446;574;437;575;436;575;430;576;429;576;421;578;419;578;408;579;407;579;389;581;387;581;337;579;336;579;321;578;319;578;308;576;307;576;301;575;300;575;294;574;293;574;279;575;277;575;275;576;273;576;271;578;269;578;264;576;262;576;261;569;254;569;252;567;250;567;248;565;247;565;244;564;243;564;240;562;239;562;234;561;233;561;229;560;227;560;225;558;223;558;219;557;218;557;215;555;214;555;211;554;209;554;207;553;205;553;202;551;201;551;200;550;198;550;197;546;193
176,nasal_cutting_forceps,541;193;538;196;537;196;536;197;535;197;534;198;532;198;531;199;530;199;527;202;524;202;523;203;522;203;521;204;519;204;516;207;513;207;511;209;507;209;507;210;506;211;506;212;504;214;502;214;501;215;500;215;498;217;496;217;496;218;495;219;495;220;493;222;491;222;490;223;489;223;486;226;485;226;484;227;484;228;483;229;483;231;482;232;481;232;480;233;478;233;477;234;474;234;472;236;472;237;470;239;467;239;465;241;463;241;462;242;460;242;458;244;456;244;454;246;451;246;448;249;446;249;443;252;440;252;440;253;439;254;439;256;438;257;438;258;437;259;436;259;435;260;434;260;431;263;430;263;429;262;428;263;428;264;425;267;422;267;421;268;420;268;419;269;416;269;415;270;412;270;411;271;408;271;407;272;401;272;400;273;399;273;397;275;394;275;391;278;390;278;389;279;383;279;382;280;380;280;379;281;376;281;375;282;369;282;367;284;366;284;364;286;361;286;361;287;360;288;360;290;358;292;350;292;349;293;346;293;345;294;344;294;340;298;339;298;337;300;337;301;335;303;334;303;332;305;331;305;328;308;328;309;327;310;327;311;326;312;326;313;325;314;323;314;322;315;321;315;320;316;318;316;318;317;317;318;316;318;316;319;315;320;315;321;314;322;314;323;312;325;311;325;309;327;307;327;307;328;305;330;305;331;304;332;304;333;303;334;303;335;300;338;299;338;297;340;297;341;296;342;296;343;295;344;295;345;294;346;294;347;293;348;293;350;292;351;292;354;291;355;291;358;290;359;290;369;291;370;291;375;293;377;293;378;294;379;294;380;295;381;295;383;296;384;296;386;297;387;297;405;296;406;296;442;297;443;297;445;298;446;298;448;299;448;302;451;303;451;307;455;308;455;309;456;311;456;314;459;315;459;317;461;317;462;318;462;321;465;322;465;323;466;324;466;326;468;327;468;329;470;330;470;332;472;333;472;334;473;335;473;336;474;337;474;340;477;341;477;343;479;344;479;347;482;349;482;350;483;351;483;352;484;355;484;356;485;358;485;360;487;361;487;362;488;363;488;364;489;366;489;367;490;368;490;369;491;370;491;371;492;372;492;376;496;377;496;378;497;380;497;381;498;382;498;383;499;384;499;385;500;387;500;389;502;390;502;392;504;400;504;401;505;432;505;433;504;438;504;439;503;442;503;443;502;448;502;449;501;450;501;451;500;455;500;456;499;460;499;460;498;462;496;464;496;465;495;471;495;472;494;489;494;490;493;506;493;507;492;531;492;532;493;549;493;551;491;553;491;554;490;557;490;558;489;559;489;560;488;561;488;561;487;562;486;562;485;565;482;565;481;566;480;566;478;567;477;567;475;568;474;568;469;569;468;569;465;570;464;570;462;571;461;571;458;572;457;572;452;573;451;573;449;574;448;574;443;575;442;575;435;576;434;576;430;577;429;577;421;578;420;578;413;579;412;579;404;580;403;580;385;581;384;581;342;580;341;580;324;579;323;579;317;578;316;578;307;577;306;577;300;576;299;576;296;575;295;575;278;576;277;576;274;577;273;577;271;578;270;578;268;579;267;579;266;580;265;579;264;579;262;578;262;569;253;569;252;568;251;568;250;567;249;567;248;566;247;566;246;565;245;565;243;564;242;564;239;563;238;563;235;562;234;562;230;561;229;561;226;560;225;560;223;559;222;559;220;558;219;558;216;557;215;557;214;556;213;556;211;555;210;555;207;554;206;554;205;553;204;553;203;552;202;552;201;551;200;551;199;550;198;550;195;549;194;549;193
177,nasal_cutting_forceps,541;192;538;195;536;195;534;197;533;197;532;198;530;198;526;202;523;202;522;203;521;203;520;204;518;204;515;207;513;207;512;208;511;208;510;209;507;209;506;210;506;211;505;212;505;213;504;214;501;214;501;215;498;218;496;218;494;220;494;221;493;222;490;222;489;223;489;224;487;226;485;226;484;227;484;229;481;232;477;232;476;233;473;233;471;235;468;235;465;238;463;238;462;239;461;239;459;241;456;241;454;243;452;243;451;244;451;245;448;248;445;248;444;249;443;249;442;250;440;250;440;251;438;253;438;255;436;257;434;257;433;258;432;258;431;259;429;259;427;261;427;262;425;264;423;264;422;265;420;265;418;267;417;267;415;269;409;269;408;270;400;270;399;271;395;271;394;272;391;272;390;273;388;273;387;274;384;274;382;276;380;276;379;277;378;277;377;278;375;278;374;279;372;279;371;280;368;280;367;281;365;281;364;282;361;282;360;283;360;284;358;286;356;286;355;287;352;287;351;288;350;288;349;289;349;290;347;292;344;292;343;293;341;293;339;295;338;295;337;296;337;297;335;299;334;299;332;301;332;302;331;303;330;303;329;304;328;304;327;305;327;306;326;307;326;308;323;311;323;312;321;314;320;314;319;315;318;315;317;316;316;316;316;317;312;321;312;322;308;326;307;326;306;327;305;327;305;329;304;330;304;331;302;333;302;335;300;337;299;337;298;338;297;338;295;340;295;341;294;342;294;344;293;345;293;347;292;348;292;350;291;351;291;353;290;354;290;365;291;366;291;370;292;371;292;374;293;375;293;376;294;377;294;378;295;379;295;381;296;382;296;383;297;384;297;385;298;386;298;388;299;389;298;390;298;403;297;404;297;439;298;440;298;443;299;444;299;445;304;450;305;450;307;452;309;452;310;453;311;453;313;455;314;455;315;456;316;456;317;457;318;457;323;462;324;462;328;466;329;466;330;467;331;467;332;468;333;468;335;470;336;470;337;471;338;471;342;475;342;476;344;478;346;478;348;480;349;480;350;481;351;481;352;482;353;482;354;483;358;483;359;484;361;484;362;485;363;485;364;486;366;486;368;488;369;488;370;489;371;489;372;490;373;490;374;491;375;491;376;492;377;492;379;494;380;494;381;495;382;495;383;496;384;496;385;497;386;497;389;500;390;500;391;501;393;501;394;502;396;502;397;503;399;503;400;504;407;504;408;505;410;505;411;504;412;504;413;505;421;505;422;504;433;504;434;503;437;503;438;502;439;502;440;501;447;501;448;500;449;500;450;499;454;499;455;498;458;498;459;497;460;497;461;496;464;496;465;495;466;495;467;494;472;494;473;493;483;493;484;492;493;492;494;491;495;491;496;490;514;490;515;491;528;491;529;492;535;492;536;493;539;493;540;492;546;492;547;493;549;493;552;490;557;490;558;489;562;489;563;490;563;488;564;487;564;485;565;484;565;482;566;481;566;478;567;477;567;474;568;473;568;469;569;468;569;465;570;464;570;461;571;460;571;458;572;457;572;452;573;451;573;449;574;448;574;442;575;441;575;436;576;435;576;430;577;429;577;422;578;421;578;413;579;412;579;400;580;399;580;384;581;383;581;343;580;342;580;325;579;324;579;315;578;314;578;306;577;305;577;300;576;299;576;295;575;294;575;278;576;277;576;274;577;273;577;271;578;270;578;269;579;268;579;266;580;265;580;263;579;262;578;262;569;253;569;252;568;251;568;250;567;249;567;248;566;247;566;246;565;245;565;243;564;242;564;239;563;238;563;233;562;232;562;230;561;229;561;226;560;225;560;223;559;222;559;220;558;219;558;216;557;215;557;214;556;213;556;211;555;210;555;207;554;206;554;205;553;204;553;203;552;202;552;199;550;197;550;195;549;194;549;193;548;193;547;192
178,nasal_cutting_forceps,544;193;543;194;541;194;538;197;535;197;532;200;530;200;529;201;528;201;527;202;525;202;524;203;523;203;521;205;518;205;518;206;516;208;513;208;512;209;511;209;510;210;508;210;506;212;506;213;504;215;502;215;500;217;500;218;499;219;496;219;496;220;493;223;490;223;490;224;488;226;487;226;485;228;484;228;484;229;482;231;480;231;479;232;476;232;475;233;473;233;470;236;469;235;468;235;467;236;467;237;464;240;461;240;460;241;456;241;454;243;452;243;451;244;451;245;448;248;446;248;445;249;444;249;442;251;440;251;437;254;436;254;435;255;434;255;433;256;432;256;430;258;429;258;425;262;423;262;420;265;417;265;416;266;414;266;413;267;412;267;411;268;410;268;409;269;405;269;404;270;398;270;397;271;391;271;390;272;389;272;388;273;386;273;385;274;383;274;381;276;378;276;377;277;375;277;374;278;373;278;372;279;369;279;368;280;366;280;365;281;364;281;363;282;361;282;358;285;356;285;355;286;354;286;353;287;352;287;351;288;350;288;347;291;346;291;345;292;343;292;342;293;341;293;339;295;338;295;334;299;333;299;331;301;331;302;330;303;329;303;327;305;327;306;326;307;326;308;323;311;323;312;321;314;319;314;317;316;316;316;315;317;315;318;311;322;311;323;309;325;308;325;305;328;305;329;304;330;304;331;303;332;303;333;302;334;302;335;301;336;300;336;296;340;296;341;295;342;295;343;294;344;294;347;293;348;293;350;292;351;292;353;291;354;291;363;292;364;292;367;293;368;293;371;294;372;294;375;295;376;295;377;296;378;296;380;297;381;297;382;298;383;298;386;299;387;299;399;298;400;298;409;297;410;297;415;298;416;298;441;299;442;299;443;300;444;300;445;302;447;302;448;303;448;306;451;307;451;308;452;309;452;310;453;311;453;312;454;313;454;314;455;316;455;321;460;322;460;325;463;326;463;328;465;329;465;331;467;332;467;333;468;334;468;336;470;337;470;341;474;341;475;344;478;345;478;347;480;348;480;349;481;350;481;351;482;354;482;355;483;358;483;359;484;360;484;361;485;364;485;365;486;367;486;368;487;369;487;371;489;373;489;374;490;375;490;376;491;377;491;378;492;379;492;380;493;381;493;382;494;383;494;384;495;385;495;386;496;387;496;389;498;390;498;393;501;394;501;395;502;396;502;397;503;398;503;399;504;403;504;404;505;421;505;422;504;424;504;425;505;432;505;433;504;437;504;439;502;443;502;444;501;448;501;449;500;450;500;451;499;458;499;459;498;460;498;462;496;466;496;467;495;470;495;471;494;472;494;473;493;483;493;484;492;489;492;490;491;517;491;518;492;520;492;521;491;524;491;525;492;533;492;534;493;540;493;541;492;550;492;552;490;555;490;556;489;559;489;560;488;561;488;562;489;563;489;563;487;564;486;564;484;565;483;565;481;566;480;566;478;567;477;567;471;568;470;568;469;569;468;569;465;570;464;570;461;571;460;571;457;572;456;572;451;573;450;573;448;574;447;574;442;575;441;575;435;576;434;576;430;577;429;577;421;578;420;578;414;579;413;579;403;580;402;580;386;581;385;581;343;580;342;580;325;579;324;579;315;578;314;578;307;577;306;577;301;576;300;576;296;575;295;575;278;576;277;576;274;577;273;577;271;578;270;578;268;579;267;579;266;580;265;580;264;579;263;579;262;578;262;569;253;569;252;568;251;568;250;567;249;567;248;566;247;566;246;565;245;565;244;564;243;564;239;563;238;563;234;562;233;562;231;561;230;561;226;560;225;560;223;559;222;559;221;558;220;558;216;556;214;556;211;555;210;555;208;554;207;554;206;553;205;553;203;552;202;552;200;550;198;550;196;549;195;549;194;548;193
179,nasal_cutting_forceps,547;199;544;202;541;202;540;203;537;203;536;204;535;204;535;205;532;208;528;208;527;209;524;209;521;212;520;212;520;214;518;216;518;217;515;220;514;219;513;219;511;221;511;222;510;223;507;223;507;225;506;226;506;227;504;229;502;229;501;230;500;230;499;231;495;231;494;232;493;232;492;231;491;231;490;230;489;231;486;231;485;232;484;232;483;231;482;231;481;232;474;232;473;233;473;235;472;236;472;240;471;241;468;241;467;242;466;242;465;243;460;243;459;244;458;244;457;245;456;245;455;246;455;247;454;248;453;248;452;249;451;249;451;250;448;253;447;252;446;252;445;253;444;253;443;254;440;254;439;255;439;256;438;257;438;258;435;261;433;261;431;263;430;262;428;262;428;263;427;264;426;264;425;265;422;265;420;267;419;267;418;268;415;268;414;269;410;269;409;270;402;270;401;271;397;271;396;272;393;272;392;273;389;273;388;274;386;274;385;275;383;275;381;277;379;277;378;278;377;278;376;279;374;279;373;280;372;280;371;281;369;281;368;282;366;282;365;283;364;283;362;285;361;285;360;286;359;286;358;287;356;287;355;288;354;288;353;289;352;289;351;290;350;290;347;293;346;293;344;295;343;295;342;296;341;296;340;297;339;297;330;306;330;307;326;311;326;312;323;315;321;315;315;321;315;322;314;323;314;324;307;331;307;332;305;334;305;335;303;337;303;338;301;340;301;341;299;343;299;344;298;345;298;347;297;348;297;351;296;352;296;356;295;357;295;359;296;360;296;369;297;370;297;372;298;373;298;376;299;377;299;378;300;379;300;380;301;381;301;382;302;383;302;385;303;386;303;387;304;388;304;398;303;399;303;400;302;401;302;404;303;405;303;408;302;409;302;411;301;412;301;436;302;437;302;441;303;442;303;443;305;445;305;446;306;447;306;448;307;448;309;450;310;450;311;451;312;451;315;454;316;454;318;456;319;456;321;458;322;458;326;462;327;462;330;465;331;465;332;466;333;466;336;469;338;469;341;472;341;473;344;476;344;477;346;477;350;481;351;481;352;482;354;482;355;483;359;483;361;485;363;485;364;486;365;486;366;487;367;487;368;488;369;488;372;491;373;491;374;492;375;492;376;493;377;493;378;494;380;494;381;495;383;495;384;496;386;496;387;497;388;497;389;498;390;498;393;501;394;501;395;502;397;502;398;503;399;503;400;504;401;504;402;505;404;505;405;506;415;506;416;507;421;507;422;506;424;506;425;507;432;507;433;506;437;506;438;507;444;507;445;506;450;506;451;505;455;505;456;504;460;504;462;502;465;502;467;500;471;500;472;499;472;496;473;495;489;495;490;494;508;494;509;493;517;493;518;494;519;494;520;493;541;493;542;492;544;492;545;491;546;491;547;490;550;490;551;489;552;489;553;488;558;488;559;487;560;487;561;486;562;487;563;487;563;486;564;485;564;483;563;482;566;479;566;476;567;475;567;470;569;468;569;465;570;464;570;461;571;460;571;458;572;457;572;451;573;450;573;448;574;447;574;442;575;441;575;435;576;434;576;430;577;429;577;422;578;421;578;413;579;412;579;401;580;400;580;385;581;384;581;343;580;342;580;324;579;323;579;315;578;314;578;306;577;305;577;300;576;299;576;295;575;294;575;279;576;278;576;274;577;273;577;271;578;270;578;269;579;268;579;266;580;265;580;263;578;261;577;261;569;253;569;252;568;251;568;250;567;249;567;248;566;247;566;246;565;245;565;244;564;243;564;240;563;239;563;234;562;233;562;232;561;231;561;227;560;226;560;224;559;223;559;222;558;221;558;217;557;216;557;215;556;214;556;212;555;211;555;208;554;207;554;206;553;205;553;204;552;203;552;200;550;200;549;199
180,nasal_cutting_forceps,551;201;550;202;546;202;545;203;540;203;538;205;536;205;533;208;529;208;528;209;526;209;524;211;523;211;521;213;519;213;517;215;517;216;515;218;513;218;512;219;511;219;510;220;507;220;505;222;505;223;504;224;502;224;501;225;501;226;500;227;500;228;498;230;492;230;491;229;490;229;488;231;486;231;485;232;480;232;479;233;474;233;473;234;473;240;472;241;472;242;471;243;471;244;470;245;467;245;464;248;463;248;462;249;461;248;458;248;457;249;455;249;455;251;454;252;453;252;451;250;451;251;448;254;446;254;445;255;444;255;444;256;443;257;443;260;442;261;440;261;437;264;435;264;434;263;432;265;426;265;425;266;423;266;420;269;413;269;412;270;408;270;407;271;400;271;399;272;398;272;397;273;394;273;393;274;389;274;388;275;386;275;385;276;383;276;382;277;381;277;380;278;379;278;378;279;376;279;375;280;373;280;372;281;370;281;369;282;367;282;366;283;365;283;364;284;363;284;362;285;361;285;360;286;359;286;358;287;356;287;355;288;353;288;351;290;350;290;348;292;347;292;346;293;344;293;341;296;340;296;332;304;331;304;329;306;329;307;325;311;325;312;323;314;322;314;320;316;319;316;316;319;316;320;313;323;313;324;312;325;311;325;306;330;306;331;304;333;304;335;301;338;300;338;299;339;299;340;298;341;298;342;296;344;296;347;295;348;295;349;294;350;294;354;293;355;293;371;294;372;294;375;296;377;296;378;297;379;297;380;299;382;299;383;301;385;301;386;302;387;302;390;303;391;303;398;302;399;302;402;301;403;301;404;302;405;302;409;301;410;301;413;300;414;300;415;301;416;301;437;302;438;302;440;303;441;303;446;304;447;304;448;307;451;308;451;311;454;312;454;317;459;318;459;319;460;320;460;321;461;322;461;326;465;326;466;327;467;328;467;329;468;330;468;333;471;335;471;336;472;337;472;339;474;340;474;344;478;345;478;349;482;352;482;353;483;357;483;358;484;359;484;361;486;362;486;363;487;364;487;365;488;366;488;367;489;368;489;373;494;376;494;377;495;379;495;383;499;384;499;385;500;386;500;387;501;389;501;391;503;392;503;395;506;402;506;403;507;405;507;406;508;415;508;417;510;419;510;420;509;421;510;427;510;428;509;431;509;432;508;438;508;439;509;440;509;441;508;444;508;445;507;450;507;451;506;455;506;456;505;463;505;464;504;467;504;468;503;469;503;470;504;471;503;471;502;472;501;472;500;473;499;473;497;474;496;475;497;477;497;478;496;482;496;483;495;494;495;495;494;542;494;543;493;551;493;552;492;555;492;556;491;557;491;558;490;563;490;563;489;564;488;564;486;565;485;565;482;566;481;566;477;567;476;567;471;568;470;568;469;569;468;569;465;570;464;570;461;571;460;571;458;572;457;572;452;573;451;573;449;574;448;574;442;575;441;575;436;576;435;576;430;577;429;577;422;578;421;578;414;579;413;579;401;580;400;580;386;581;385;581;341;580;340;580;324;579;323;579;314;578;313;578;306;577;305;577;299;576;298;576;295;575;294;575;279;576;278;576;274;577;273;577;271;578;270;578;269;579;268;579;267;580;266;580;263;578;261;577;261;569;253;569;252;568;251;568;250;567;249;567;248;566;247;566;246;565;245;565;244;564;243;564;240;563;239;563;234;562;233;562;231;561;230;561;227;560;226;560;224;559;223;559;222;558;221;558;217;557;216;557;215;556;214;556;212;555;211;555;208;553;206;553;204;552;203;552;201
181,nasal_cutting_forceps,551;201;550;202;545;202;544;203;539;203;538;204;535;204;535;205;533;207;530;207;529;208;528;208;527;209;524;209;522;211;520;211;519;212;518;212;518;213;515;216;513;216;510;219;507;219;506;220;506;221;505;222;505;223;504;224;501;224;501;225;500;226;500;227;498;229;494;229;493;228;493;226;492;226;488;230;486;230;485;229;482;232;476;232;475;233;474;233;473;234;473;240;472;241;472;243;471;244;471;245;470;246;468;246;466;248;464;248;463;249;461;249;461;250;459;252;458;251;456;251;455;252;452;252;451;251;451;250;451;252;449;254;447;254;446;255;445;255;444;256;443;256;443;257;441;259;440;259;440;260;438;262;438;263;437;264;435;264;434;263;432;265;425;265;424;266;423;266;422;267;421;267;419;269;412;269;411;270;407;270;406;271;405;270;402;270;401;271;397;271;396;272;393;272;392;273;389;273;388;274;386;274;385;275;383;275;382;276;381;276;380;277;379;277;378;278;377;278;376;279;374;279;373;280;371;280;370;281;367;281;366;282;364;282;363;283;362;283;360;285;359;285;358;286;357;286;356;287;354;287;353;288;351;288;347;292;345;292;344;293;343;293;342;294;341;294;336;299;336;300;335;301;334;301;331;304;330;304;329;305;328;305;328;306;327;307;327;308;325;310;325;311;322;314;321;314;319;316;318;316;316;318;316;319;313;322;313;323;309;327;308;327;307;328;307;329;305;331;305;332;304;333;304;334;303;335;303;336;302;337;301;337;300;338;299;338;299;339;298;340;298;341;296;343;296;344;295;345;295;347;294;348;294;349;293;350;293;354;292;355;292;370;293;371;293;375;294;376;294;377;296;379;296;380;298;382;298;383;299;384;299;385;300;386;300;387;301;388;301;392;302;393;302;400;301;401;301;411;300;412;300;426;301;427;301;440;302;441;302;445;303;446;303;448;305;450;305;451;308;454;310;454;311;455;312;455;315;458;315;459;316;459;317;460;318;460;319;461;320;461;328;469;329;469;330;470;331;470;333;472;335;472;340;477;341;477;343;479;344;479;347;482;349;482;350;483;355;483;356;484;358;484;360;486;361;486;362;487;363;487;364;488;365;488;366;489;367;489;368;490;369;490;372;493;372;494;374;494;375;495;376;495;377;496;378;496;383;501;384;501;385;502;386;502;388;504;389;504;390;505;391;505;392;506;394;506;395;507;397;507;398;508;399;508;400;509;403;509;404;510;405;510;406;511;414;511;415;512;417;512;418;513;421;513;422;512;427;512;428;511;433;511;434;510;448;510;450;508;453;508;454;507;456;507;457;506;465;506;466;505;470;505;472;503;472;502;473;501;477;501;478;500;482;500;483;499;491;499;492;498;493;498;493;497;495;495;501;495;502;494;516;494;517;495;526;495;527;494;528;495;532;495;533;494;547;494;548;493;558;493;560;491;561;491;562;490;563;490;563;489;564;488;564;486;565;485;565;482;566;481;566;477;567;476;567;470;568;469;568;468;569;467;569;464;570;463;570;461;571;460;571;458;572;457;572;451;573;450;573;448;574;447;574;442;575;441;575;435;576;434;576;430;577;429;577;422;578;421;578;413;579;412;579;401;580;400;580;387;581;386;581;341;580;340;580;324;579;323;579;314;578;313;578;306;577;305;577;300;576;299;576;295;575;294;575;279;576;278;576;274;577;273;577;271;578;270;578;269;579;268;579;267;580;266;580;263;577;260;576;260;569;253;569;252;568;251;568;250;567;249;567;248;566;247;566;246;564;244;564;240;563;239;563;234;562;233;562;231;561;230;561;226;560;225;560;224;559;223;559;221;558;220;558;217;557;216;557;215;556;214;556;212;555;211;555;208;554;207;554;206;553;205;553;204;552;203;552;201
182,nasal_cutting_forceps,551;201;550;202;546;202;545;203;540;203;539;204;537;204;536;205;535;205;535;206;533;208;529;208;528;209;526;209;522;213;522;214;521;215;518;215;518;217;516;219;512;219;510;221;507;221;507;222;506;223;506;225;505;226;502;226;501;227;501;229;500;230;499;230;498;231;491;231;490;230;489;231;485;231;484;232;481;232;480;233;476;233;475;234;474;234;474;237;473;238;473;242;472;243;472;245;471;246;471;247;470;248;469;248;468;249;466;249;466;251;465;252;464;251;464;250;462;250;460;252;456;252;455;253;452;253;450;255;449;255;447;257;445;257;442;260;441;260;437;264;433;264;432;265;427;265;426;266;425;266;424;267;423;267;421;269;412;269;411;270;401;270;400;271;392;271;391;272;389;272;388;273;385;273;384;274;383;274;381;276;379;276;378;277;375;277;373;279;372;279;371;280;370;280;369;281;365;281;364;282;361;282;361;283;359;285;357;285;356;286;355;286;354;287;352;287;351;288;350;288;349;289;349;290;347;292;344;292;343;293;342;293;341;294;340;294;337;297;337;298;336;299;335;299;330;304;329;304;327;306;327;308;320;315;319;315;316;318;316;319;313;322;313;323;310;326;309;326;307;328;307;329;305;331;305;332;304;333;304;334;303;335;303;336;301;338;300;338;299;339;299;340;298;341;298;342;296;344;296;348;295;349;295;352;294;353;294;357;293;358;294;359;294;369;295;370;295;371;296;372;296;374;297;375;297;377;298;378;298;379;299;380;299;381;300;382;300;383;301;384;301;385;302;386;302;388;303;389;303;394;304;395;304;396;303;397;303;399;302;400;302;402;301;403;301;412;300;413;300;416;301;417;301;439;302;440;302;443;303;444;303;446;304;447;304;449;305;450;305;451;308;454;309;454;311;456;312;456;315;459;316;459;317;460;318;460;320;462;321;462;327;468;328;468;330;470;331;470;333;472;335;472;339;476;340;476;342;478;343;478;345;480;346;480;348;482;349;482;350;483;354;483;355;484;357;484;360;487;361;487;362;488;363;488;365;490;366;490;367;491;368;491;371;494;372;494;373;495;374;495;375;496;376;496;379;499;380;499;382;501;384;501;386;503;387;503;388;504;389;504;390;505;391;505;392;506;395;506;396;507;397;507;398;508;399;508;401;510;403;510;404;511;406;511;407;512;412;512;413;513;414;513;415;514;416;514;417;515;423;515;424;516;426;516;427;515;433;515;434;514;435;514;436;515;437;514;443;514;444;513;449;513;451;511;455;511;456;510;465;510;467;508;469;508;470;507;471;507;473;505;478;505;479;504;484;504;485;503;489;503;490;502;491;502;492;503;493;503;493;502;494;501;494;500;495;499;495;498;496;497;499;497;500;498;501;498;502;497;505;497;506;496;508;496;509;497;510;497;512;495;517;495;519;497;521;497;522;496;523;496;524;495;537;495;538;494;549;494;550;493;558;493;559;492;560;492;561;491;562;491;563;490;563;489;564;488;564;486;565;485;565;482;566;481;566;478;567;477;567;474;568;473;568;472;567;471;568;470;568;469;569;468;569;465;570;464;570;462;571;461;571;459;572;458;572;453;573;452;573;449;574;448;574;442;575;441;575;436;576;435;576;430;577;429;577;422;578;421;578;413;579;412;579;401;580;400;580;387;581;386;581;340;580;339;580;324;579;323;579;315;578;314;578;306;577;305;577;300;576;299;576;295;575;294;575;279;576;278;576;274;577;273;577;271;578;270;578;269;579;268;579;267;580;266;580;263;577;260;576;260;569;253;569;252;568;251;568;250;567;249;567;248;565;246;565;245;564;244;564;241;563;240;563;234;562;233;562;232;561;231;561;227;560;226;560;224;559;223;559;222;558;221;558;217;557;216;557;215;556;214;556;213;555;212;555;208;553;206;553;204;552;203;552;201
183,nasal_cutting_forceps,551;200;549;202;541;202;540;203;539;203;538;204;535;204;535;205;534;206;534;207;533;208;529;208;528;209;526;209;523;212;523;214;522;215;522;216;521;217;519;217;515;221;512;221;512;222;511;223;511;226;510;227;507;227;506;228;505;228;504;229;502;229;499;232;497;232;496;233;491;233;489;231;488;231;487;230;485;232;484;231;482;231;481;230;478;230;477;231;474;231;473;232;473;241;472;242;472;246;471;247;469;247;468;248;463;248;462;249;461;249;460;250;456;250;454;252;453;252;452;251;451;251;451;252;449;254;447;254;445;256;444;256;443;257;442;257;441;258;437;258;436;259;433;259;432;260;429;260;428;261;427;261;426;262;423;262;421;264;420;264;419;265;417;265;416;264;413;264;412;265;407;265;406;266;406;268;405;269;397;269;396;270;393;270;392;269;391;270;387;270;386;271;382;271;381;272;380;272;379;273;377;273;376;274;373;274;372;275;371;275;370;276;368;276;367;277;366;277;365;278;364;278;362;280;361;280;360;281;358;281;357;282;355;282;353;284;352;284;351;285;350;285;347;288;346;288;346;289;345;290;344;290;343;291;342;291;341;292;339;292;337;294;337;295;336;296;335;296;327;304;327;305;326;306;326;307;317;316;316;316;316;318;313;321;313;322;308;327;307;327;306;328;306;329;305;330;305;331;303;333;303;334;302;335;302;336;300;338;299;338;299;339;298;340;298;341;297;342;297;343;296;344;296;347;295;348;295;351;294;352;294;365;295;366;295;368;296;369;296;370;297;371;297;372;298;373;298;375;301;378;301;380;302;381;302;382;303;383;303;384;304;385;304;387;305;388;305;393;306;394;306;395;305;396;305;398;303;400;303;401;302;402;302;405;303;406;302;407;302;410;301;411;301;416;302;417;302;432;303;433;303;441;304;442;304;444;306;446;306;448;307;449;307;451;308;451;310;453;310;454;311;454;313;456;315;456;317;458;318;458;321;461;322;461;324;463;325;463;328;466;329;466;331;468;332;468;334;470;335;470;336;471;337;471;344;478;345;478;348;481;349;481;350;482;353;482;354;483;358;483;359;484;360;484;361;485;362;485;363;486;364;486;366;488;367;488;368;489;369;489;371;491;372;491;373;492;374;492;377;495;378;495;379;496;380;496;381;497;382;497;383;498;384;498;387;501;388;501;391;504;392;504;393;505;394;505;396;507;397;507;398;508;399;508;401;510;402;510;403;511;404;511;405;512;407;512;408;513;409;513;410;514;411;514;412;515;414;515;415;516;443;516;444;515;449;515;450;514;454;514;455;513;465;513;466;512;467;512;468;511;471;511;473;509;473;508;474;507;478;507;479;506;493;506;494;505;495;505;496;504;500;504;501;503;505;503;507;501;510;501;511;500;514;500;515;499;521;499;523;497;524;497;525;496;527;496;528;495;535;495;536;494;544;494;545;493;550;493;551;492;552;492;553;491;555;491;556;490;558;490;559;489;561;489;562;490;563;490;563;489;564;488;564;486;565;485;565;482;566;481;566;478;567;477;567;474;568;473;568;469;569;468;569;465;570;464;570;462;571;461;571;459;572;458;572;453;573;452;573;449;574;448;574;443;575;442;575;436;576;435;576;431;577;430;577;422;578;421;578;413;579;412;579;401;580;400;580;387;581;386;581;341;580;340;580;324;579;323;579;315;578;314;578;306;577;305;577;299;576;298;576;295;575;294;575;279;576;278;576;274;577;273;577;271;578;270;578;269;579;268;579;267;580;266;580;262;579;262;577;260;576;260;569;253;569;252;568;251;568;250;567;249;567;248;566;247;566;246;564;244;564;240;563;239;563;234;562;233;562;231;561;230;561;226;560;225;560;223;559;222;559;221;558;220;558;216;556;214;556;212;555;211;555;208;554;207;554;206;553;205;553;203;552;202;552;200
184,nasal_cutting_forceps,541;192;541;194;540;195;540;201;539;202;532;202;531;203;524;203;524;204;523;205;523;207;522;208;519;208;518;209;518;211;517;212;517;213;515;215;513;215;513;216;512;217;512;218;510;220;509;219;507;219;506;220;506;222;504;224;501;224;500;225;500;226;498;228;497;227;496;227;495;226;495;225;494;224;491;224;490;225;487;225;486;226;483;226;482;227;477;227;476;228;475;227;474;227;474;228;473;229;473;232;472;233;472;235;473;236;473;238;472;239;472;241;471;242;469;242;468;243;464;243;461;246;457;246;456;247;450;247;449;248;446;248;445;249;443;249;442;250;439;250;438;251;434;251;433;252;431;252;430;253;427;253;426;254;424;254;424;255;423;256;422;256;421;255;421;254;420;254;419;255;419;256;417;258;409;258;408;259;406;259;405;260;404;260;404;263;403;264;402;264;401;263;401;262;399;264;397;264;396;265;391;265;390;266;392;266;394;268;393;269;390;269;388;267;388;265;384;265;384;268;383;269;382;269;381;270;367;270;366;271;361;271;361;273;358;276;357;276;356;277;355;277;354;278;354;279;353;280;349;280;348;281;347;281;346;282;344;282;343;283;343;284;341;286;339;286;337;288;337;291;336;292;333;292;327;298;327;299;326;300;326;302;324;304;323;304;321;306;321;307;318;310;318;311;316;313;316;314;315;315;314;315;313;316;312;316;310;318;310;319;307;322;307;323;303;327;303;329;301;331;301;332;300;333;300;334;299;335;299;336;296;339;296;340;295;341;295;344;294;345;294;348;293;349;293;358;294;359;294;362;295;363;295;364;296;365;296;367;297;368;297;369;299;371;299;373;301;375;301;376;303;378;303;379;304;380;304;382;305;383;305;384;306;385;306;387;307;388;307;394;306;395;306;399;305;400;305;403;304;404;304;409;303;410;303;418;304;419;304;420;303;421;303;424;304;425;304;433;305;434;305;436;306;437;306;440;307;441;307;442;308;443;308;445;310;447;310;448;315;453;316;453;317;454;318;454;319;455;320;455;321;456;322;456;323;457;324;457;332;465;333;465;335;467;336;467;344;475;344;476;347;476;351;480;355;480;356;481;357;481;358;482;359;481;362;481;364;483;365;483;366;484;368;484;372;488;373;488;374;489;376;489;377;490;379;490;380;491;381;491;382;492;384;492;386;494;387;494;388;495;389;495;390;496;391;496;394;499;395;499;397;501;398;501;400;503;401;503;406;508;408;508;411;511;413;511;414;512;419;512;420;513;422;513;423;514;426;514;427;513;435;513;436;512;443;512;444;511;452;511;453;510;465;510;466;509;467;509;468;508;471;508;473;506;478;506;479;505;489;505;490;504;492;504;493;505;494;504;494;503;496;501;501;501;502;500;505;500;507;498;511;498;512;497;515;497;516;496;521;496;522;495;527;495;528;494;534;494;535;493;539;493;540;492;542;492;543;491;545;491;546;490;548;490;549;489;551;489;552;488;555;488;556;487;557;487;558;486;559;486;560;485;562;487;562;488;563;489;563;490;563;488;564;487;564;485;565;484;565;483;564;482;566;480;566;478;567;477;567;471;568;470;568;469;569;468;569;465;570;464;570;462;571;461;571;458;572;457;572;451;573;450;573;448;574;447;574;443;575;442;575;436;576;435;576;430;577;429;577;422;578;421;578;413;579;412;579;400;580;399;580;386;581;385;581;340;580;339;580;324;579;323;579;315;578;314;578;306;577;305;577;300;576;299;576;295;575;294;575;278;576;277;576;274;577;273;577;271;578;270;578;269;579;268;579;266;580;265;580;263;577;260;576;260;569;253;569;252;568;251;568;250;567;249;567;248;566;247;566;246;565;245;565;244;564;243;564;240;563;239;563;235;562;234;562;232;561;231;561;226;560;225;560;223;559;222;559;221;558;220;558;216;557;215;557;214;556;213;556;212;555;211;555;208;554;207;554;206;553;205;553;203;552;202;552;200;549;197;549;194;548;193;544;193;543;192
185,nasal_cutting_forceps,541;185;540;186;540;188;539;189;539;190;538;191;535;191;535;192;534;193;534;194;532;196;529;196;528;197;528;198;527;199;526;199;525;200;524;200;522;202;520;202;519;203;518;203;517;204;517;206;515;208;513;208;510;211;508;211;507;210;506;210;505;209;503;209;502;210;502;211;501;212;501;215;500;216;500;217;499;218;496;218;495;219;495;221;493;223;486;223;485;222;484;222;483;221;481;221;480;222;479;222;478;223;477;223;476;224;474;224;474;225;473;226;473;227;472;228;472;229;470;231;468;231;467;232;462;232;460;234;458;234;457;235;456;235;455;236;455;237;454;238;453;238;452;237;451;237;450;238;450;239;448;241;444;241;443;242;435;242;434;243;430;243;429;244;428;244;426;246;423;246;422;247;413;247;412;248;406;248;403;251;400;251;399;252;396;252;395;253;390;253;389;254;386;254;385;255;384;255;382;257;381;257;380;258;377;258;375;260;374;259;369;259;368;260;366;260;366;261;364;263;361;263;361;264;359;266;359;268;358;269;356;269;355;268;354;269;353;269;352;270;346;270;345;271;344;271;343;272;343;273;341;275;339;275;337;277;337;280;336;281;332;281;331;282;331;284;329;286;327;286;327;287;326;288;326;290;324;292;323;292;322;293;321;293;320;294;320;295;316;299;316;300;315;301;315;302;312;305;312;307;311;308;311;310;307;314;304;314;303;315;302;315;301;316;299;316;299;319;293;325;293;329;292;330;292;333;291;334;291;336;288;339;288;340;289;341;289;342;290;343;290;347;289;348;289;352;290;353;290;354;291;355;291;358;292;359;292;360;293;361;293;364;295;366;295;367;296;368;296;369;299;372;299;373;300;374;300;375;302;377;302;378;303;379;303;381;304;382;304;383;305;384;305;387;306;388;306;392;305;393;305;396;304;397;304;399;303;400;303;401;302;402;302;405;303;406;302;407;302;410;301;411;301;415;302;416;302;431;303;432;303;436;304;437;304;441;306;443;306;444;308;446;308;447;315;454;317;454;318;455;319;455;320;456;321;456;324;459;325;459;328;462;329;462;333;466;334;466;339;471;340;471;343;474;343;475;344;476;346;476;349;479;349;480;350;481;356;481;357;482;360;482;361;483;364;483;365;484;367;484;368;485;369;485;371;487;371;488;372;489;372;490;374;490;375;491;377;491;378;492;379;492;380;493;382;493;383;494;384;494;385;495;387;495;389;497;391;497;396;502;397;502;398;503;399;503;400;504;401;504;405;508;406;508;407;509;410;509;411;510;412;510;414;512;420;512;421;513;424;513;425;514;426;513;427;513;428;512;439;512;440;511;452;511;453;510;461;510;462;509;466;509;467;508;471;508;472;507;473;507;474;506;483;506;484;505;493;505;495;503;495;502;496;501;499;501;500;500;504;500;507;497;512;497;513;496;516;496;517;497;525;497;526;496;528;496;529;495;535;495;536;494;542;494;543;493;550;493;552;491;555;491;557;489;562;489;563;490;563;488;564;487;564;486;565;485;565;482;566;481;566;478;567;477;567;474;568;473;567;472;567;470;568;469;568;468;569;467;569;465;570;464;570;461;571;460;571;458;572;457;572;452;573;451;573;448;574;447;574;442;575;441;575;435;576;434;576;431;577;430;577;422;578;421;578;413;579;412;579;400;580;399;580;384;581;383;581;341;580;340;580;324;579;323;579;314;578;313;578;306;577;305;577;300;576;299;576;295;575;294;575;279;576;278;576;274;577;273;577;271;578;270;578;269;579;268;579;267;580;266;580;262;579;262;577;260;576;260;570;254;570;253;568;251;568;250;567;249;567;247;565;245;565;243;564;242;564;238;563;237;563;233;562;232;562;229;561;228;561;225;560;224;560;222;559;221;559;218;558;217;558;215;557;214;557;213;556;212;556;210;555;209;555;207;554;206;554;205;553;204;553;202;552;201;552;199;551;198;551;197;550;196;550;194;549;193;549;191;546;188;546;187;544;185
186,nasal_cutting_forceps,541;181;541;182;540;183;540;190;539;191;528;191;527;192;525;192;524;191;523;192;523;194;521;196;519;194;518;194;518;196;516;198;513;198;511;200;507;200;507;201;510;201;511;202;512;202;513;203;510;206;509;206;508;205;506;205;505;204;502;204;499;207;498;207;497;206;496;206;496;207;494;209;493;209;493;210;492;211;490;211;490;215;488;217;484;217;482;219;481;219;480;220;479;220;476;223;474;223;474;224;476;226;475;227;473;227;471;229;468;229;467;230;466;230;465;231;459;231;458;232;452;232;451;233;450;233;449;234;449;235;448;236;445;236;442;239;441;238;438;238;437;237;436;238;434;238;431;241;430;240;428;240;427;241;426;241;425;242;420;242;419;243;415;243;415;245;414;246;410;246;409;247;405;247;404;248;392;248;391;249;388;249;386;251;383;251;381;253;379;253;378;254;373;254;369;258;365;258;364;259;361;259;360;260;359;260;359;263;358;264;356;262;353;265;350;265;349;266;349;268;348;269;343;269;342;270;338;270;337;271;336;271;336;272;335;273;334;273;333;274;333;275;332;276;330;276;328;278;327;278;326;279;326;280;324;282;323;282;323;283;322;284;322;288;321;289;321;290;319;292;315;292;314;291;313;291;313;293;310;296;310;298;311;299;310;300;308;300;308;302;307;303;304;303;303;304;303;307;301;309;301;310;300;311;300;312;298;314;297;314;296;315;294;315;293;316;293;317;292;318;292;321;291;322;292;323;292;325;291;326;290;326;289;327;288;327;288;329;287;330;288;331;288;333;287;334;287;336;284;339;284;340;283;341;284;342;284;348;285;349;285;353;286;354;286;356;287;357;287;358;289;360;290;360;291;361;291;363;292;364;292;366;293;367;293;370;297;374;297;375;299;377;299;380;301;382;301;383;302;384;302;389;301;390;301;400;300;401;300;402;299;403;299;421;300;422;300;424;299;425;299;427;300;428;300;432;301;433;301;435;302;436;302;438;301;439;301;440;302;441;302;442;303;443;303;444;304;445;304;447;305;448;306;448;307;449;308;449;309;450;311;450;315;454;316;454;319;457;320;457;321;458;322;458;323;459;324;459;328;463;329;463;331;465;332;465;335;468;336;468;337;469;338;469;340;471;341;471;345;475;347;475;348;476;348;477;350;479;351;479;352;480;353;480;354;481;356;481;357;482;361;482;362;483;363;483;364;484;367;484;368;485;369;485;372;488;372;489;374;489;375;490;376;490;378;492;379;492;380;493;381;493;382;494;383;494;384;495;385;495;386;496;387;496;389;498;391;498;395;502;397;502;398;503;400;503;402;505;403;505;404;506;405;506;406;507;407;507;408;508;414;508;415;509;419;509;420;510;432;510;433;509;434;509;435;508;442;508;443;507;448;507;449;506;453;506;454;505;456;505;457;504;461;504;462;503;466;503;467;502;470;502;471;501;472;501;474;499;475;500;476;500;477;499;481;499;483;497;483;496;484;495;488;495;489;494;494;494;495;493;499;493;500;492;517;492;518;491;539;491;540;490;547;490;548;489;551;489;553;487;556;487;557;488;558;488;559;487;562;487;563;488;563;487;564;486;564;483;563;482;566;479;566;476;567;475;567;470;568;469;568;468;569;467;569;464;570;463;570;460;571;459;571;457;572;456;572;451;573;450;573;448;574;447;574;442;575;441;575;435;576;434;576;430;577;429;577;421;578;420;578;412;579;411;579;400;580;399;580;383;581;382;581;342;580;341;580;324;579;323;579;314;578;313;578;306;577;305;577;299;576;298;576;295;575;294;575;278;576;277;576;274;577;273;577;271;578;270;578;269;579;268;579;266;580;265;580;263;578;261;577;261;569;253;569;252;568;251;568;250;567;249;567;248;566;247;566;246;565;245;565;244;564;243;564;239;563;238;563;234;562;233;562;230;561;229;561;226;560;225;560;223;559;222;559;221;558;220;558;216;556;214;556;212;555;211;555;208;553;206;553;204;552;203;552;200;550;198;550;196;549;195;549;192;547;190;547;189;546;188;546;187;544;185;544;184;543;183;543;182;542;181
187,nasal_cutting_forceps,541;173;541;174;540;175;540;177;538;179;535;179;533;181;529;181;528;182;528;183;527;184;524;184;522;186;519;186;517;188;517;189;515;191;513;191;512;192;512;193;511;194;511;195;510;196;506;196;504;198;502;198;499;201;496;201;495;202;495;204;494;205;494;206;492;208;490;208;489;209;489;210;487;212;484;212;484;213;483;214;483;215;482;216;481;216;480;217;479;217;476;220;473;220;473;221;472;222;472;223;470;225;468;225;465;228;464;228;463;227;461;227;460;228;456;228;455;229;451;229;449;231;447;231;446;232;444;232;443;233;440;233;439;234;438;234;437;235;434;235;433;236;431;236;430;237;427;237;426;238;424;238;423;239;422;239;421;240;418;240;417;241;414;241;413;242;410;242;409;243;406;243;404;245;401;245;400;246;398;246;397;247;390;247;389;248;385;248;384;249;382;249;381;250;379;250;378;251;376;251;375;252;372;252;371;253;369;253;368;254;366;254;365;255;363;255;362;256;361;256;360;257;359;257;358;258;356;258;355;259;354;259;353;260;352;260;351;261;350;261;349;262;348;262;347;263;346;263;345;264;344;264;343;265;342;265;341;266;340;266;336;270;334;270;329;275;328;275;323;280;322;280;321;281;320;281;318;283;317;283;314;286;313;286;312;287;312;288;309;291;309;292;305;296;305;297;304;298;304;299;302;301;302;302;301;303;300;303;299;304;298;304;297;305;296;305;295;306;294;306;294;308;293;309;293;311;292;312;292;314;291;315;291;316;290;317;290;318;288;320;288;321;287;322;287;323;286;324;286;326;285;327;285;328;284;329;284;332;283;333;283;336;282;337;282;338;281;339;281;342;282;343;282;353;284;355;284;356;285;357;285;358;288;361;288;363;289;364;290;364;292;366;292;370;293;371;293;372;295;374;295;375;298;378;298;380;300;382;300;383;301;384;301;393;300;394;300;400;299;401;299;402;298;403;298;433;299;434;299;435;298;436;298;437;299;438;299;442;302;445;302;446;303;447;303;448;304;449;305;449;306;450;308;450;312;454;314;454;315;455;317;455;319;457;320;457;322;459;323;459;326;462;327;462;330;465;331;465;333;467;334;467;338;471;339;471;343;475;343;476;345;478;346;478;348;480;348;481;349;482;353;482;354;483;359;483;360;484;363;484;364;485;365;485;366;486;368;486;373;491;375;491;376;492;377;492;378;493;379;493;380;494;381;494;382;495;383;495;384;496;385;496;386;497;387;497;388;498;389;498;393;502;395;502;396;503;398;503;399;504;400;504;403;507;404;507;405;508;407;508;408;509;411;509;412;510;415;510;416;511;434;511;435;510;440;510;441;509;443;509;444;508;449;508;450;507;454;507;455;506;460;506;461;505;465;505;466;504;471;504;471;503;474;500;481;500;485;496;488;496;489;495;494;495;495;494;509;494;510;493;517;493;518;494;519;493;542;493;543;492;549;492;552;489;555;489;556;488;557;488;558;487;559;487;560;486;561;486;562;487;562;488;563;489;563;488;564;487;564;481;566;479;566;476;567;475;567;470;568;469;568;468;569;467;569;465;570;464;570;461;571;460;571;457;572;456;572;452;573;451;573;449;574;448;574;443;575;442;575;435;576;434;576;431;577;430;577;422;578;421;578;413;579;412;579;400;580;399;580;383;581;382;581;343;580;342;580;324;579;323;579;314;578;313;578;306;577;305;577;300;576;299;576;295;575;294;575;279;576;278;576;274;577;273;577;271;578;270;578;269;579;268;579;267;580;266;580;262;579;262;577;260;576;260;570;254;570;253;568;251;568;250;567;249;567;247;566;246;566;245;565;244;565;242;564;241;564;238;563;237;563;232;562;231;562;228;561;227;561;225;560;224;560;222;559;221;559;218;558;217;558;215;557;214;557;213;556;212;556;210;555;209;555;207;554;206;554;205;553;204;553;202;552;201;552;199;551;198;551;197;550;196;550;194;549;193;549;191;548;190;548;189;547;188;547;187;546;186;546;185;545;184;545;183;544;182;544;179;541;176
188,nasal_cutting_forceps,541;184;541;185;539;187;539;188;538;189;536;189;534;191;534;192;532;194;530;194;526;198;524;198;523;199;523;200;521;202;520;202;516;206;513;206;511;208;507;208;506;209;502;209;501;210;501;211;500;212;500;213;497;216;495;216;493;218;492;217;490;217;488;219;485;219;484;220;483;220;482;221;480;221;474;227;472;227;471;228;470;228;469;229;467;229;466;230;461;230;460;231;457;231;456;232;455;232;454;233;451;233;450;234;449;234;448;235;446;235;444;237;443;237;442;238;435;238;434;239;432;239;431;240;428;240;427;241;424;241;423;242;420;242;419;243;415;243;414;244;412;244;411;245;410;245;409;246;406;246;405;247;402;247;401;248;397;248;396;249;392;249;391;250;388;250;387;251;385;251;384;252;382;252;381;253;378;253;377;254;375;254;374;255;372;255;371;256;369;256;368;257;366;257;364;259;362;259;361;260;360;260;358;262;357;262;356;263;354;263;353;264;351;264;350;265;349;265;348;266;348;267;347;268;346;268;345;269;344;269;342;271;341;271;336;276;335;276;334;277;333;277;330;280;329;280;327;282;326;282;325;283;324;283;324;284;323;285;322;285;318;289;318;290;317;291;317;292;316;293;315;293;314;292;313;292;311;294;311;295;307;299;307;300;305;302;305;304;304;305;304;306;303;307;303;308;300;311;300;312;295;317;295;318;293;320;293;321;292;322;292;323;291;324;291;325;290;326;290;329;289;330;289;332;288;333;288;334;287;335;287;337;286;338;286;347;287;348;287;349;288;350;288;353;290;355;290;357;292;359;292;360;293;361;293;363;296;366;296;367;297;368;297;369;298;370;298;371;299;372;299;373;300;374;300;375;303;378;303;380;304;381;304;383;305;384;305;386;306;387;306;393;305;394;305;397;304;398;304;399;303;400;303;401;302;402;302;410;301;411;301;417;302;418;302;426;303;427;303;428;304;429;303;430;303;431;304;432;304;433;305;434;305;439;306;440;306;442;307;443;307;444;308;445;308;446;309;447;309;448;310;448;311;449;312;449;313;450;314;450;318;454;319;454;320;455;321;455;323;457;324;457;327;460;328;460;335;467;336;467;340;471;341;471;344;474;346;474;348;476;348;477;351;480;356;480;357;481;360;481;361;480;362;481;363;481;365;483;367;483;368;484;369;484;371;486;371;487;372;488;373;488;374;489;376;489;377;490;378;490;379;491;383;491;384;492;385;492;388;495;390;495;393;498;394;498;396;500;397;500;398;501;399;501;400;502;401;502;404;505;405;505;407;507;409;507;410;508;412;508;413;509;414;509;415;510;418;510;419;511;424;511;425;512;426;512;427;511;436;511;437;512;438;511;449;511;450;510;453;510;454;509;458;509;459;508;465;508;466;507;467;507;468;506;471;506;473;504;480;504;481;503;482;503;483;502;483;501;484;500;488;500;489;499;493;499;494;498;494;497;496;495;514;495;515;494;536;494;537;493;548;493;552;489;555;489;556;488;558;488;559;487;561;487;563;489;563;487;564;486;564;481;565;480;566;480;566;476;567;475;567;469;568;468;568;467;569;466;569;464;570;463;570;460;571;459;571;457;572;456;572;451;573;450;573;447;574;446;574;442;575;441;575;435;576;434;576;430;577;429;577;422;578;421;578;412;579;411;579;399;580;398;580;384;581;383;581;342;580;341;580;324;579;323;579;315;578;314;578;306;577;305;577;300;576;299;576;295;575;294;575;278;576;277;576;274;577;273;577;271;578;270;578;269;579;268;579;267;580;266;580;263;578;261;577;261;569;253;569;252;568;251;568;250;567;249;567;248;566;247;566;246;565;245;565;243;564;242;564;238;563;237;563;233;562;232;562;230;561;229;561;225;560;224;560;223;559;222;559;220;558;219;558;216;557;215;557;214;556;213;556;211;555;210;555;208;554;207;554;206;553;205;553;203;552;202;552;200;551;199;551;198;550;197;550;194;549;193;549;191;547;189;547;188;544;185;543;185;542;184
189,nasal_cutting_forceps,546;189;545;190;545;191;544;192;541;192;541;193;540;194;540;195;538;197;536;197;534;199;534;200;532;202;530;202;529;203;528;203;526;205;524;205;524;206;523;207;522;207;521;208;518;208;515;211;513;211;512;212;512;215;510;217;507;217;506;218;506;219;505;220;503;220;502;219;500;221;500;222;499;223;498;222;497;222;496;221;496;222;493;225;490;225;489;226;484;226;483;227;483;228;482;229;478;229;477;230;471;230;470;231;464;231;463;232;461;232;460;233;457;233;456;234;452;234;451;235;450;235;449;236;448;236;447;237;445;237;444;238;443;238;442;239;439;239;438;240;434;240;433;241;431;241;430;242;425;242;424;243;420;243;419;244;417;244;416;245;413;245;412;246;409;246;408;247;403;247;402;248;397;248;396;249;391;249;390;250;388;250;387;251;384;251;383;252;382;252;381;253;378;253;377;254;374;254;373;255;370;255;369;256;368;256;367;257;365;257;364;258;363;258;362;259;360;259;359;260;358;260;357;261;356;261;355;262;354;262;353;263;351;263;350;264;349;264;345;268;344;268;343;269;342;269;340;271;339;271;335;275;334;275;332;277;331;277;320;288;320;289;316;293;313;293;313;294;312;295;312;296;307;301;307;302;305;304;305;305;304;306;304;308;301;311;301;312;298;315;297;315;296;316;295;316;295;317;294;318;294;319;293;320;293;321;292;322;292;324;291;325;291;326;290;327;290;329;289;330;289;332;288;333;288;336;287;337;287;344;288;345;288;348;290;350;290;352;291;353;291;354;292;355;292;357;293;358;293;359;296;362;296;364;300;368;300;369;301;370;301;372;302;373;302;374;305;377;305;378;306;379;306;381;307;382;307;383;308;384;308;385;309;386;309;388;310;389;310;397;309;398;309;400;308;401;308;404;306;406;306;413;307;414;307;416;308;417;308;421;307;422;307;425;308;426;308;427;309;428;309;433;310;434;310;440;311;441;311;443;313;445;313;446;314;447;314;448;316;450;316;451;319;454;320;454;321;455;323;455;330;462;331;462;333;464;333;465;334;465;340;471;341;471;344;474;347;474;348;475;348;476;349;477;349;478;350;479;352;479;353;480;356;480;357;481;362;481;363;482;364;482;365;483;366;483;367;484;369;484;372;487;372;488;374;488;375;489;377;489;378;490;379;490;380;491;384;491;385;492;386;492;388;494;389;494;390;495;392;495;394;497;396;497;398;499;399;499;400;500;401;500;404;503;405;503;409;507;410;507;411;508;413;508;414;509;415;509;417;511;418;511;419;512;420;512;421;513;422;513;423;514;425;514;426;515;432;515;433;516;450;516;451;515;461;515;462;514;465;514;467;512;469;512;470;513;471;513;474;510;479;510;481;508;482;508;483;507;484;507;485;506;486;507;487;507;488;506;493;506;496;503;499;503;501;501;502;501;503;502;505;502;507;500;508;500;510;502;510;501;511;500;512;500;513;499;518;499;519;498;521;498;522;497;523;497;525;495;535;495;536;494;541;494;542;493;549;493;552;490;555;490;556;489;557;489;558;488;561;488;562;489;563;489;563;488;564;487;564;485;565;484;565;483;564;482;566;480;566;477;567;476;567;470;568;469;568;467;569;466;569;464;570;463;570;460;571;459;571;457;572;456;572;451;573;450;573;448;574;447;574;442;575;441;575;435;576;434;576;431;577;430;577;422;578;421;578;413;579;412;579;400;580;399;580;385;581;384;581;341;580;340;580;324;579;323;579;316;578;315;578;306;577;305;577;300;576;299;576;295;575;294;575;279;576;278;576;274;577;273;577;271;578;270;578;269;579;268;579;266;580;265;580;263;578;261;577;261;569;253;569;252;567;250;567;248;566;247;566;246;565;245;565;244;564;243;564;239;563;238;563;234;562;233;562;230;561;229;561;226;560;225;560;223;559;222;559;221;558;220;558;216;556;214;556;212;555;211;555;208;553;206;553;204;552;203;552;200;550;198;550;196;549;195;549;193;547;191;547;189
190,nasal_cutting_forceps,541;193;541;194;540;195;540;196;539;197;539;198;537;200;535;200;532;203;530;203;529;204;528;204;526;206;524;206;522;208;518;208;517;209;517;210;515;212;513;212;513;214;510;217;507;217;504;220;501;220;498;223;496;223;495;224;494;224;493;225;490;225;489;226;486;226;485;227;483;227;482;228;478;228;477;229;468;229;467;230;463;230;462;231;459;231;458;232;455;232;454;233;451;233;450;234;449;234;448;235;446;235;445;236;443;236;442;237;436;237;435;238;432;238;431;239;427;239;426;240;422;240;421;241;416;241;415;242;410;242;409;243;405;243;402;246;395;246;394;247;388;247;387;248;382;248;381;249;378;249;377;250;374;250;373;251;370;251;369;252;367;252;366;253;363;253;362;254;360;254;360;256;358;258;355;258;354;259;350;259;349;260;348;260;346;262;345;262;343;264;342;264;341;265;339;265;339;266;338;267;338;268;336;270;334;270;333;271;332;271;329;274;328;274;326;276;326;277;325;278;325;279;324;280;323;280;322;281;321;281;320;282;319;282;319;283;317;285;316;285;316;286;313;289;313;290;311;292;310;292;309;293;309;294;308;295;308;296;305;299;305;300;304;301;304;303;302;305;302;306;301;307;301;308;300;309;300;311;297;314;295;314;293;316;293;319;292;320;292;321;291;322;291;324;290;325;290;326;289;327;289;328;288;329;288;333;287;334;287;343;288;344;288;346;290;348;290;349;291;350;291;352;293;354;293;356;294;357;294;358;298;362;298;363;302;367;302;368;303;369;303;372;304;373;304;374;305;375;305;376;307;378;307;379;308;380;308;381;309;382;309;383;310;384;310;385;311;386;311;387;312;388;312;398;311;399;311;400;310;401;310;402;309;403;309;404;307;406;307;414;308;415;308;416;310;418;310;420;309;421;309;422;308;423;308;424;309;425;309;427;310;428;310;433;311;434;311;440;312;441;312;442;313;443;313;445;315;447;315;448;316;449;316;451;318;453;319;453;320;454;321;454;322;455;323;455;329;461;330;461;334;465;335;465;337;467;338;467;341;470;341;471;342;471;344;473;346;473;348;475;348;476;349;477;349;478;351;480;355;480;356;481;361;481;364;484;367;484;368;485;369;485;372;488;373;488;374;489;376;489;377;490;379;490;380;491;382;491;383;490;384;490;385;491;386;491;387;492;388;492;389;493;390;493;391;494;392;494;394;496;395;496;396;497;398;497;400;499;401;499;402;500;403;500;406;503;407;503;411;507;412;507;413;508;414;508;415;509;416;509;418;511;419;511;420;512;422;512;423;513;425;513;426;514;433;514;434;515;441;515;442;516;444;516;445;515;446;516;448;516;449;515;450;515;451;514;455;514;456;515;460;515;461;514;463;514;464;513;471;513;472;512;473;512;474;511;482;511;484;509;488;509;489;508;491;508;492;507;493;507;494;506;495;506;496;505;501;505;502;504;510;504;511;503;516;503;517;502;521;502;523;500;527;500;529;498;530;498;531;497;534;497;535;496;536;496;537;495;539;495;540;494;544;494;545;493;550;493;552;491;555;491;556;490;557;490;558;489;562;489;563;490;563;488;564;487;564;486;565;485;565;482;566;481;566;478;567;477;567;474;568;473;567;472;567;470;568;469;568;468;569;467;569;464;570;463;570;461;571;460;571;458;572;457;572;452;573;451;573;448;574;447;574;442;575;441;575;435;576;434;576;430;577;429;577;422;578;421;578;414;579;413;579;400;580;399;580;384;581;383;581;341;580;340;580;328;579;327;580;326;580;325;579;324;579;317;578;316;578;306;577;305;577;300;576;299;576;295;575;294;575;278;576;277;576;274;577;273;577;271;578;270;578;269;579;268;579;266;580;265;580;263;579;262;578;262;569;253;569;252;567;250;567;249;566;248;566;247;565;246;565;244;564;243;564;240;563;239;563;235;562;234;562;231;561;230;561;226;560;225;560;223;559;222;559;221;558;220;558;217;557;216;557;215;556;214;556;213;555;212;555;208;553;206;553;204;552;203;552;200;551;200;550;199;550;198;549;197;549;194;548;194;547;193;545;193;544;194;543;194;542;193
191,nasal_cutting_forceps,546;201;545;202;541;202;538;205;536;205;533;208;530;208;529;209;528;209;526;211;525;211;524;212;523;212;523;214;521;216;519;216;516;219;513;219;512;220;511;220;510;221;509;221;508;222;507;222;506;223;506;225;504;227;502;227;500;229;496;229;495;230;479;230;478;229;473;229;472;230;468;230;467;231;462;231;461;232;458;232;457;233;455;233;454;234;451;234;449;236;447;236;446;237;444;237;443;238;441;238;440;239;436;239;435;240;433;240;432;241;427;241;426;242;419;242;418;243;412;243;411;244;409;244;408;245;403;245;402;246;399;246;398;247;394;247;393;248;389;248;388;249;386;249;385;250;382;250;381;251;377;251;376;252;373;252;372;253;369;253;368;254;365;254;364;255;363;255;362;256;361;256;360;257;359;257;358;258;357;258;356;259;355;259;354;260;353;260;352;261;351;261;350;262;349;262;347;264;346;264;345;265;343;265;340;268;339;268;338;269;338;270;337;271;336;271;333;274;332;274;330;276;329;276;324;281;323;281;317;287;316;287;316;288;314;290;314;291;312;293;312;294;307;299;307;300;306;301;306;302;304;304;304;305;303;306;303;307;302;308;302;309;299;312;299;313;298;314;297;314;294;317;294;318;293;319;293;320;292;321;292;323;291;324;291;325;290;326;290;328;289;329;289;331;288;332;288;335;287;336;287;337;288;338;288;346;291;349;291;350;292;351;292;353;293;354;293;356;294;357;294;358;295;358;299;362;299;363;303;367;303;369;304;370;304;372;305;373;305;374;306;375;306;376;308;378;308;379;309;380;309;381;311;383;311;384;313;386;313;388;314;389;314;438;315;439;315;444;316;445;316;446;318;448;317;449;317;451;320;454;321;454;322;455;323;455;328;460;329;460;334;465;335;465;336;466;337;466;338;467;339;467;341;469;341;470;344;473;346;473;348;475;348;476;349;477;349;478;350;479;351;479;352;480;354;480;355;481;358;481;359;482;360;482;361;483;362;483;363;484;364;484;367;487;369;487;370;488;371;488;372;489;373;489;374;490;376;490;378;492;380;492;381;493;382;493;383;492;384;493;387;493;388;494;391;494;392;495;393;495;395;497;396;497;397;498;398;498;400;500;401;500;403;502;404;502;405;503;406;503;407;504;408;504;410;506;411;506;412;507;413;507;417;511;418;511;419;512;420;512;421;513;422;513;423;514;425;514;427;516;434;516;435;517;466;517;467;516;473;516;474;515;482;515;483;514;483;513;484;512;487;512;488;511;493;511;494;510;494;509;495;508;495;507;496;506;497;507;499;507;500;506;507;506;508;505;516;505;517;504;519;504;520;503;522;503;523;502;524;502;525;501;527;501;530;498;533;498;534;497;535;497;536;496;537;496;538;495;539;495;540;494;543;494;544;493;549;493;552;490;555;490;556;489;559;489;560;488;561;488;562;489;563;489;563;488;564;487;564;485;565;484;565;482;566;481;566;478;567;477;567;475;568;474;568;472;567;471;568;470;568;468;569;467;569;465;570;464;570;461;571;460;571;458;572;457;572;452;573;451;573;448;574;447;574;442;575;441;575;436;576;435;576;431;577;430;577;422;578;421;578;415;579;414;579;401;580;400;580;385;581;384;581;341;580;340;580;324;579;323;579;316;578;315;578;306;577;305;577;300;576;299;576;295;575;294;575;279;576;278;576;274;577;273;577;271;578;270;578;269;579;268;579;266;580;265;580;263;579;262;578;262;569;253;569;252;568;251;568;250;567;249;567;248;566;247;566;246;565;245;565;244;564;243;564;240;563;239;563;235;562;234;562;231;561;230;561;226;560;225;560;224;559;223;559;222;558;221;558;217;557;216;557;215;556;214;556;213;555;212;555;209;554;208;554;207;553;206;553;205;552;204;552;201
192,nasal_cutting_forceps,548;199;547;200;546;200;544;202;540;202;538;204;537;204;536;205;535;205;535;206;533;208;530;208;529;209;528;209;527;210;526;210;525;211;524;211;523;212;523;213;521;215;519;215;517;217;517;218;516;219;513;219;510;222;507;222;507;223;504;226;502;226;501;227;501;228;499;230;494;230;494;231;493;232;491;230;488;230;485;227;483;229;480;229;479;228;477;230;475;230;474;229;473;230;472;230;471;231;468;231;467;232;466;232;465;233;462;233;461;234;459;234;458;235;456;235;455;236;452;236;451;237;449;237;448;238;447;238;446;239;444;239;443;240;440;240;439;241;434;241;433;242;432;242;431;243;427;243;426;244;423;244;422;245;418;245;417;246;411;246;410;247;403;247;402;248;399;248;398;249;393;249;392;250;389;250;388;251;383;251;382;252;381;252;380;253;377;253;376;254;373;254;372;255;369;255;368;256;366;256;365;257;362;257;361;258;360;258;359;259;358;259;357;260;355;260;354;261;353;261;352;262;350;262;348;264;347;264;346;265;345;265;344;266;343;266;341;268;340;268;334;274;333;274;332;275;331;275;328;278;327;278;324;281;323;281;322;282;321;282;317;286;316;286;316;287;315;288;315;289;314;290;314;291;312;293;312;294;307;299;307;300;304;303;304;304;303;305;303;306;302;307;302;308;300;310;300;311;297;314;296;314;293;317;293;319;292;320;292;321;291;322;291;323;290;324;290;325;289;326;289;328;288;329;288;331;287;332;287;334;286;335;286;347;288;349;288;352;290;354;290;355;291;356;291;358;292;359;292;360;293;361;293;363;297;367;297;368;298;369;298;370;302;374;302;375;303;376;303;377;304;378;304;381;305;382;305;383;309;387;309;388;310;389;310;392;312;394;312;401;310;403;310;411;309;412;309;415;311;417;311;418;310;419;310;424;309;425;309;426;310;427;310;432;311;433;311;436;310;437;311;438;311;442;312;443;312;444;313;445;313;448;314;449;314;450;315;451;315;454;321;460;322;460;323;461;324;461;326;463;326;464;327;465;328;465;329;466;330;466;331;467;332;467;336;471;337;471;338;472;339;472;340;473;341;473;342;474;342;475;343;476;343;477;344;478;346;478;348;480;348;481;349;482;350;482;351;483;356;483;357;484;359;484;362;487;364;487;365;488;366;488;367;489;369;489;371;491;372;491;373;492;375;492;376;493;377;493;378;494;381;494;382;495;383;495;384;496;387;496;389;498;391;498;394;501;394;502;395;502;396;503;397;503;398;504;399;504;400;505;401;505;406;510;409;510;410;511;411;511;412;512;413;512;416;515;417;515;418;516;421;516;422;517;427;517;428;518;436;518;437;519;438;519;439;520;454;520;455;519;462;519;463;518;470;518;471;517;482;517;483;516;486;516;487;515;491;515;492;516;493;516;496;513;499;513;500;512;505;512;506;511;507;511;508;510;512;510;513;509;514;509;515;508;516;508;518;506;522;506;523;505;529;505;530;504;538;504;538;502;539;501;539;500;540;499;540;497;542;495;550;495;551;494;554;494;555;493;561;493;561;492;562;491;563;491;563;490;564;489;564;487;565;486;565;484;566;483;566;480;567;479;567;476;568;475;568;469;569;468;569;466;570;465;570;462;571;461;571;459;572;458;572;454;573;453;573;449;574;448;574;443;575;442;575;437;576;436;576;432;577;431;577;423;578;422;578;415;579;414;579;401;580;400;580;386;581;385;581;341;580;340;580;324;579;323;579;315;578;314;578;306;577;305;577;299;576;298;576;295;575;294;575;280;576;279;576;274;577;273;577;271;578;270;578;269;579;268;579;267;580;266;580;262;579;262;576;259;575;259;570;254;570;253;568;251;568;250;567;249;567;247;566;246;566;245;565;244;565;243;564;242;564;238;563;237;563;233;562;232;562;229;561;228;561;225;560;224;560;223;559;222;559;220;558;219;558;216;557;215;557;214;556;213;556;211;555;210;555;207;554;206;554;205;553;204;553;203;552;202;552;200;550;200;549;199
193,nasal_cutting_forceps,548;202;547;203;544;203;543;204;541;204;538;207;536;207;535;208;534;208;533;209;530;209;528;211;528;212;527;213;524;213;524;214;521;217;519;217;516;220;513;220;510;223;507;223;507;225;504;228;502;228;499;231;496;231;493;234;491;234;490;233;489;234;486;234;485;233;484;233;483;234;479;234;478;235;477;235;476;236;475;235;474;235;473;236;473;237;470;240;469;239;468;239;467;240;466;240;465;241;464;241;463;240;462;241;456;241;455;242;446;242;445;243;443;243;442;244;439;244;438;245;434;245;433;246;432;246;431;247;422;247;421;248;419;248;418;249;413;249;412;250;407;250;406;251;400;251;399;252;394;252;393;253;388;253;387;254;383;254;382;255;380;255;379;256;375;256;374;257;370;257;369;258;367;258;366;259;364;259;363;260;361;260;360;261;359;261;358;262;355;262;354;263;351;263;350;264;349;264;347;266;346;266;344;268;342;268;341;269;340;269;334;275;333;275;332;276;331;276;329;278;328;278;324;282;323;282;316;289;316;290;313;293;312;293;312;294;307;299;307;300;305;302;305;303;304;304;304;305;303;306;303;307;301;309;301;310;296;315;295;315;294;316;294;317;293;318;293;320;291;322;291;323;290;324;290;325;289;326;289;327;288;328;288;331;287;332;287;334;286;335;286;336;285;337;285;341;284;342;284;344;285;345;285;347;286;348;286;349;287;350;287;353;288;354;288;355;289;356;289;358;292;361;292;362;293;363;293;365;294;366;294;368;296;370;297;370;299;372;299;373;303;377;303;380;304;381;304;383;305;384;305;386;308;389;308;391;309;392;309;393;311;395;311;396;310;397;311;398;311;401;310;402;310;404;312;406;312;407;311;408;311;410;310;411;310;416;311;417;311;418;310;419;310;423;309;424;309;427;310;428;310;444;311;445;311;448;313;448;314;449;314;450;315;451;315;455;316;456;316;457;319;460;320;460;321;461;322;461;325;464;325;465;326;466;327;466;330;469;331;469;332;470;333;470;334;471;336;471;337;472;338;472;340;474;341;474;342;475;342;476;344;478;346;478;350;482;352;482;353;483;356;483;357;484;358;484;361;487;363;487;364;488;365;488;366;489;368;489;369;490;370;490;372;492;374;492;375;493;376;493;377;494;379;494;380;495;382;495;383;496;384;496;385;497;386;497;389;500;390;500;394;504;395;504;397;506;398;506;400;508;401;508;402;509;403;509;406;512;407;512;408;513;409;513;410;514;411;514;412;515;413;515;414;516;415;516;416;517;418;517;419;518;421;518;422;517;423;517;424;518;427;518;428;519;437;519;438;520;439;520;440;521;441;521;442;520;444;520;445;521;446;520;449;520;450;519;455;519;456;518;466;518;467;517;472;517;473;516;481;516;482;515;483;515;484;514;487;514;488;513;495;513;496;512;503;512;504;511;505;511;507;509;508;509;509;508;515;508;517;506;519;506;520;505;528;505;529;504;538;504;539;503;539;501;540;500;540;498;541;497;542;497;543;496;545;496;546;495;551;495;552;494;558;494;559;493;561;493;563;491;563;489;564;488;564;486;565;485;565;484;566;483;566;480;567;479;567;476;568;475;568;469;569;468;569;465;570;464;570;461;571;460;571;458;572;457;572;453;573;452;573;449;574;448;574;443;575;442;575;436;576;435;576;431;577;430;577;422;578;421;578;414;579;413;579;401;580;400;580;384;581;383;581;342;580;341;580;324;579;323;579;316;578;315;578;307;577;306;577;300;576;299;576;295;575;294;575;279;576;278;576;274;577;273;577;271;578;270;578;269;579;268;579;266;580;265;580;264;579;263;579;262;578;262;568;252;568;251;567;250;567;248;566;247;566;246;565;245;565;244;564;243;564;240;563;239;563;234;562;233;562;231;561;230;561;226;560;225;560;224;559;223;559;222;558;221;558;218;557;217;557;216;556;215;556;214;555;213;555;209;554;208;554;207;553;206;553;205;552;204;552;202
194,nasal_cutting_forceps,551;201;550;202;545;202;544;203;541;203;537;207;535;207;533;209;531;209;530;210;528;210;527;211;526;211;525;212;524;212;523;213;523;214;521;216;518;216;518;217;516;219;514;219;513;220;512;220;510;222;508;222;507;223;507;224;505;226;503;226;499;230;495;230;494;231;494;232;493;233;492;233;491;232;481;232;480;233;474;233;473;234;473;235;470;238;467;238;465;240;461;240;460;241;456;241;455;242;448;242;447;243;445;243;444;244;442;244;441;245;438;245;437;246;434;246;433;247;429;247;428;248;427;247;425;247;424;248;421;248;420;249;415;249;414;250;406;250;405;251;404;251;403;252;400;252;399;253;395;253;394;254;390;254;389;255;386;255;385;256;381;256;380;257;377;257;376;258;372;258;371;259;367;259;366;260;364;260;363;261;361;261;360;262;359;262;358;263;356;263;355;264;353;264;352;265;350;265;349;266;348;266;346;268;344;268;343;269;341;269;340;270;339;270;338;271;338;272;335;275;334;275;333;276;332;276;329;279;327;279;325;281;324;281;323;282;322;282;317;287;316;287;316;288;315;289;315;290;305;300;305;301;304;302;304;303;303;304;303;306;300;309;300;310;295;315;294;315;294;316;293;317;293;318;292;319;292;320;290;322;290;323;289;324;289;325;288;326;288;328;287;329;287;331;286;332;286;334;285;335;285;336;284;337;284;338;283;339;283;350;284;351;284;352;285;353;285;354;286;355;286;358;288;360;288;361;289;362;289;363;292;366;292;368;293;369;293;371;294;371;297;374;297;375;300;378;300;379;302;381;302;382;303;383;303;385;304;386;304;387;306;389;306;392;308;394;308;396;309;397;309;404;310;405;310;409;309;410;309;412;308;413;308;416;309;417;309;419;308;420;308;422;307;423;307;439;308;440;308;444;309;445;309;449;312;452;312;453;314;455;314;457;315;458;315;460;317;462;318;462;320;464;320;465;321;465;322;466;324;466;328;470;329;470;330;471;331;471;332;472;333;472;334;473;335;473;339;477;340;477;344;481;344;482;347;482;349;484;353;484;355;486;357;486;359;488;360;488;361;489;363;489;364;490;365;490;366;491;367;491;368;492;369;492;371;494;372;494;373;495;375;495;379;499;383;499;384;500;385;500;388;503;389;503;390;504;391;504;395;508;397;508;399;510;400;510;401;511;402;511;404;513;405;513;406;514;408;514;409;515;410;515;411;516;412;516;413;517;414;517;417;520;420;520;421;521;422;521;423;522;424;522;425;521;426;522;429;522;430;523;436;523;437;524;438;523;449;523;450;522;459;522;460;521;462;521;463;520;467;520;468;519;471;519;472;518;473;518;474;517;480;517;481;516;484;516;485;515;492;515;493;516;496;516;497;515;505;515;507;513;510;513;511;512;514;512;515;511;516;511;519;508;526;508;527;507;530;507;531;506;541;506;542;505;549;505;550;504;550;501;551;500;551;498;554;495;561;495;562;494;562;493;563;492;563;491;564;490;564;488;565;487;565;485;566;484;566;480;567;479;567;476;568;475;568;469;569;468;569;465;570;464;570;462;571;461;571;459;572;458;572;454;573;453;573;450;574;449;574;444;575;443;575;437;576;436;576;432;577;431;577;423;578;422;578;416;579;415;579;403;580;402;580;387;581;386;581;340;580;339;580;324;579;323;579;314;578;313;578;306;577;305;577;299;576;298;576;294;575;293;575;280;576;279;576;274;577;273;577;271;579;269;579;267;580;266;580;263;577;260;576;260;569;253;569;252;568;251;568;250;567;249;567;248;566;247;566;246;565;245;565;243;564;242;564;239;563;238;563;233;562;232;562;229;561;228;561;225;560;224;560;223;559;222;559;221;558;220;558;216;557;215;557;214;556;213;556;211;555;210;555;208;554;207;554;206;553;205;553;203;552;202;552;201
195,nasal_cutting_forceps,551;205;549;207;546;207;545;208;541;208;541;209;539;211;537;211;536;212;533;212;532;213;530;213;529;214;528;214;526;216;524;216;522;218;521;218;520;219;517;219;516;220;515;220;514;221;513;221;510;224;508;224;506;226;506;227;504;229;503;229;502;230;501;230;500;231;499;231;498;232;496;232;495;233;495;234;494;235;490;235;489;234;487;234;486;233;484;233;483;232;481;232;480;233;479;233;478;232;477;232;476;231;474;231;473;232;473;234;472;235;472;236;471;237;470;237;469;238;468;238;465;241;462;241;461;242;460;242;459;243;456;243;454;245;450;245;449;246;445;246;443;248;439;248;438;249;435;249;434;250;433;250;432;251;427;251;426;252;422;252;421;253;415;253;414;254;412;254;411;255;409;255;408;256;404;256;403;257;398;257;397;258;390;258;389;259;386;259;385;260;378;260;377;261;375;261;374;262;370;262;369;263;365;263;364;264;361;264;360;265;358;265;357;266;355;266;354;267;351;267;350;268;349;268;348;269;345;269;344;270;342;270;341;271;340;271;335;276;334;276;331;279;330;279;329;280;328;280;327;281;326;281;325;282;323;282;318;287;317;287;316;288;316;289;315;290;315;291;305;301;305;302;304;303;304;304;303;305;303;306;302;307;302;308;299;311;299;312;297;314;296;314;293;317;293;318;290;321;290;322;288;324;288;325;287;326;287;327;286;328;286;330;285;331;285;332;284;333;284;335;283;336;283;337;282;338;282;341;281;342;281;358;282;359;282;360;283;360;284;361;284;363;286;365;286;366;287;367;287;369;292;374;292;376;293;377;293;378;294;379;294;381;296;381;299;384;299;386;300;386;302;388;302;393;303;394;303;395;302;396;302;401;300;403;301;404;302;404;303;405;303;410;302;411;302;413;303;414;303;424;302;425;302;426;303;427;303;443;304;444;304;448;307;451;307;453;308;454;308;455;309;456;309;459;311;461;312;461;314;463;314;465;316;467;317;467;319;469;320;469;321;470;322;470;323;471;325;471;326;472;330;472;331;473;332;473;333;474;333;475;334;475;335;476;336;476;342;482;343;482;344;483;345;483;346;484;347;484;350;487;353;487;354;488;356;488;357;489;358;489;359;490;361;490;362;491;366;491;367;492;368;492;373;497;375;497;377;499;377;500;379;502;379;503;383;507;383;508;385;508;386;509;387;509;388;510;390;510;391;511;392;511;395;514;396;514;397;515;398;515;400;517;402;517;405;520;413;520;414;521;415;521;417;523;449;523;450;522;453;522;454;521;459;521;460;520;465;520;466;519;467;519;468;518;472;518;473;517;475;517;476;516;483;516;485;514;492;514;493;515;495;513;497;513;498;512;500;512;501;513;502;513;503;512;506;512;507;511;513;511;514;510;518;510;519;509;527;509;528;508;529;508;530;507;532;507;533;506;534;507;538;507;539;506;540;506;540;504;541;503;542;503;543;504;549;504;550;503;550;500;551;499;551;497;553;495;560;495;563;492;563;491;564;490;564;488;565;487;565;485;566;484;566;480;567;479;567;476;568;475;568;469;569;468;569;466;570;465;570;463;571;462;571;459;572;458;572;454;573;453;573;450;574;449;574;444;575;443;575;437;576;436;576;432;577;431;577;423;578;422;578;415;579;414;579;404;580;403;580;387;581;386;581;341;580;340;580;324;579;323;579;314;578;313;578;306;577;305;577;299;576;298;576;294;575;293;575;280;576;279;576;274;577;273;577;271;578;270;578;269;579;268;579;267;580;266;580;263;578;261;577;261;569;253;569;252;568;251;568;250;567;249;567;248;566;247;566;246;565;245;565;243;564;242;564;239;563;238;563;233;562;232;562;229;561;228;561;225;560;224;560;223;559;222;559;221;558;220;558;216;557;215;557;214;556;213;556;212;555;211;555;209;553;207;553;206;552;205
196,nasal_cutting_forceps,551;206;550;207;546;207;545;208;541;208;538;211;535;211;534;212;531;212;530;213;525;213;524;214;523;214;521;216;520;215;518;215;515;218;512;218;511;219;507;219;505;221;505;223;504;224;501;224;500;225;499;225;498;226;491;226;487;230;486;229;484;229;483;230;474;230;474;231;473;232;473;235;472;236;472;239;471;240;471;241;470;242;467;242;465;244;463;244;462;245;459;245;458;246;455;246;454;247;449;247;448;248;444;248;443;249;435;249;434;250;433;250;432;251;428;251;427;252;423;252;422;253;419;253;418;254;413;254;412;255;411;255;410;256;406;256;405;257;401;257;400;258;398;258;397;259;389;259;388;260;379;260;378;261;376;261;375;262;370;262;369;263;366;263;365;264;361;264;360;265;357;265;356;266;354;266;353;267;350;267;349;268;348;268;347;269;344;269;343;270;341;270;340;271;338;271;338;272;335;275;333;275;332;276;331;276;330;277;329;277;328;278;327;278;327;279;325;281;323;281;322;282;320;282;320;283;318;285;316;285;316;286;305;297;305;298;304;299;304;300;303;301;303;302;299;306;299;307;298;308;298;309;293;314;292;314;288;318;288;319;287;320;287;321;284;324;284;325;282;327;282;331;281;332;281;335;280;336;280;337;278;339;278;343;277;344;277;353;279;355;279;358;280;359;280;361;281;362;281;364;282;365;282;367;283;368;283;369;284;370;285;370;287;372;287;374;289;376;290;376;292;378;292;381;296;385;296;386;298;388;298;389;299;390;299;397;301;399;301;402;300;403;303;406;302;407;302;410;301;411;301;413;300;414;300;415;301;415;303;417;303;418;302;419;302;421;301;422;301;425;300;426;301;427;301;428;302;429;301;430;301;435;300;436;300;437;301;438;301;439;302;440;301;441;301;443;302;444;302;448;303;449;303;452;304;453;304;455;307;458;307;459;311;463;311;465;312;465;314;467;315;467;317;469;318;469;319;470;320;470;321;471;323;471;324;472;325;472;326;473;327;473;328;474;329;474;332;477;333;477;334;478;335;478;339;482;341;482;342;483;343;483;344;484;346;484;350;488;353;488;354;489;355;489;357;491;358;491;359;492;361;492;362;493;364;493;365;494;366;494;367;495;369;495;371;497;371;499;372;500;374;500;382;508;382;509;383;510;383;511;384;511;385;512;386;512;389;515;390;515;391;516;393;516;394;517;395;517;396;518;398;518;400;520;402;520;403;521;404;521;405;522;415;522;416;523;422;523;423;522;429;522;430;521;435;521;436;520;441;520;442;519;448;519;449;518;453;518;454;517;459;517;460;516;465;516;466;515;471;515;474;512;481;512;482;511;483;511;485;509;488;509;489;508;495;508;496;507;503;507;504;508;506;506;517;506;518;507;519;507;520;506;523;506;524;507;526;507;527;506;539;506;541;504;546;504;547;505;549;505;550;504;550;502;551;501;551;498;554;495;556;495;557;496;558;496;559;495;561;495;563;493;563;491;564;490;564;488;565;487;565;486;566;485;566;481;567;480;567;476;568;475;568;469;569;468;569;466;570;465;570;463;571;462;571;459;572;458;572;454;573;453;573;449;574;448;574;444;575;443;575;437;576;436;576;432;577;431;577;423;578;422;578;415;579;414;579;403;580;402;580;387;581;386;581;339;580;338;580;323;579;322;579;313;578;312;578;305;577;304;577;299;576;298;576;294;575;293;575;280;576;279;576;274;577;273;577;271;578;270;578;269;579;268;579;267;580;266;580;264;579;263;579;262;577;260;576;260;569;253;569;252;568;251;568;250;567;249;567;248;566;247;566;246;565;245;565;243;564;242;564;240;563;239;563;234;562;233;562;230;561;229;561;225;560;224;560;223;559;222;559;221;558;220;558;216;556;214;556;213;555;212;555;209;552;206
197,nasal_cutting_forceps,541;220;540;221;535;221;533;223;531;223;530;222;529;223;527;223;526;224;523;224;522;225;519;225;518;226;517;226;517;227;516;228;513;228;512;229;511;229;510;230;507;230;506;231;505;231;504;232;502;232;498;236;496;236;493;239;483;239;482;240;477;240;476;241;475;240;474;240;473;241;473;245;470;248;466;248;465;249;457;249;456;250;455;250;454;251;453;250;446;250;445;251;444;251;443;252;434;252;433;253;425;253;424;254;421;254;420;255;416;255;415;256;413;256;412;257;410;257;409;258;407;258;406;259;400;259;399;260;390;260;389;261;388;261;387;262;376;262;375;263;370;263;369;264;365;264;364;265;358;265;357;266;354;266;353;267;350;267;349;268;348;268;347;269;344;269;343;270;342;270;341;271;338;271;338;272;335;275;333;275;332;276;331;276;330;277;329;277;328;278;327;278;326;279;326;280;325;281;323;281;322;282;320;282;320;283;318;285;316;285;310;291;310;292;307;295;307;296;304;299;304;300;303;301;303;302;301;304;300;304;299;305;299;306;293;312;293;313;291;315;290;315;289;316;289;317;287;319;287;320;284;323;284;324;283;325;283;326;282;327;282;331;281;332;281;333;280;334;280;336;279;337;279;338;278;339;278;340;277;341;277;344;276;345;276;347;277;348;277;353;278;354;278;357;279;358;279;359;280;360;280;361;281;362;281;364;282;365;282;366;284;368;284;369;285;369;287;371;287;372;289;374;289;375;290;375;292;377;292;379;293;380;293;381;297;385;297;386;300;389;300;390;301;391;301;396;302;397;302;399;303;400;303;403;304;404;304;406;305;407;305;408;306;409;306;410;305;411;305;416;304;417;304;431;303;432;303;438;304;439;304;447;305;448;305;452;306;453;306;455;307;456;307;458;308;459;308;460;309;460;311;462;311;463;312;464;312;465;317;470;318;470;319;471;323;471;324;472;325;472;327;474;327;475;328;476;330;476;332;478;333;478;335;480;336;480;337;481;338;481;340;483;341;483;342;484;343;484;344;485;346;485;350;489;351;489;353;491;354;491;355;492;356;492;357;493;363;493;364;494;366;494;367;495;369;495;372;498;372;499;373;499;374;500;375;500;377;502;378;502;381;505;381;506;382;507;382;509;383;510;383;511;384;511;385;512;386;512;387;513;388;513;389;514;390;514;391;515;392;515;393;516;394;516;395;517;396;517;397;518;398;518;400;520;401;520;403;522;404;522;405;523;406;523;407;524;416;524;417;525;422;525;423;524;424;525;425;525;426;524;427;524;428;523;432;523;433;522;435;522;436;523;437;523;438;522;439;522;440;521;448;521;449;520;450;520;451;519;453;519;454;518;460;518;461;517;466;517;467;516;471;516;474;513;478;513;479;512;488;512;489;511;494;511;495;510;499;510;500;509;503;509;504;508;506;508;507;509;508;508;510;508;511;507;521;507;522;506;538;506;540;504;540;503;541;502;543;502;544;503;545;502;547;502;548;503;549;503;549;501;550;500;550;498;551;497;551;496;552;495;560;495;561;494;562;494;563;493;563;491;564;490;564;488;565;487;565;485;566;484;566;481;567;480;567;477;568;476;568;471;569;470;569;466;570;465;570;463;571;462;571;459;572;458;572;453;573;452;573;449;574;448;574;443;575;442;575;437;576;436;576;432;577;431;577;423;578;422;578;414;579;413;579;404;580;403;580;388;581;387;581;340;580;339;580;324;579;323;579;315;578;314;578;306;577;305;577;300;576;299;576;295;575;294;575;276;576;275;576;272;577;271;577;270;579;268;579;263;576;260;575;260;572;257;572;256;569;253;569;252;567;250;567;248;566;247;566;246;564;244;564;241;563;240;563;237;562;236;562;233;561;232;561;227;560;226;560;225;558;223;558;222;553;222;551;220
198,nasal_cutting_forceps,543;219;542;220;537;220;536;221;533;221;532;222;528;222;527;223;524;223;523;224;518;224;517;225;516;225;515;226;513;226;510;229;509;228;507;228;504;231;502;231;501;232;500;232;499;233;497;233;496;234;495;234;493;236;492;235;491;235;490;236;489;236;487;238;486;237;485;237;484;236;483;237;482;237;480;239;478;239;475;236;474;236;473;237;473;243;472;244;472;247;471;248;470;248;469;249;466;249;465;250;464;249;462;249;461;248;456;248;454;250;453;249;452;249;451;248;449;250;445;250;444;251;439;251;438;252;429;252;428;253;423;253;422;254;417;254;416;255;415;255;414;256;411;256;410;257;405;257;404;258;399;258;398;259;388;259;387;260;378;260;377;261;371;261;370;262;366;262;365;263;360;263;359;264;354;264;353;265;349;265;348;266;347;266;346;267;345;267;344;268;341;268;340;269;338;269;336;271;333;271;330;274;329;274;328;275;327;275;323;279;322;279;321;280;320;280;319;281;316;281;314;283;314;284;305;293;305;294;304;295;304;297;297;304;295;304;293;306;293;308;292;309;292;310;291;311;291;312;289;314;288;314;282;320;282;322;281;323;281;328;280;329;280;330;279;331;279;333;278;334;278;335;276;337;276;338;275;339;275;344;274;345;274;348;275;349;275;353;276;354;276;356;277;357;277;359;279;361;279;362;280;363;280;364;281;365;281;366;282;367;282;369;283;370;284;370;287;373;287;374;291;378;291;379;292;380;292;381;293;382;293;383;297;387;297;388;298;389;298;391;299;392;299;395;300;396;300;397;301;398;301;404;303;406;303;421;302;422;302;427;303;428;303;430;302;431;302;438;303;439;303;448;304;449;304;453;305;454;305;455;306;456;306;457;307;458;307;460;309;462;309;463;310;464;310;465;311;465;315;469;315;470;316;470;317;471;320;471;321;472;322;472;323;473;324;473;325;474;325;475;327;477;328;477;329;478;330;478;331;479;332;479;334;481;335;481;338;484;339;484;340;485;341;485;344;488;346;488;349;491;349;492;350;493;353;493;354;494;361;494;362;495;366;495;367;496;368;496;371;499;371;500;372;501;373;501;374;502;375;502;376;503;377;503;379;505;379;506;382;509;382;510;385;513;386;513;387;514;388;514;390;516;392;516;395;519;398;519;400;521;401;521;403;523;404;523;405;524;410;524;411;525;414;525;415;526;416;526;417;527;420;527;421;526;426;526;429;523;443;523;444;522;449;522;450;521;453;521;454;520;455;520;456;519;459;519;460;518;462;518;463;517;468;517;469;516;472;516;473;515;476;515;477;514;481;514;482;515;483;514;485;514;486;513;489;513;490;512;495;512;496;511;507;511;508;510;514;510;515;511;527;511;528;510;544;510;545;509;546;509;547;508;550;508;551;509;552;509;553;510;555;510;555;502;558;499;559;499;560;498;560;496;561;495;562;495;562;494;563;493;563;492;564;491;564;489;565;488;565;486;566;485;566;481;567;480;567;477;568;476;568;470;569;469;569;466;570;465;570;463;571;462;571;459;572;458;572;455;573;454;573;450;574;449;574;443;575;442;575;437;576;436;576;432;577;431;577;423;578;422;578;415;579;414;579;404;580;403;580;388;581;387;581;341;580;340;580;324;579;323;579;315;578;314;578;306;577;305;577;300;576;299;576;295;575;294;575;278;576;277;576;273;577;272;577;271;578;270;578;269;579;268;579;266;580;265;579;264;579;262;578;262;575;259;574;259;573;258;573;257;570;254;570;253;568;251;568;250;567;249;567;247;565;245;565;244;564;243;564;240;563;239;563;235;562;234;562;231;561;230;561;227;560;226;560;225;558;223;558;222;556;220;556;219
199,nasal_cutting_forceps,547;225;546;226;541;226;540;227;539;227;538;228;534;228;533;229;528;229;527;230;523;230;522;231;518;231;517;232;516;232;515;233;512;233;510;235;507;235;507;236;504;239;501;239;499;241;497;241;496;240;495;241;494;241;493;242;492;242;491;241;490;241;489;242;485;242;484;243;483;243;482;244;478;244;475;247;475;248;471;252;467;252;466;253;455;253;454;254;453;253;449;253;448;254;447;253;428;253;427;254;424;254;423;255;417;255;416;256;415;256;414;257;409;257;408;258;405;258;404;259;397;259;396;260;387;260;386;261;377;261;376;262;368;262;367;263;364;263;363;264;356;264;355;265;349;265;348;266;347;266;346;267;344;267;343;268;340;268;339;269;338;269;336;271;335;271;334;272;333;272;331;274;330;274;329;275;327;275;323;279;321;279;319;281;318;281;317;282;316;282;315;283;315;284;308;291;308;292;305;295;305;296;304;297;304;298;298;304;297;304;294;307;294;308;292;310;292;311;285;318;285;319;284;320;284;321;283;322;283;323;282;324;282;328;281;329;281;331;279;333;279;335;278;336;278;337;277;338;277;340;276;341;276;348;277;349;277;352;278;353;278;355;279;356;279;358;281;360;281;361;282;362;282;364;285;367;285;368;288;371;288;372;290;374;290;375;293;378;293;380;298;385;298;386;301;389;301;390;302;391;302;397;305;400;305;402;306;403;306;404;307;405;307;407;308;408;308;413;309;414;309;416;308;417;309;418;309;420;308;421;308;422;307;423;307;424;308;425;308;426;307;427;307;429;308;430;308;431;307;432;307;437;308;438;308;445;309;446;309;455;310;456;310;458;311;459;311;460;313;462;313;463;314;464;314;465;315;466;315;467;319;471;321;471;322;472;323;472;328;477;329;477;331;479;333;479;335;481;336;481;339;484;340;484;344;488;347;488;350;491;351;491;352;492;353;492;355;494;357;494;358;495;360;495;361;494;362;495;364;495;366;497;369;497;370;498;370;499;372;501;373;501;375;503;376;503;378;505;379;505;382;508;382;510;385;513;386;513;388;515;389;515;390;516;392;516;394;518;395;518;396;519;397;519;399;521;400;521;401;522;402;522;403;523;404;523;405;524;407;524;408;525;410;525;411;526;413;526;414;527;417;527;418;528;438;528;439;527;449;527;451;525;454;525;456;523;457;523;458;524;460;524;460;523;463;520;470;520;473;517;478;517;479;516;492;516;493;515;500;515;501;514;505;514;506;513;511;513;512;512;515;512;516;513;527;513;528;512;529;512;530;511;538;511;541;508;543;508;544;507;551;507;551;502;553;500;554;500;555;501;556;500;557;500;560;497;560;496;561;495;562;495;563;494;563;492;564;491;564;489;565;488;565;486;566;485;566;481;567;480;567;477;568;476;568;471;569;470;569;466;570;465;570;463;571;462;571;460;572;459;572;455;573;454;573;449;574;448;574;443;575;442;575;437;576;436;576;432;577;431;577;423;578;422;578;415;579;414;579;403;580;402;580;387;581;386;581;343;580;342;580;329;579;328;579;326;580;325;579;324;579;315;578;314;578;306;577;305;577;300;576;299;576;296;575;295;575;289;574;288;574;285;575;284;575;277;576;276;576;273;577;272;577;270;579;268;579;263;576;260;575;260;572;257;572;256;568;252;568;251;567;250;567;248;565;246;565;245;564;244;564;242;563;241;563;238;562;237;562;233;561;232;561;229;560;228;560;226;559;226;558;225
200,nasal_cutting_forceps,550;237;549;239;542;239;540;240;535;240;533;241;529;241;528;243;524;243;522;244;519;244;518;246;515;246;514;247;511;247;510;248;508;248;507;250;505;250;504;251;503;251;501;252;500;252;498;254;497;254;496;255;493;255;492;257;486;257;485;258;453;258;451;257;437;257;436;258;428;258;426;259;419;259;418;261;411;261;410;262;400;262;398;264;390;264;389;265;378;265;376;266;361;266;360;268;355;268;354;269;350;269;348;271;346;271;344;272;343;272;341;273;340;273;339;275;337;275;336;276;333;276;332;277;330;277;329;279;328;279;326;280;325;280;323;282;322;282;321;283;319;283;312;290;312;291;309;294;309;296;307;298;307;300;305;301;305;303;301;307;301;308;294;315;294;316;289;322;289;323;286;326;286;328;284;329;284;330;283;332;283;333;282;334;282;337;280;339;280;344;279;346;279;351;280;353;280;357;282;358;282;361;283;362;283;364;286;366;286;368;289;371;289;372;297;380;297;382;301;386;301;387;304;390;304;391;307;394;307;396;309;398;309;400;312;403;312;404;314;405;314;407;315;408;315;410;316;411;316;419;315;421;315;425;314;426;314;437;312;439;312;450;314;451;314;460;315;461;315;464;316;465;316;467;318;468;318;469;323;475;325;475;329;479;330;479;333;482;334;482;340;487;341;487;347;493;348;493;351;496;353;496;355;498;357;498;358;500;360;500;361;501;362;501;364;503;365;503;366;504;369;504;371;505;372;505;373;507;375;507;378;510;379;510;380;511;382;511;385;514;386;514;387;515;389;515;390;517;391;517;393;518;394;518;396;519;397;519;398;521;400;521;401;522;403;522;404;524;405;524;407;525;408;525;410;526;411;526;412;528;415;528;416;529;419;529;421;530;423;530;425;532;435;532;436;533;447;533;448;532;461;532;462;530;468;530;469;529;473;529;475;528;478;528;479;526;482;526;483;525;487;525;489;524;493;524;494;522;501;522;503;521;514;521;515;519;528;519;529;518;536;518;537;517;540;517;542;515;544;515;546;514;547;514;549;512;550;512;557;505;557;504;558;503;558;501;560;500;560;498;561;497;561;494;562;493;562;490;564;489;564;486;565;485;565;480;567;479;567;475;568;473;568;469;569;468;569;462;571;461;571;457;572;455;572;448;574;447;574;439;575;437;575;432;576;430;576;422;578;421;578;410;579;408;579;396;581;394;581;369;582;368;582;357;581;355;581;328;579;326;579;316;578;315;578;309;576;308;576;303;575;301;575;296;574;294;574;276;575;275;575;271;576;269;576;264;575;262;575;261;574;259;574;258;571;255;571;254;568;251;568;250;567;248;567;247;565;246;565;244;564;243;564;241;561;239;561;237
201,nasal_cutting_forceps,552;242;551;243;546;243;545;244;541;244;540;245;535;245;534;246;528;246;527;247;526;247;525;248;519;248;516;251;513;251;512;252;511;252;510;253;509;253;508;252;503;257;502;257;502;258;503;259;500;262;495;262;494;263;492;263;491;262;489;262;488;263;487;263;486;262;478;262;477;263;475;263;474;262;473;262;470;265;469;264;468;264;467;265;466;265;465;266;464;265;460;265;459;264;449;264;448;265;447;264;435;264;434;263;433;264;428;264;427;265;422;265;421;266;398;266;397;267;388;267;387;268;374;268;373;269;365;269;364;270;360;270;359;271;353;271;352;272;350;272;349;273;348;273;347;274;344;274;343;275;341;275;340;276;338;276;334;280;333;280;332;281;331;281;330;282;329;282;327;284;326;284;324;286;323;286;322;287;321;287;320;288;320;289;318;291;318;292;316;294;315;294;314;295;313;295;313;296;312;297;312;298;311;299;311;300;305;306;305;307;304;308;304;309;298;315;297;315;295;317;295;318;293;320;293;321;291;323;291;324;288;327;288;329;287;330;287;331;286;332;286;333;285;334;285;336;284;337;284;338;283;339;283;340;282;341;282;358;283;359;283;360;284;361;284;363;286;365;286;366;287;367;287;369;291;373;291;374;294;377;294;378;301;385;301;386;303;388;303;389;304;390;304;392;305;393;305;395;307;397;307;398;308;398;310;400;311;400;312;401;312;402;313;403;314;403;316;405;317;405;318;406;318;415;317;416;317;421;316;422;316;432;315;433;315;458;316;459;316;466;317;467;317;468;323;474;324;474;325;475;325;476;327;478;328;478;330;480;332;480;334;482;335;482;341;488;342;488;343;489;344;489;345;490;346;490;347;491;348;491;351;494;351;495;352;496;353;496;354;497;355;497;356;498;357;498;358;499;359;499;360;500;362;500;363;501;366;501;367;502;368;502;369;503;372;503;374;505;374;506;375;507;376;507;378;509;380;509;381;510;381;511;384;514;385;514;386;515;387;515;388;516;389;516;390;517;391;517;392;518;394;518;395;519;397;519;398;520;400;520;401;521;402;521;405;524;407;524;408;525;409;525;411;527;412;527;415;530;416;530;417;531;419;531;420;532;423;532;425;534;429;534;430;535;439;535;440;536;441;535;449;535;450;534;453;534;454;533;461;533;462;532;467;532;468;531;471;531;472;530;473;530;474;529;476;529;477;528;482;528;483;527;487;527;488;526;493;526;495;524;496;524;497;523;501;523;502;522;503;523;511;523;512;522;516;522;518;520;522;520;523;519;529;519;530;520;536;520;537;519;539;519;540;518;541;518;542;517;549;517;550;516;552;516;554;514;555;514;555;513;556;512;556;511;557;510;557;509;558;508;558;507;559;506;559;504;560;503;560;501;561;500;561;498;562;497;562;495;563;494;563;492;564;491;564;489;565;488;565;486;566;485;566;481;567;480;567;477;568;476;568;473;569;472;569;467;570;466;570;463;571;462;571;460;572;459;572;455;573;454;573;450;574;449;574;444;575;443;575;437;576;436;576;431;577;430;577;422;578;421;578;413;579;412;579;404;580;403;580;387;581;386;581;341;580;340;580;324;579;323;579;318;578;317;578;310;577;309;577;302;576;301;576;298;575;297;575;289;574;288;574;282;575;281;575;275;576;274;576;271;578;269;578;263;570;255;570;254;567;251;567;250;566;249;566;248;564;246;564;245;563;244;563;242;556;242;555;243;553;243
202,nasal_cutting_forceps,557;246;556;247;546;247;545;248;535;248;533;250;531;250;530;249;529;250;528;250;527;251;524;251;523;252;518;252;516;254;513;254;512;255;509;255;508;256;507;256;506;257;506;258;505;259;505;260;504;261;501;261;501;262;500;263;494;263;493;264;492;263;490;263;489;264;484;264;483;265;482;265;481;266;478;266;476;268;475;267;474;267;473;268;473;269;471;271;466;271;465;272;464;271;459;271;458;270;454;270;453;269;450;269;449;270;447;270;446;269;415;269;414;268;412;268;411;269;395;269;394;270;386;270;385;271;382;271;381;270;380;270;379;271;366;271;365;272;360;272;359;273;354;273;353;274;349;274;348;275;345;275;344;276;343;276;342;277;340;277;339;278;338;278;337;279;336;279;334;281;333;281;332;282;332;283;330;285;329;285;328;286;327;286;323;290;322;290;320;292;319;292;318;293;317;293;312;298;312;299;310;301;310;302;308;304;307;304;306;305;305;305;305;307;304;308;304;309;303;310;303;311;300;314;299;314;297;316;296;316;294;318;294;319;293;320;293;321;292;322;292;324;290;326;290;327;289;328;289;330;288;331;288;332;287;333;287;334;286;335;286;337;285;338;285;340;284;341;284;343;283;344;283;347;282;348;282;360;283;361;283;362;284;363;284;364;286;366;286;369;288;371;288;372;292;376;292;377;293;378;293;380;294;381;295;381;298;384;298;385;301;388;301;389;302;390;302;393;303;394;303;397;304;398;304;399;306;401;306;402;307;403;308;403;309;404;310;404;311;405;313;405;315;407;315;408;316;409;316;410;317;411;317;412;318;413;318;415;317;416;317;419;318;420;318;423;317;424;317;426;316;427;316;463;317;464;317;467;318;468;318;469;320;471;320;472;323;475;324;475;328;479;329;479;330;480;331;480;332;481;333;481;339;487;340;487;342;489;343;489;344;490;345;490;346;491;347;491;351;495;352;495;356;499;358;499;360;501;362;501;363;502;365;502;366;503;368;503;369;504;370;504;372;506;372;507;374;507;377;510;378;510;379;511;380;511;383;514;385;514;386;515;387;515;388;516;389;516;390;517;392;517;395;520;397;520;399;522;401;522;402;523;403;523;404;524;405;524;406;525;407;525;408;526;409;526;410;527;411;527;414;530;415;530;417;532;420;532;421;533;422;533;423;534;426;534;427;535;434;535;435;536;440;536;441;535;451;535;452;534;460;534;461;533;466;533;467;532;471;532;473;530;474;530;475;529;480;529;481;528;485;528;486;527;495;527;496;526;500;526;501;525;505;525;506;524;513;524;514;523;522;523;523;522;524;522;525;523;528;523;529;522;531;522;532;523;544;523;545;522;546;522;547;521;551;521;552;522;552;520;555;517;555;515;556;514;556;513;557;512;557;510;558;509;558;508;559;507;559;505;560;504;560;502;561;501;561;499;562;498;562;496;563;495;563;493;564;492;564;489;565;488;565;486;566;485;566;482;567;481;567;478;568;477;568;474;569;473;569;467;570;466;570;463;571;462;571;460;572;459;572;455;573;454;573;450;574;449;574;444;575;443;575;438;576;437;576;432;577;431;577;423;578;422;578;415;579;414;579;400;580;399;580;383;581;382;581;341;580;340;580;324;579;323;579;316;578;315;578;307;577;306;577;301;576;300;576;295;575;294;575;280;576;279;576;273;577;272;577;270;579;268;579;263;576;260;575;260;572;257;572;256;571;256;569;254;569;253;567;251;567;250;566;249;566;248;565;248;563;246
203,nasal_cutting_forceps,562;251;561;252;546;252;545;253;542;253;541;252;540;253;535;253;534;254;528;254;527;255;523;255;522;256;517;256;516;257;511;257;510;258;507;258;504;261;502;261;501;262;500;262;499;263;497;263;496;262;495;263;494;263;493;264;489;264;488;265;484;265;483;266;482;266;481;267;479;267;478;268;477;268;480;271;479;272;478;272;476;274;472;274;471;273;468;273;467;274;466;274;465;275;464;274;462;274;461;275;456;275;455;274;453;274;451;272;450;273;447;273;446;272;441;272;440;271;398;271;397;272;378;272;377;273;365;273;364;274;363;274;362;273;361;273;360;274;357;274;356;275;350;275;349;276;347;276;346;277;344;277;343;278;341;278;340;279;338;279;337;280;336;280;332;284;331;284;329;286;328;286;323;291;322;291;321;292;320;292;317;295;316;295;313;298;313;299;308;304;307;304;306;305;305;305;305;307;304;308;304;309;303;310;303;311;299;315;298;315;294;319;294;320;293;321;293;322;292;323;292;325;290;327;290;328;289;329;289;330;288;331;288;333;287;334;287;335;286;336;286;337;285;338;285;340;284;341;284;342;283;343;283;346;282;347;282;361;283;362;283;364;284;365;284;366;285;367;285;368;286;369;286;370;288;372;288;374;292;378;292;379;293;380;293;381;294;382;295;382;297;384;297;385;298;386;298;387;301;390;301;391;302;392;302;395;303;396;303;398;306;401;306;402;307;403;308;403;309;404;310;404;311;405;313;405;314;406;314;407;315;408;315;409;316;410;316;412;317;413;317;415;316;416;316;418;317;419;317;421;316;422;316;430;315;431;315;464;316;465;316;468;325;477;326;477;328;479;329;479;331;481;332;481;339;488;340;488;343;491;344;491;345;492;346;492;347;493;348;493;349;494;349;495;350;496;351;496;352;497;353;497;355;499;356;499;357;500;362;500;363;501;364;501;365;502;368;502;370;504;371;504;373;506;373;507;374;507;378;511;380;511;384;515;385;515;386;516;387;516;389;518;391;518;392;519;393;519;394;520;396;520;397;521;398;521;399;522;400;522;401;523;402;523;403;524;404;524;405;525;407;525;408;526;409;526;410;527;412;527;413;528;414;528;417;531;419;531;420;532;424;532;425;533;448;533;449;532;450;532;451;531;459;531;460;530;461;530;462;529;465;529;466;528;471;528;473;526;477;526;478;525;480;525;481;526;482;526;484;524;492;524;493;523;498;523;499;522;505;522;506;521;516;521;517;522;524;522;525;523;527;523;528;522;529;522;530;521;532;521;533;522;543;522;544;521;545;522;546;522;547;521;549;521;550;522;551;522;552;523;552;524;552;521;553;520;553;519;554;518;554;517;555;516;555;515;556;514;556;513;557;512;557;510;558;509;558;508;559;507;559;504;560;503;560;501;561;500;561;499;562;498;562;496;563;495;563;493;564;492;564;489;565;488;565;486;566;485;566;482;567;481;567;478;568;477;568;473;569;472;569;467;570;466;570;463;571;462;571;460;572;459;572;455;573;454;573;450;574;449;574;444;575;443;575;438;576;437;576;432;577;431;577;423;578;422;578;415;579;414;579;400;580;399;580;384;581;383;581;342;580;341;580;324;579;323;579;317;578;316;578;308;577;307;577;301;576;300;576;296;575;295;575;284;574;283;575;282;575;280;576;279;576;272;577;271;577;270;579;268;579;264;566;251
204,nasal_cutting_forceps,563;255;562;256;557;256;556;257;545;257;544;258;542;258;541;257;540;258;535;258;534;259;522;259;521;260;520;259;518;259;517;260;513;260;512;261;507;261;506;262;505;262;504;263;496;263;495;264;494;264;493;265;489;265;487;267;484;267;483;268;483;270;481;272;479;272;477;274;473;274;472;275;468;275;467;276;462;276;461;277;453;277;452;276;451;276;450;277;449;277;448;278;447;277;446;277;445;276;441;276;440;275;439;275;438;276;435;276;434;275;398;275;397;274;393;274;392;275;391;275;390;274;389;274;388;275;379;275;378;276;358;276;357;277;350;277;349;278;345;278;344;279;341;279;340;280;339;280;337;282;336;282;334;284;333;284;332;285;331;285;330;286;329;286;328;287;327;287;326;288;326;289;324;291;323;291;322;292;321;292;317;296;316;296;312;300;312;301;308;305;307;305;307;306;306;307;305;307;305;309;303;311;303;312;300;315;299;315;295;319;295;320;293;322;293;323;292;324;292;325;290;327;290;328;288;330;288;331;287;332;287;333;286;334;286;335;285;336;285;339;284;340;284;341;283;342;283;344;282;345;282;351;281;352;281;358;282;359;282;364;283;365;283;366;284;367;284;368;287;371;287;372;288;373;288;375;289;375;292;378;292;379;293;380;293;381;294;382;294;383;300;389;300;390;301;391;301;393;302;394;302;396;304;398;304;399;306;401;306;402;307;403;309;403;310;404;313;404;315;406;315;410;316;411;316;426;315;427;315;432;314;433;314;450;313;451;313;456;314;457;314;461;315;462;315;466;316;467;316;470;317;470;318;471;319;471;320;472;321;472;322;473;323;473;326;476;326;477;327;477;329;479;330;479;332;481;333;481;338;486;338;487;339;488;340;488;342;490;343;490;346;493;348;493;350;495;351;495;352;496;355;496;356;497;358;497;360;499;363;499;364;500;367;500;368;501;369;501;372;504;373;504;375;506;376;506;377;507;378;507;379;508;380;508;382;510;382;511;385;514;386;514;387;515;388;515;389;516;390;516;391;517;392;517;393;518;394;518;396;520;398;520;400;522;401;522;406;527;409;527;410;526;414;526;415;527;419;527;420;528;421;528;422;527;423;527;424;528;427;528;428;527;429;527;430;528;432;528;433;527;438;527;439;526;448;526;450;524;454;524;455;523;460;523;461;522;466;522;467;521;470;521;473;518;477;518;478;517;483;517;484;516;488;516;489;515;494;515;495;514;501;514;502;515;512;515;513;516;523;516;524;517;528;517;529;516;531;516;532;517;539;517;540;516;553;516;555;514;555;513;556;512;556;511;557;510;557;509;558;508;558;505;559;504;559;503;560;502;560;501;561;500;561;497;562;496;562;495;563;494;563;492;564;491;564;489;565;488;565;486;566;485;566;481;567;480;567;477;568;476;568;472;569;471;569;467;570;466;570;463;571;462;571;460;572;459;572;455;573;454;573;450;574;449;574;444;575;443;575;438;576;437;576;432;577;431;577;423;578;422;578;415;579;414;579;400;580;399;580;386;581;385;581;342;580;341;580;329;579;328;579;320;578;319;578;310;577;309;577;302;576;301;576;298;575;297;575;290;574;289;574;282;575;281;575;275;576;274;576;271;577;270;577;269;578;268;578;267;577;266;577;264;572;259;572;258;571;257;570;257;569;256;567;256;566;255
205,nasal_cutting_forceps,565;254;562;257;558;257;557;258;547;258;546;259;541;259;540;260;535;260;534;261;533;261;532;262;531;261;530;261;529;262;523;262;522;263;511;263;510;264;509;264;508;263;507;263;506;264;505;264;504;265;503;265;502;264;501;265;490;265;488;267;485;267;484;268;483;268;481;270;480;270;478;272;477;272;476;273;473;273;472;274;471;274;470;275;468;275;467;276;466;276;465;277;463;277;462;278;456;278;455;279;452;279;451;278;450;279;449;279;448;280;447;279;444;279;443;280;442;279;441;279;440;278;439;278;438;279;436;279;435;278;431;278;430;277;425;277;424;276;419;276;418;277;377;277;376;278;356;278;355;279;344;279;343;280;339;280;337;282;335;282;334;283;333;283;331;285;330;285;329;286;328;286;327;287;326;287;325;288;325;289;324;290;323;290;322;291;321;291;319;293;318;293;317;294;316;294;315;295;314;295;309;300;309;301;307;303;306;303;305;304;305;305;304;306;304;307;303;308;303;309;296;316;295;316;294;317;294;318;293;319;293;320;291;322;291;323;287;327;287;329;286;330;286;331;284;333;284;334;283;335;283;336;282;337;282;339;281;340;281;343;280;344;280;346;279;347;279;351;278;352;278;360;279;361;279;363;280;364;280;365;281;366;281;370;282;371;282;372;283;373;283;374;284;375;285;375;288;378;288;379;289;380;289;381;290;381;292;383;292;386;296;390;296;392;299;395;299;397;301;399;301;400;302;401;302;402;301;403;304;406;304;408;305;409;308;409;309;410;311;410;312;411;312;414;313;415;313;418;314;419;314;425;313;426;313;429;312;430;312;431;311;432;311;435;310;436;310;439;311;440;310;441;310;455;311;456;311;458;310;459;311;460;311;461;313;463;313;465;314;466;314;468;315;469;315;471;316;471;317;472;319;472;323;476;324;476;327;479;328;479;329;480;330;480;339;489;340;489;345;494;347;494;348;495;349;495;350;496;353;496;354;497;355;497;356;498;358;498;359;499;360;499;361;500;364;500;365;501;367;501;372;506;373;506;374;507;375;507;378;510;380;510;381;511;381;512;383;514;383;515;384;515;385;516;387;516;388;517;390;517;391;518;392;518;393;519;393;520;395;522;396;522;397;523;398;523;399;524;400;524;401;525;403;525;406;528;406;529;407;528;422;528;423;527;426;527;427;526;428;526;429;525;437;525;439;523;444;523;445;522;448;522;451;519;454;519;455;518;460;518;461;517;466;517;467;516;471;516;472;515;474;515;475;514;481;514;482;515;483;514;484;514;485;513;492;513;493;514;501;514;502;515;511;515;512;516;523;516;524;517;539;517;540;518;542;518;543;517;544;517;545;518;550;518;551;519;551;520;552;521;552;524;552;520;553;519;553;518;555;516;555;515;556;514;556;512;557;511;557;510;558;509;558;508;559;507;559;504;560;503;560;501;561;500;561;499;562;498;562;496;563;495;563;493;564;492;564;489;565;488;565;486;566;485;566;481;567;480;567;478;568;477;568;474;569;473;569;467;570;466;570;463;571;462;571;460;572;459;572;456;573;455;573;450;574;449;574;444;575;443;575;438;576;437;576;432;577;431;577;423;578;422;578;415;579;414;579;404;580;403;580;387;581;386;581;341;580;340;580;328;579;327;580;326;580;324;579;323;579;316;578;315;578;308;577;307;577;301;576;300;576;296;575;295;575;289;574;288;574;282;575;281;575;279;576;278;576;273;577;272;577;270;579;268;579;265;578;264;578;263;575;260;574;260;572;258;572;257;570;257;569;256;568;256;566;254
206,nasal_cutting_forceps,566;256;565;257;564;257;563;258;561;258;560;259;557;259;556;260;553;260;552;261;550;261;549;262;547;262;546;263;545;263;544;264;542;264;541;263;540;264;534;264;533;265;528;265;527;266;511;266;510;267;506;267;505;268;503;268;502;267;501;267;500;268;494;268;493;269;492;268;489;268;488;269;484;269;482;271;479;271;478;272;474;272;472;274;471;274;470;275;468;275;467;276;466;276;465;277;463;277;462;278;460;278;459;279;449;279;448;280;447;280;446;279;445;279;444;280;444;282;443;283;442;283;441;282;441;280;440;279;439;280;438;280;437;281;436;281;435;280;428;280;427;279;425;279;424;278;376;278;375;279;344;279;343;280;338;280;336;282;333;282;331;284;330;284;329;285;328;285;326;287;325;287;324;288;323;288;322;289;321;289;318;292;316;292;312;296;311;296;310;297;310;298;307;301;306;301;305;302;305;303;304;304;304;305;303;306;303;307;299;311;299;312;297;314;296;314;295;315;294;315;293;316;293;317;292;318;292;319;289;322;289;323;286;326;286;327;282;331;282;333;281;334;281;336;280;337;280;338;279;339;279;340;278;341;278;342;277;343;277;345;276;346;276;351;275;352;275;358;276;359;276;362;277;363;277;364;278;365;278;366;279;367;279;369;280;370;280;371;281;372;281;374;282;375;282;376;283;377;284;377;285;378;285;379;290;384;290;385;292;387;292;388;293;389;293;392;294;392;298;396;298;398;300;400;300;404;302;406;302;409;305;412;305;414;306;415;307;415;308;416;309;416;310;417;310;423;309;424;309;428;308;429;308;438;309;439;309;446;308;447;308;448;309;449;309;460;310;461;310;463;311;464;311;465;312;466;312;467;314;469;314;470;316;472;317;472;321;476;322;476;323;477;324;477;327;480;328;480;330;482;331;482;334;485;335;485;339;489;340;489;343;492;344;492;345;493;346;493;347;494;348;494;349;495;350;495;351;496;353;496;354;497;355;497;356;498;360;498;361;499;363;499;364;500;365;500;366;501;367;501;368;502;369;502;374;507;375;507;378;510;380;510;382;512;382;513;384;515;385;515;390;520;391;520;393;522;393;523;395;525;399;525;400;526;407;526;408;527;409;527;410;526;418;526;419;527;420;527;421;526;425;526;426;525;427;525;429;523;436;523;437;522;438;522;440;520;443;520;444;519;448;519;451;516;453;516;454;515;460;515;461;514;471;514;472;513;475;513;476;512;485;512;486;513;503;513;504;514;512;514;513;515;515;515;516;516;523;516;524;517;534;517;535;518;543;518;544;517;545;518;549;518;551;520;551;521;552;522;552;524;552;522;553;521;553;519;555;517;555;516;556;515;556;513;557;512;557;510;558;509;558;508;559;507;559;504;560;503;560;501;561;500;561;499;562;498;562;496;563;495;563;493;564;492;564;489;565;488;565;486;566;485;566;482;567;481;567;478;568;477;568;474;569;473;569;467;570;466;570;463;571;462;571;460;572;459;572;455;573;454;573;450;574;449;574;444;575;443;575;438;576;437;576;432;577;431;577;424;578;423;578;416;579;415;579;404;580;403;580;387;581;386;581;342;580;341;580;329;579;328;579;326;580;325;580;324;579;323;579;316;578;315;578;308;577;307;577;301;576;300;576;296;575;295;575;289;574;288;574;282;575;281;575;278;576;277;576;273;577;272;577;270;578;269;578;268;579;267;579;265;578;264;578;263;574;259;573;259;572;258;572;257;570;257;569;256
207,nasal_cutting_forceps,565;254;561;258;554;258;553;259;551;259;550;260;549;260;548;261;546;261;545;262;541;262;539;264;538;264;537;265;534;265;533;266;529;266;528;267;524;267;523;268;512;268;511;269;505;269;504;270;503;269;501;269;500;270;494;270;493;271;492;271;491;270;489;270;488;271;486;271;485;270;484;271;482;271;481;272;473;272;471;274;468;274;467;275;466;275;465;276;458;276;457;277;456;277;455;278;452;278;451;279;450;278;449;278;448;277;447;277;446;278;444;278;443;279;443;280;445;282;443;284;442;284;441;283;440;283;439;282;439;281;440;280;440;279;440;280;438;282;435;282;434;281;433;282;429;282;428;281;424;281;423;280;418;280;417;279;416;279;415;280;414;280;413;279;353;279;352;280;351;279;350;279;349;280;338;280;337;281;333;281;332;282;330;282;329;283;327;283;326;284;326;285;325;286;324;286;323;287;321;287;318;290;317;290;316;291;315;291;307;299;306;299;305;300;305;301;304;302;304;303;303;304;303;305;297;311;296;311;293;314;292;314;288;318;288;319;282;325;282;328;281;329;281;331;280;332;280;333;279;334;279;335;275;339;275;341;274;342;274;343;273;344;273;345;272;346;272;348;271;349;271;359;273;361;273;363;275;365;275;366;276;367;276;369;277;370;277;371;278;371;280;373;280;374;281;375;281;376;282;377;282;378;288;384;288;385;292;389;292;392;298;398;298;399;300;401;300;403;301;404;301;405;302;406;302;409;304;411;304;412;305;413;305;414;308;417;308;419;309;420;309;421;308;422;308;429;307;430;307;432;306;433;306;441;307;442;307;444;306;445;307;446;307;448;306;449;306;454;307;455;307;459;310;462;310;465;313;468;313;469;314;469;316;471;317;471;322;476;323;476;325;478;326;478;328;480;329;480;331;482;332;482;334;484;335;484;339;488;340;488;343;491;344;491;346;493;348;493;350;495;352;495;353;496;354;496;355;497;356;497;357;498;358;498;359;499;361;499;362;500;363;500;364;501;365;501;366;502;367;502;373;508;374;508;381;515;381;519;382;520;382;521;383;522;387;522;388;523;390;523;391;524;392;524;395;527;398;527;399;526;402;526;403;527;409;527;412;524;413;524;414;523;421;523;422;522;423;522;424;521;426;521;428;519;431;519;432;518;433;518;432;517;432;516;433;515;434;515;435;514;439;514;440;513;446;513;447;512;448;512;449;513;454;513;455;512;459;512;460;511;461;511;462;510;464;510;465;509;471;509;472;508;473;508;474;507;475;507;476;508;481;508;482;509;484;507;486;507;487;508;489;508;490;509;493;509;494;510;499;510;500;511;501;511;502;512;504;512;505;513;508;513;509;514;512;514;513;515;521;515;522;516;533;516;534;517;539;517;540;518;549;518;551;520;551;521;552;522;552;524;552;522;553;521;553;519;555;517;555;515;556;514;556;513;557;512;557;510;558;509;558;508;559;507;559;504;560;503;560;501;561;500;561;498;562;497;562;496;563;495;563;492;564;491;564;489;565;488;565;486;566;485;566;482;567;481;567;477;568;476;568;473;569;472;569;467;570;466;570;463;571;462;571;460;572;459;572;455;573;454;573;450;574;449;574;444;575;443;575;438;576;437;576;432;577;431;577;423;578;422;578;415;579;414;579;403;580;402;580;387;581;386;581;344;580;343;580;329;579;328;579;317;578;316;578;309;577;308;577;302;576;301;576;297;575;296;575;290;574;289;574;282;575;281;575;276;576;275;576;273;577;272;577;270;578;269;578;263;577;262;576;262;575;261;575;260;574;260;571;257;570;257;569;256;568;256;566;254
208,nasal_cutting_forceps,569;262;567;264;565;264;564;263;563;263;562;264;562;265;561;266;558;266;557;267;556;267;555;268;551;268;550;269;546;269;545;270;543;270;542;271;541;271;540;272;539;272;538;273;535;273;534;274;531;274;530;275;528;275;527;276;522;276;521;277;517;277;516;278;512;278;511;279;506;279;505;280;503;280;502;279;501;279;500;280;497;280;496;279;495;279;494;280;493;280;492;279;485;279;483;277;478;277;477;278;473;278;472;279;468;279;467;280;466;280;463;283;461;283;460;282;459;282;458;283;456;283;455;284;451;284;450;285;449;285;448;286;444;286;443;287;425;287;423;285;421;285;420;284;418;284;417;283;410;283;409;282;387;282;386;281;336;281;335;282;327;282;324;285;322;285;321;286;320;286;319;287;317;287;311;293;310;293;309;294;309;295;307;297;306;297;304;299;304;300;302;302;302;303;301;304;300;304;298;306;298;307;295;310;294;310;294;311;290;315;289;315;287;317;287;318;282;323;282;324;281;325;281;328;280;329;280;330;279;331;279;332;278;333;278;334;276;336;276;337;274;339;274;341;273;342;273;343;272;344;272;345;271;346;271;358;274;361;274;363;275;364;275;365;277;367;277;369;281;373;281;375;284;378;284;379;288;383;288;384;292;388;292;389;293;390;293;392;298;397;298;398;301;401;301;403;303;405;303;407;304;408;304;409;307;412;307;413;309;415;309;416;310;417;310;418;311;419;311;421;310;422;310;430;309;431;309;433;308;434;308;437;309;438;309;443;308;444;308;447;309;448;308;449;308;457;309;458;309;460;312;463;312;465;314;467;314;468;315;469;315;470;316;471;318;471;319;472;320;472;323;475;324;475;326;477;326;478;327;479;328;479;330;481;331;481;332;482;333;482;334;483;335;483;340;488;341;488;342;489;343;489;344;490;345;490;346;491;347;491;349;493;350;493;351;494;353;494;354;495;356;495;357;496;358;496;359;497;360;497;361;498;362;498;363;499;364;499;365;500;366;500;367;501;368;501;373;506;373;507;374;508;375;508;377;510;377;511;378;511;381;514;381;515;382;516;382;517;383;517;384;518;386;518;387;519;390;519;391;520;393;520;394;521;399;521;400;522;403;522;405;524;406;524;407;525;408;525;409;524;410;524;411;523;412;523;413;522;414;522;415;521;416;521;417;520;420;520;421;519;422;519;423;518;426;518;426;517;429;514;431;514;432;513;433;513;434;512;437;512;438;511;442;511;443;510;444;510;445;509;453;509;454;508;459;508;460;507;461;507;462;506;471;506;472;505;473;505;474;504;475;504;476;505;481;505;482;506;483;505;488;505;489;506;493;506;494;507;496;507;497;508;499;508;501;510;505;510;506;511;507;511;508;512;511;512;512;513;514;513;515;514;520;514;521;515;525;515;526;516;538;516;539;517;552;517;554;515;555;515;555;513;556;512;556;511;557;510;557;509;558;508;558;505;559;504;559;503;560;502;560;500;561;499;561;497;562;496;562;495;563;494;563;492;564;491;564;489;565;488;565;486;566;485;566;481;567;480;567;477;568;476;568;471;569;470;569;467;570;466;570;463;571;462;571;460;572;459;572;455;573;454;573;450;574;449;574;444;575;443;575;437;576;436;576;431;577;430;577;423;578;422;578;413;579;412;579;401;580;400;580;387;581;386;581;346;580;345;580;332;579;331;579;320;578;319;578;310;577;309;577;302;576;301;576;298;575;297;575;290;574;289;574;281;575;280;575;274;576;273;576;269;575;269;574;268;574;266;571;263;570;263
209,nasal_cutting_forceps,567;264;566;265;563;265;562;266;562;267;561;268;560;268;559;269;552;269;551;270;545;270;544;271;540;271;539;272;538;272;537;273;535;273;534;274;530;274;529;275;528;275;527;276;524;276;523;277;521;277;520;278;517;278;516;279;513;279;512;280;508;280;507;281;506;281;504;283;495;283;494;284;491;284;490;283;487;283;486;282;485;282;484;281;483;282;473;282;472;281;470;281;469;282;468;282;467;283;466;283;465;284;460;284;459;285;456;285;455;286;452;286;451;287;445;287;443;289;441;289;440;290;439;290;438;289;434;289;432;291;433;292;433;293;431;295;428;295;426;293;426;292;424;292;423;291;422;291;421;292;420;292;419;291;418;291;417;290;416;290;415;289;414;289;413;288;412;288;411;287;407;287;406;286;403;286;402;285;395;285;394;284;393;285;392;285;391;284;374;284;373;283;360;283;359;282;343;282;342;281;337;281;336;282;326;282;325;283;322;283;319;286;316;286;315;287;315;288;312;291;311;291;309;293;308;293;304;297;304;298;298;304;297;304;296;305;295;305;294;306;294;307;293;308;293;309;292;310;292;311;288;315;287;315;287;316;282;321;282;322;281;323;281;324;280;325;280;327;278;329;278;330;277;331;277;332;275;334;275;335;272;338;272;339;271;340;271;345;270;346;270;359;271;360;271;363;273;365;273;366;274;367;274;368;275;369;275;370;280;375;280;376;281;377;281;378;282;379;282;380;284;382;285;382;287;384;287;386;291;390;291;392;293;394;293;396;298;401;298;403;299;404;299;405;301;407;301;408;302;409;302;410;304;412;304;415;307;418;307;419;308;420;308;424;307;425;307;427;305;429;305;433;306;434;306;442;307;443;307;450;306;451;306;452;307;453;307;457;308;458;308;460;310;462;310;465;311;466;312;466;314;468;314;469;316;471;317;471;318;472;319;472;322;475;323;475;327;479;328;479;330;481;331;481;333;483;334;483;335;484;336;484;338;486;338;487;339;487;340;488;341;488;344;491;345;491;347;493;349;493;350;494;351;494;352;495;354;495;356;497;358;497;360;499;361;499;362;500;363;500;364;501;365;501;366;502;367;502;368;503;369;503;373;507;374;507;382;515;382;516;383;517;383;518;386;518;389;521;392;521;393;522;404;522;405;523;405;524;408;524;409;523;411;523;412;522;414;522;417;519;420;519;423;516;425;516;428;513;429;513;430;512;431;512;432;511;433;511;434;510;436;510;437;509;438;509;439;508;441;508;442;507;444;507;445;506;448;506;451;503;458;503;459;504;460;504;462;502;465;502;466;503;470;503;471;504;472;503;476;503;477;504;480;504;481;505;487;505;488;506;492;506;493;507;494;507;496;509;498;509;499;510;500;510;501;511;502;511;503;512;504;512;505;513;506;513;507;514;509;514;510;515;512;515;513;516;523;516;524;517;538;517;539;518;540;518;541;519;541;520;545;520;546;521;551;521;552;522;552;524;552;521;553;520;553;519;555;517;555;515;556;514;556;512;557;511;557;510;558;509;558;507;559;506;559;504;560;503;560;501;561;500;561;498;562;497;562;495;563;494;563;492;564;491;564;489;565;488;565;486;566;485;566;481;567;480;567;477;568;476;568;472;569;471;569;467;570;466;570;463;571;462;571;460;572;459;572;455;573;454;573;450;574;449;574;444;575;443;575;438;576;437;576;432;577;431;577;423;578;422;578;415;579;414;579;403;580;402;580;384;581;383;581;345;580;344;580;328;579;327;579;316;578;315;578;308;577;307;577;301;576;300;576;297;575;296;575;289;574;288;574;282;575;281;575;275;576;274;576;272;577;271;576;270;576;269;575;269;574;268;574;266;572;264
210,nasal_cutting_forceps,569;268;568;269;563;269;562;270;561;270;560;271;556;271;555;272;547;272;546;273;545;273;544;274;542;274;541;273;538;276;535;276;534;277;533;277;532;278;529;278;528;279;524;279;523;280;522;280;521;281;518;281;516;283;513;283;512;284;511;284;510;285;507;285;506;286;501;286;500;287;478;287;477;288;470;288;469;289;466;289;465;290;455;290;454;291;447;291;446;292;445;292;443;294;441;294;440;295;439;295;437;297;433;297;432;298;426;298;425;297;424;298;421;298;420;299;417;299;416;298;415;298;414;297;413;297;412;296;409;296;408;295;407;295;406;294;405;294;404;293;401;293;400;292;397;292;396;291;394;291;393;292;391;292;390;291;385;291;384;290;383;290;382;291;378;291;377;290;368;290;367;289;365;289;364;288;354;288;353;287;332;287;331;286;330;286;329;287;323;287;322;288;320;288;319;289;318;289;317;290;316;290;314;292;313;292;307;298;306;298;300;304;299;304;298;305;298;306;293;311;293;312;290;315;289;315;287;317;287;318;282;323;282;324;281;325;281;327;279;329;279;330;277;332;277;333;275;335;275;336;273;338;273;339;272;340;272;341;271;342;271;348;270;349;270;359;271;360;271;365;272;366;272;367;273;368;273;369;274;370;275;370;277;372;277;373;280;376;280;377;281;378;281;379;282;380;282;381;283;382;284;382;285;383;285;384;287;386;287;387;288;387;290;389;290;390;291;391;291;392;292;393;292;394;293;395;293;398;296;401;296;402;299;405;299;407;304;412;304;414;305;415;305;416;307;418;307;425;305;427;305;428;304;429;304;437;305;438;305;444;306;445;306;450;305;451;305;452;306;453;306;456;307;457;307;459;310;462;310;465;311;465;313;467;314;467;315;468;316;468;319;471;321;471;323;473;324;473;325;474;325;475;327;477;327;478;328;478;330;480;332;480;334;482;335;482;336;483;337;483;338;484;338;485;339;485;341;487;342;487;344;489;346;489;347;490;350;490;352;492;353;492;355;494;357;494;361;498;362;498;363;499;364;499;365;500;367;500;368;501;369;501;375;507;377;507;378;508;379;508;382;511;382;512;383;513;383;514;385;516;393;516;394;515;397;515;398;514;399;514;400;513;403;513;404;512;405;512;406;511;411;511;412;510;421;510;423;508;426;508;428;506;431;506;434;503;435;503;436;502;437;502;438;501;439;501;440;500;444;500;445;499;450;499;451;498;455;498;456;499;465;499;466;500;477;500;478;501;480;501;481;502;482;502;483;503;485;503;486;504;487;504;488;505;490;505;491;506;494;506;495;507;497;507;498;508;499;508;500;509;501;509;502;510;505;510;506;511;508;511;509;512;511;512;512;513;513;513;514;514;515;514;516;515;524;515;525;516;528;516;529;515;533;515;534;516;539;516;540;517;551;517;552;516;554;516;555;515;555;514;556;513;556;512;557;511;557;510;558;509;558;506;559;505;559;503;560;502;560;501;561;500;561;497;562;496;562;495;563;494;563;492;564;491;564;489;565;488;565;486;566;485;566;481;567;480;567;476;568;475;568;471;569;470;569;467;570;466;570;463;571;462;571;460;572;459;572;454;573;453;573;449;574;448;574;444;575;443;575;437;576;436;576;432;577;431;577;423;578;422;578;414;579;413;579;400;580;399;580;386;581;385;581;345;580;344;580;330;579;329;579;318;578;317;578;309;577;308;577;301;576;300;576;297;575;296;575;289;574;288;574;281;575;280;575;273;576;272;576;270;575;270;574;269;573;269;572;268
211,nasal_cutting_forceps,569;268;568;269;563;269;561;271;555;271;554;272;552;272;550;274;547;274;546;275;545;275;544;276;540;276;537;279;535;279;534;280;533;280;532;281;528;281;527;282;523;282;521;284;518;284;516;286;508;286;507;287;506;287;505;288;500;288;499;289;498;289;497;288;495;288;494;289;492;289;491;288;490;288;488;290;483;290;482;291;478;291;476;293;475;293;474;294;473;294;472;293;469;293;468;294;451;294;450;295;443;295;442;296;438;296;437;297;434;297;433;298;424;298;423;299;421;299;420;300;419;300;418;299;408;299;407;298;405;298;404;297;403;297;402;296;401;296;400;295;396;295;395;294;388;294;387;293;367;293;366;292;362;292;361;291;360;291;359;292;358;292;357;291;351;291;350;290;333;290;332;289;328;289;327;290;322;290;321;291;319;291;318;292;316;292;315;293;314;293;312;295;311;295;308;298;307;298;306;299;305;299;304;300;304;301;300;305;299;305;299;306;282;323;282;324;281;325;281;327;280;328;280;329;278;331;278;332;275;335;275;336;272;339;272;340;271;341;271;344;270;345;270;350;269;351;269;355;268;356;268;358;270;360;270;366;271;367;271;370;272;370;273;371;274;371;275;372;275;374;279;378;279;379;280;380;280;381;282;383;282;386;283;386;284;387;285;387;287;389;287;390;288;391;288;392;289;392;291;394;291;396;292;397;292;398;293;399;293;402;298;407;298;408;301;411;301;412;302;413;302;415;303;416;303;417;304;418;304;419;305;420;304;421;304;423;303;424;303;429;302;430;302;447;303;448;303;454;304;455;304;458;305;459;305;461;313;469;314;469;316;471;319;471;320;472;322;472;323;473;324;473;325;474;325;475;326;476;326;477;327;478;328;478;330;480;331;480;332;481;333;481;334;482;336;482;340;486;341;486;342;487;343;487;344;488;347;488;348;489;350;489;352;491;353;491;355;493;357;493;358;494;359;494;360;495;360;496;361;497;363;497;364;498;365;498;366;499;368;499;375;506;379;506;380;507;381;507;382;508;382;509;383;510;383;511;384;512;394;512;395;511;399;511;400;510;403;510;404;509;404;508;406;506;409;506;411;504;421;504;422;503;426;503;427;502;428;502;429;501;432;501;434;499;435;499;436;498;437;498;440;495;441;495;442;496;443;495;446;495;447;496;448;496;449;495;453;495;454;496;458;496;459;497;466;497;467;498;472;498;473;499;476;499;477;500;479;500;480;501;481;501;482;502;483;502;484;503;485;503;486;504;488;504;489;505;490;505;491;506;492;506;493;507;495;507;496;506;497;507;498;507;499;508;500;508;501;509;504;509;505;510;506;510;507;511;510;511;511;512;513;512;514;513;515;513;516;514;518;514;519;515;525;515;526;516;528;516;529;515;532;515;533;516;540;516;541;517;542;517;543;516;544;516;545;517;552;517;553;516;555;516;555;514;556;513;556;512;557;511;557;510;558;509;558;507;559;506;559;504;560;503;560;501;561;500;561;497;562;496;562;495;563;494;563;492;564;491;564;489;565;488;565;486;566;485;566;481;567;480;567;477;568;476;568;472;569;471;569;467;570;466;570;463;571;462;571;460;572;459;572;455;573;454;573;449;574;448;574;444;575;443;575;438;576;437;576;432;577;431;577;423;578;422;578;415;579;414;579;404;580;403;580;388;581;387;581;345;580;344;580;330;579;329;579;318;578;317;578;309;577;308;577;302;576;301;576;297;575;296;575;290;574;289;574;281;575;280;575;272;576;271;574;269;571;269;570;268
212,nasal_cutting_forceps,569;262;567;264;566;264;565;263;563;263;563;264;562;265;562;266;561;267;561;268;560;269;559;268;556;268;555;269;551;269;550;270;546;270;545;271;541;271;539;273;539;274;538;275;537;274;535;274;534;275;530;275;528;277;527;277;526;278;524;278;520;282;518;282;516;284;513;284;511;286;507;286;506;287;501;287;500;288;488;288;487;289;484;289;483;290;480;290;479;291;478;291;478;292;476;294;475;294;474;295;473;294;472;294;471;293;468;293;467;294;466;294;465;295;460;295;459;296;444;296;443;297;437;297;436;298;430;298;429;299;420;299;419;300;411;300;410;301;404;301;403;302;398;302;397;303;396;302;394;302;393;301;392;301;391;300;390;300;389;299;385;299;384;298;382;298;381;297;380;297;379;296;368;296;367;295;356;295;355;294;352;294;351;293;343;293;342;292;335;292;334;291;325;291;324;292;317;292;316;293;314;293;313;294;312;294;311;295;310;295;309;296;308;296;307;297;306;297;300;303;299;303;297;305;296;305;293;308;293;309;291;311;291;312;289;314;288;314;286;316;285;316;282;319;282;320;279;323;279;324;276;327;276;328;273;331;273;332;271;334;271;336;270;337;270;338;269;339;269;341;268;342;268;343;267;344;267;345;265;347;265;350;264;351;264;355;263;356;263;358;265;360;265;364;267;366;267;367;268;368;268;369;269;370;269;372;270;373;270;375;271;376;271;377;273;379;273;380;274;380;277;383;278;383;280;385;280;386;281;387;281;389;282;390;282;393;285;393;287;395;287;396;292;401;292;403;293;404;293;405;294;405;298;409;298;410;300;412;300;413;302;415;302;416;303;417;303;419;304;420;301;423;301;424;299;426;299;427;298;428;298;433;297;434;297;438;298;439;298;443;297;444;297;448;298;449;298;450;299;451;299;454;300;454;301;455;301;456;303;458;303;461;304;462;304;463;305;464;305;465;306;465;307;466;308;466;309;467;310;467;313;470;314;470;315;471;316;471;317;472;320;472;321;473;322;473;323;474;324;474;325;475;325;476;328;479;329;479;330;480;332;480;333;481;334;481;335;482;336;482;338;484;339;484;340;485;342;485;344;487;347;487;349;489;350;489;352;491;353;491;354;492;355;492;356;493;358;493;360;495;360;496;361;497;363;497;364;498;366;498;367;499;370;499;372;501;373;501;374;502;377;502;378;503;381;503;383;501;386;501;387;500;389;500;390;499;398;499;399;498;403;498;403;497;406;494;410;494;411;493;416;493;417;492;418;492;419;491;427;491;428;492;429;492;430;491;445;491;446;492;449;492;450;491;454;491;455;492;457;492;458;493;462;493;463;494;464;494;465;495;466;495;467;496;470;496;471;497;476;497;477;498;478;498;479;499;481;499;483;501;484;501;485;502;487;502;488;503;489;503;490;504;491;504;493;506;494;505;496;505;498;507;502;507;503;508;504;508;505;509;506;509;507;510;509;510;510;511;512;511;513;512;514;512;515;513;519;513;520;514;522;514;523;515;533;515;534;516;553;516;554;515;555;515;555;513;556;512;556;511;558;509;558;505;559;504;559;503;560;502;560;500;561;499;561;497;562;496;562;495;563;494;563;492;564;491;564;489;565;488;565;486;566;485;566;481;567;480;567;477;568;476;568;472;569;471;569;467;570;466;570;463;571;462;571;460;572;459;572;455;573;454;573;450;574;449;574;444;575;443;575;438;576;437;576;432;577;431;577;423;578;422;578;415;579;414;579;404;580;403;580;388;581;387;581;345;580;344;580;330;579;329;579;319;578;318;578;309;577;308;577;301;576;300;576;297;575;296;575;290;574;289;574;281;575;280;575;274;576;273;576;272;577;271;576;270;576;269;575;269;574;268;574;266;572;264;571;264
213,nasal_cutting_forceps,564;260;562;262;562;263;561;264;557;264;556;265;552;265;551;266;550;266;549;267;547;267;545;269;539;269;538;270;535;270;534;271;533;271;532;272;530;272;527;275;523;275;522;276;519;276;518;277;517;277;517;278;515;280;512;280;510;282;507;282;506;283;505;283;504;284;500;284;499;285;495;285;494;286;492;286;491;287;489;287;488;288;486;288;485;289;484;289;482;291;480;291;478;293;477;293;476;294;474;294;473;295;463;295;462;296;461;296;460;297;457;297;456;298;450;298;449;299;446;299;445;300;443;300;442;301;438;301;437;302;434;302;433;303;422;303;421;304;406;304;405;305;403;305;402;306;394;306;393;307;388;307;387;308;383;308;382;307;381;307;380;306;378;306;375;303;373;303;372;302;367;302;366;301;361;301;360;300;355;300;354;299;353;299;352;298;345;298;344;297;341;297;340;296;333;296;332;295;331;295;330;294;327;294;326;295;312;295;311;296;310;296;309;297;307;297;306;298;304;298;299;303;298;303;297;304;295;304;293;306;293;307;289;311;289;312;288;313;287;313;286;314;285;314;284;315;283;315;281;317;281;318;277;322;277;323;276;324;275;324;274;325;274;326;271;329;271;331;270;332;270;334;269;335;269;336;265;340;265;342;263;344;263;345;262;346;262;349;261;350;261;351;260;352;260;356;259;357;259;359;260;360;260;365;262;367;262;369;265;372;265;374;266;375;267;375;269;377;269;379;270;380;270;381;271;382;273;382;275;384;275;385;276;386;276;387;277;387;279;389;279;390;280;391;280;393;281;394;281;395;282;396;282;397;283;398;286;398;287;399;288;399;289;400;289;401;291;403;291;404;292;405;292;406;293;407;293;408;295;410;296;410;297;411;297;412;298;413;298;414;301;417;301;418;303;420;302;421;299;421;298;422;297;422;296;423;295;423;295;424;294;425;294;426;293;427;293;429;292;430;292;432;293;433;293;444;294;445;294;452;295;453;295;454;296;454;297;455;297;456;299;458;299;459;300;459;301;460;302;460;303;461;303;462;304;463;304;464;305;465;306;465;307;466;308;466;309;467;310;467;312;469;313;469;315;471;317;471;318;472;321;472;322;473;323;473;328;478;329;478;330;479;332;479;333;480;334;480;335;481;336;481;339;484;340;484;341;485;343;485;344;486;346;486;347;487;348;487;350;489;352;489;353;490;355;490;356;491;357;491;358;492;359;492;360;493;364;493;365;494;368;494;369;495;370;495;371;494;374;494;375;495;376;494;384;494;385;493;387;493;389;491;390;491;391;490;392;490;393;489;394;489;395;488;397;488;398;487;400;487;401;486;404;486;404;485;405;484;409;484;410;483;413;483;414;484;415;484;416;483;423;483;424;484;428;484;429;485;434;485;435;486;438;486;439;487;441;487;442;488;443;488;444;489;447;489;448;490;454;490;455;491;458;491;459;492;462;492;463;493;465;493;466;494;467;494;468;495;470;495;471;496;475;496;476;497;478;497;479;498;481;498;484;501;485;501;486;502;488;502;489;503;491;503;492;504;495;504;496;505;499;505;500;506;502;506;503;507;504;507;505;508;506;508;507;509;510;509;511;510;512;510;513;511;515;511;516;512;517;512;518;511;519;512;522;512;523;513;525;513;526;514;528;514;529;513;531;513;532;514;533;514;534;515;537;515;538;516;553;516;554;515;555;515;555;513;556;512;556;511;558;509;558;505;559;504;559;503;560;502;560;501;561;500;561;497;562;496;562;495;563;494;563;492;564;491;564;489;565;488;565;486;566;485;566;481;567;480;567;477;568;476;568;471;569;470;569;467;570;466;570;463;571;462;571;459;572;458;572;454;573;453;573;450;574;449;574;444;575;443;575;437;576;436;576;432;577;431;577;423;578;422;578;414;579;413;579;401;580;400;580;384;581;383;581;345;580;344;580;333;579;332;579;320;578;319;578;311;577;310;577;302;576;301;576;298;575;297;575;291;574;290;574;281;575;280;575;274;576;273;576;272;577;271;577;266;576;265;575;265;574;264;574;263;572;261;572;260
214,nasal_cutting_forceps,568;261;567;262;563;262;560;265;559;264;558;264;557;265;556;265;555;266;552;266;551;267;549;267;548;268;546;268;545;269;544;269;543;270;540;270;538;272;535;272;534;273;533;273;532;274;529;274;528;275;524;275;523;276;522;276;521;277;518;277;516;279;513;279;510;282;507;282;505;284;503;284;502;285;500;285;499;286;494;286;493;287;489;287;488;288;486;288;485;289;484;289;482;291;480;291;478;293;477;293;476;294;475;294;474;295;473;295;471;297;470;297;469;298;467;298;466;299;465;299;464;300;461;300;460;301;458;301;457;302;455;302;454;303;453;303;452;304;448;304;447;305;445;305;444;306;441;306;440;307;438;307;437;308;434;308;433;309;429;309;428;310;426;310;425;311;423;311;422;312;421;312;420;313;417;313;416;314;411;314;410;315;396;315;395;314;394;314;393;315;379;315;378;316;372;316;371;315;369;315;368;314;362;314;360;312;360;311;359;310;356;310;355;309;353;309;352;308;346;308;345;307;340;307;339;306;338;306;337;307;335;307;334;306;332;306;330;304;329;305;326;305;325;304;320;304;319;303;318;304;314;304;313;303;312;303;311;304;310;304;309;305;308;305;307;306;300;306;299;307;297;307;296;308;294;308;288;314;287;314;286;315;285;315;284;316;283;316;282;317;282;318;271;329;271;331;270;332;270;333;269;334;269;335;266;338;265;338;265;339;262;342;262;343;261;344;261;345;260;346;260;348;259;349;259;352;258;353;258;355;257;356;257;360;258;361;258;362;257;363;257;364;258;365;258;369;259;370;259;372;260;373;260;375;261;376;262;376;264;378;264;380;265;381;267;381;270;384;270;387;271;388;271;392;274;392;276;394;276;396;277;397;278;397;281;400;281;402;282;403;282;404;286;404;287;405;288;405;290;407;290;408;293;411;293;421;292;422;292;425;290;427;290;428;289;429;289;436;288;437;289;438;289;444;290;445;290;450;291;451;291;454;293;456;293;457;295;459;296;459;297;460;298;460;299;461;300;461;303;464;303;465;306;468;307;468;309;470;310;470;311;471;314;471;315;470;315;469;316;468;317;469;318;469;319;470;319;471;320;472;320;473;321;473;322;474;323;474;328;479;329;479;330;480;331;480;332;481;333;481;334;482;335;482;336;483;337;483;339;485;341;485;342;486;347;486;349;488;370;488;373;485;375;485;376;484;376;482;377;481;385;481;386;480;387;480;388;479;390;479;391;478;401;478;402;479;404;479;405;480;412;480;413;481;420;481;421;482;423;482;424;483;425;483;426;484;431;484;432;485;437;485;438;486;439;486;440;487;441;487;442;488;444;488;445;489;446;489;447;490;455;490;456;491;459;491;460;492;464;492;465;493;466;493;467;494;468;494;470;496;477;496;478;497;479;497;480;498;482;498;485;501;486;501;487;502;489;502;490;503;491;503;492;504;497;504;498;505;499;505;500;506;502;506;503;507;504;507;505;508;506;508;507;509;509;509;510;510;511;510;512;511;514;511;515;512;520;512;521;513;524;513;525;514;526;514;527;515;528;514;530;514;531;515;534;515;535;516;539;516;540;517;553;517;554;516;555;516;555;514;556;513;556;512;557;511;557;510;558;509;558;508;559;507;559;504;560;503;560;502;561;501;561;498;562;497;562;496;563;495;563;493;564;492;564;489;565;488;565;486;566;485;566;481;567;480;567;477;568;476;568;471;569;470;569;467;570;466;570;463;571;462;571;459;572;458;572;455;573;454;573;450;574;449;574;444;575;443;575;437;576;436;576;432;577;431;577;423;578;422;578;415;579;414;579;400;580;399;580;383;581;382;581;345;580;344;580;333;579;332;579;320;578;319;578;310;577;309;577;302;576;301;576;298;575;297;575;290;574;289;574;281;575;280;575;275;576;274;576;272;577;271;577;266;576;265;575;265;572;262;572;261
215,nasal_cutting_forceps,568;262;567;263;563;263;561;265;558;265;556;267;555;267;554;268;551;268;550;269;549;269;548;270;546;270;545;271;544;271;543;272;541;272;540;273;539;273;538;274;535;274;534;275;530;275;529;276;528;276;527;277;524;277;523;278;522;278;521;279;518;279;516;281;514;281;513;282;512;282;510;284;507;284;506;285;504;285;503;286;500;286;499;287;497;287;496;286;495;287;494;287;493;288;489;288;487;290;484;290;482;292;481;292;480;293;479;293;477;295;475;295;474;296;473;296;472;297;471;297;470;298;468;298;467;299;466;299;465;300;462;300;461;301;460;301;459;302;457;302;455;304;454;304;453;305;452;305;451;306;446;306;445;307;444;307;443;308;439;308;438;309;436;309;435;310;433;310;432;311;429;311;428;312;427;312;425;314;422;314;421;315;419;315;418;316;412;316;411;317;408;317;407;318;378;318;377;319;371;319;370;318;368;318;367;317;366;317;365;316;362;316;361;315;357;315;356;314;354;314;353;313;350;313;349;312;348;312;347;311;343;311;342;310;333;310;332;309;314;309;313;308;305;308;304;309;300;309;299;310;297;310;296;311;293;311;290;314;289;314;288;315;287;315;286;316;285;316;283;318;282;318;282;319;280;321;279;321;276;324;276;325;274;327;273;327;272;328;272;329;271;330;271;331;270;332;270;333;269;334;269;335;266;338;265;338;265;339;262;342;262;343;260;345;260;346;259;347;259;351;258;352;258;353;257;354;257;356;256;357;256;366;257;367;257;369;258;370;258;372;259;373;259;375;261;377;261;378;266;383;267;383;268;384;268;385;269;386;269;387;270;388;270;391;271;392;271;393;272;394;273;394;274;395;274;396;276;398;277;398;278;399;279;399;280;400;280;401;281;402;281;404;282;405;284;405;287;408;287;409;290;412;290;414;291;415;291;416;292;417;292;420;290;422;290;424;288;426;288;445;289;446;289;450;290;451;290;454;293;457;293;458;294;459;295;459;296;460;297;460;298;461;299;461;301;463;302;463;303;464;303;465;307;469;308;469;310;471;315;471;316;470;317;471;318;471;319;472;320;472;322;474;323;474;327;478;328;478;329;479;330;479;331;480;332;480;333;481;334;481;335;482;336;482;337;483;338;483;339;484;340;484;341;485;348;485;349;486;360;486;361;487;369;487;371;485;371;483;372;482;375;482;377;480;383;480;384;479;386;479;387;478;391;478;392;477;403;477;405;479;407;479;408;480;417;480;418;481;422;481;423;482;425;482;427;484;429;484;430;485;434;485;435;486;437;486;438;487;439;487;440;488;443;488;444;489;446;489;447;490;454;490;455;491;458;491;459;492;461;492;462;493;463;493;464;494;466;494;467;495;469;495;470;496;477;496;478;497;479;497;480;498;482;498;485;501;486;501;487;502;489;502;490;503;492;503;493;504;495;504;496;505;498;505;499;506;501;506;502;507;504;507;506;509;508;509;509;510;511;510;512;511;514;511;515;512;516;512;517;513;519;513;520;514;522;514;523;515;530;515;531;516;535;516;536;517;553;517;554;516;555;516;555;514;556;513;556;512;557;511;557;510;558;509;558;508;559;507;559;504;560;503;560;501;561;500;561;498;562;497;562;495;563;494;563;492;564;491;564;489;565;488;565;486;566;485;566;481;567;480;567;477;568;476;568;471;569;470;569;466;570;465;570;463;571;462;571;459;572;458;572;454;573;453;573;449;574;448;574;444;575;443;575;437;576;436;576;432;577;431;577;423;578;422;578;414;579;413;579;400;580;399;580;383;581;382;581;346;580;345;580;330;579;329;579;318;578;317;578;310;577;309;577;302;576;301;576;298;575;297;575;290;574;289;574;281;575;280;575;275;576;274;576;272;577;271;577;266;576;265;575;265;573;263;572;263;571;262
216,nasal_cutting_forceps,568;262;567;263;563;263;561;265;558;265;557;266;556;266;555;267;553;267;552;268;551;268;550;269;547;269;546;270;543;270;542;271;540;271;539;272;536;272;535;273;534;273;533;274;529;274;527;276;523;276;522;277;520;277;519;278;518;278;516;280;513;280;512;281;511;281;510;282;509;282;508;283;507;283;506;284;505;284;504;285;501;285;500;286;495;286;494;287;490;287;489;288;488;288;487;289;485;289;484;290;483;290;481;292;479;292;477;294;476;294;475;295;473;295;472;296;471;296;470;297;468;297;467;298;466;298;465;299;462;299;461;300;460;300;459;301;458;301;457;302;455;302;454;303;453;303;452;304;450;304;449;305;448;305;447;306;445;306;444;307;443;307;442;308;440;308;439;309;438;309;437;310;434;310;433;311;432;311;431;312;429;312;427;314;425;314;424;315;421;315;420;316;416;316;415;317;412;317;411;318;407;318;406;319;401;319;400;320;395;320;394;321;384;321;383;320;382;321;378;321;377;320;364;320;363;319;361;319;359;317;357;317;356;316;353;316;352;315;341;315;340;314;316;314;314;312;314;311;313;310;301;310;300;311;295;311;294;312;293;312;292;313;291;313;290;314;289;314;288;315;287;315;286;316;285;316;282;319;281;319;271;329;271;330;270;331;270;332;269;333;269;334;265;338;264;338;262;340;262;341;259;344;259;346;258;347;258;350;256;352;256;353;255;354;255;356;254;357;254;370;255;371;255;372;256;373;256;374;258;376;258;377;259;378;259;379;260;380;260;381;261;381;262;382;263;382;264;383;264;384;265;385;265;386;266;387;267;387;269;389;269;391;270;392;270;394;271;395;271;396;274;399;275;399;276;400;276;401;277;402;277;403;278;403;282;407;282;408;285;411;285;414;286;415;287;415;289;417;289;418;288;419;288;420;285;423;285;425;284;426;284;427;283;428;283;433;284;434;284;438;283;439;283;442;284;443;284;444;285;445;285;448;288;451;288;452;289;453;290;453;292;455;292;456;295;459;296;459;297;460;298;460;299;461;300;461;301;462;302;462;303;463;303;464;304;465;305;465;306;466;307;466;309;468;310;468;311;469;312;469;313;470;317;470;318;471;320;471;321;472;322;472;323;473;324;473;328;477;330;477;331;478;333;478;334;479;335;479;336;480;337;480;338;481;340;481;341;482;348;482;349;483;354;483;355;482;360;482;361;481;362;481;363;482;369;482;370;481;370;479;373;476;374;476;375;475;376;475;377;474;381;474;382;473;387;473;388;474;390;474;391;475;399;475;400;476;403;476;405;478;409;478;410;479;414;479;415;480;418;480;419;481;424;481;425;482;427;482;428;483;430;483;431;484;435;484;436;485;439;485;440;486;443;486;444;487;445;487;446;488;451;488;452;489;454;489;455;490;458;490;459;491;462;491;463;492;466;492;468;494;469;494;471;496;476;496;477;497;478;497;479;498;481;498;483;500;484;500;485;501;486;501;487;502;489;502;490;503;491;503;492;504;496;504;497;505;498;505;499;506;502;506;504;508;505;508;506;509;508;509;509;510;511;510;512;511;514;511;515;512;517;512;518;513;520;513;521;514;523;514;524;515;532;515;533;516;538;516;539;517;554;517;555;516;555;515;556;514;556;513;557;512;557;511;558;510;558;508;559;507;559;504;560;503;560;502;561;501;561;499;562;498;562;496;563;495;563;492;564;491;564;489;565;488;565;486;566;485;566;481;567;480;567;477;568;476;568;471;569;470;569;467;570;466;570;463;571;462;571;459;572;458;572;455;573;454;573;450;574;449;574;444;575;443;575;437;576;436;576;432;577;431;577;422;578;421;578;413;579;412;579;400;580;399;580;383;581;382;581;346;580;345;580;330;579;329;579;319;578;318;578;310;577;309;577;302;576;301;576;298;575;297;575;290;574;289;574;281;575;280;575;275;576;274;576;272;577;271;577;265;575;265;572;262
217,nasal_cutting_forceps,565;258;564;259;563;259;562;260;561;260;560;261;558;261;555;264;554;263;551;263;550;264;546;264;545;265;542;265;541;266;540;266;539;267;539;268;538;269;537;269;536;268;535;269;531;269;530;270;527;270;526;271;523;271;521;273;518;273;516;275;513;275;512;276;511;276;510;277;508;277;507;278;506;278;504;280;502;280;501;281;500;281;499;282;497;282;496;283;494;283;493;284;491;284;489;286;488;286;487;287;484;287;483;288;482;288;481;289;480;289;479;290;475;290;474;291;472;291;472;292;470;294;468;294;467;295;466;295;465;296;463;296;462;297;461;297;460;298;458;298;457;299;455;299;454;300;453;300;452;301;450;301;449;302;446;302;443;305;441;305;440;306;436;306;435;307;433;307;432;308;429;308;428;309;427;309;426;310;425;310;424;311;423;311;422;312;421;312;420;313;417;313;416;314;413;314;412;315;409;315;408;316;405;316;404;317;402;317;401;318;398;318;397;319;391;319;390;320;386;320;385;321;367;321;366;320;361;320;360;319;356;319;355;318;349;318;348;317;344;317;343;316;341;316;340;315;320;315;319;314;318;315;316;315;315;314;314;314;313;313;313;312;309;312;308;311;307;311;306;312;304;312;303;311;298;311;297;312;293;312;292;313;291;313;290;314;288;314;287;315;285;315;284;316;283;316;281;318;280;318;277;321;276;321;271;326;271;328;270;329;270;330;269;331;269;332;264;337;263;337;260;340;260;341;257;344;257;345;255;347;255;348;254;349;254;350;253;351;253;353;252;354;252;355;251;356;251;357;250;358;250;359;251;360;251;362;250;363;250;369;253;372;253;374;256;377;256;378;258;380;258;381;260;383;260;384;263;387;264;387;266;389;266;390;267;391;267;392;268;393;268;394;269;395;269;396;270;397;270;398;272;400;272;401;275;404;276;404;277;405;278;405;279;406;279;407;280;408;280;414;281;415;281;416;282;417;282;420;280;422;280;429;279;430;279;431;280;432;280;443;281;444;281;445;283;447;283;448;289;454;290;454;294;458;295;458;297;460;298;460;299;461;301;461;303;463;304;463;305;464;306;464;309;467;310;467;311;468;312;468;313;469;314;469;315;470;316;470;317;471;319;471;320;472;324;472;327;475;327;476;330;476;331;477;334;477;335;478;337;478;338;479;340;479;341;480;346;480;347;481;348;480;351;480;352;481;353;480;354;480;355;479;357;479;358;480;359;479;359;478;360;477;360;474;361;473;365;473;366;472;371;472;372;471;389;471;390;472;397;472;398;473;400;473;401;474;403;474;404;475;405;475;406;476;407;476;408;477;410;477;411;478;415;478;416;479;418;479;419;480;425;480;426;481;435;481;436;482;439;482;441;484;444;484;445;485;447;485;448;486;449;486;450;485;451;485;452;486;454;486;456;488;458;488;459;489;463;489;464;490;466;490;467;491;469;491;470;492;471;492;473;494;474;494;475;495;476;495;477;496;479;496;480;497;482;497;483;498;484;498;485;499;486;499;487;500;489;500;490;501;492;501;493;502;496;502;497;503;499;503;500;504;502;504;503;505;504;505;505;506;507;506;508;507;510;507;511;508;512;508;513;509;515;509;516;510;519;510;520;511;522;511;523;512;526;512;527;513;531;513;532;514;534;514;535;515;537;515;538;516;546;516;547;517;553;517;554;516;555;516;555;515;556;514;556;513;557;512;557;511;558;510;558;508;559;507;559;504;560;503;560;501;561;500;561;498;562;497;562;496;563;495;563;493;564;492;564;489;565;488;565;486;566;485;566;481;567;480;567;477;568;476;568;471;569;470;569;467;570;466;570;463;571;462;571;459;572;458;572;455;573;454;573;450;574;449;574;444;575;443;575;437;576;436;576;432;577;431;577;423;578;422;578;414;579;413;579;400;580;399;580;383;581;382;581;345;580;344;580;330;579;329;579;318;578;317;578;309;577;308;577;302;576;301;576;297;575;296;575;290;574;289;574;282;575;281;575;276;576;275;576;273;577;272;577;270;578;269;578;265;572;259;567;259;566;258
218,nasal_cutting_forceps,564;253;563;254;563;255;562;256;562;257;561;258;552;258;551;259;547;259;546;260;545;260;545;261;544;262;542;262;541;261;539;263;535;263;533;265;529;265;526;268;523;268;522;269;519;269;518;270;516;270;515;271;512;271;510;273;507;273;505;275;502;275;501;276;500;276;499;277;495;277;493;279;490;279;488;281;485;281;484;282;483;282;482;283;480;283;479;284;478;284;477;285;474;285;472;287;471;287;470;288;469;288;468;289;467;289;465;291;463;291;462;292;460;292;458;294;457;294;456;295;455;295;454;296;450;296;448;298;446;298;445;299;443;299;442;300;441;300;440;301;437;301;436;302;434;302;432;304;431;304;430;305;429;305;428;306;427;306;426;307;424;307;423;308;422;308;421;309;419;309;418;310;416;310;414;312;413;312;412;313;410;313;409;314;406;314;405;315;403;315;402;316;399;316;398;317;396;317;395;318;391;318;390;319;388;319;387;320;383;320;382;321;377;321;376;322;367;322;366;321;359;321;358;320;353;320;352;319;346;319;345;318;342;318;341;317;336;317;335;316;331;316;330;315;329;315;328;316;327;316;326;315;315;315;313;313;304;313;303;312;300;312;299;313;298;312;291;312;290;313;289;313;288;314;283;314;282;315;280;315;279;316;278;316;276;318;275;318;273;320;272;320;271;321;271;322;269;324;269;326;265;330;265;331;263;333;262;333;260;335;260;336;254;342;254;343;250;347;250;350;249;351;249;352;248;353;248;357;247;358;247;367;248;368;248;370;249;371;249;372;250;373;250;374;253;377;253;378;254;379;254;380;258;384;258;385;264;391;264;392;265;393;265;394;270;399;270;400;271;401;271;403;272;404;273;404;276;407;276;410;277;411;277;419;276;420;276;424;275;425;275;426;276;427;276;433;277;434;276;435;276;437;277;438;277;440;278;441;278;442;279;443;279;444;289;454;290;454;295;459;296;459;297;460;298;460;299;461;301;461;302;462;303;462;304;463;305;463;307;465;308;465;310;467;311;467;312;468;313;468;314;469;317;469;318;470;320;470;321;471;325;471;326;472;335;472;336;473;339;473;340;474;341;474;342;475;343;475;344;476;345;476;346;475;347;475;348;474;348;473;350;471;358;471;359;470;360;470;361;469;363;469;364;468;371;468;372;467;376;467;377;468;380;468;381;469;386;469;387;470;391;470;392;471;393;470;395;470;396;471;398;471;399;472;402;472;403;473;404;473;405;474;406;474;407;475;408;475;409;476;414;476;415;477;419;477;420;478;427;478;428;479;434;479;435;480;442;480;443;481;445;481;446;482;447;482;448;483;451;483;453;485;456;485;457;486;459;486;460;487;463;487;464;488;465;488;466;489;467;489;468;490;470;490;471;491;472;491;473;492;475;492;476;493;477;493;478;494;480;494;481;495;483;495;484;496;486;496;487;497;490;497;491;498;493;498;496;501;501;501;502;502;503;502;504;503;509;503;512;506;513;506;514;507;515;507;516;508;518;508;519;509;520;509;521;510;523;510;524;511;526;511;527;512;531;512;532;513;534;513;535;514;537;514;538;515;540;515;541;516;553;516;554;515;555;515;555;514;557;512;557;510;558;509;558;508;559;507;559;504;560;503;560;501;561;500;561;498;562;497;562;495;563;494;563;492;564;491;564;489;565;488;565;486;566;485;566;481;567;480;567;477;568;476;568;471;569;470;569;467;570;466;570;463;571;462;571;459;572;458;572;455;573;454;573;450;574;449;574;444;575;443;575;437;576;436;576;431;577;430;577;422;578;421;578;413;579;412;579;402;580;401;580;383;581;382;581;344;580;343;580;329;579;328;579;317;578;316;578;309;577;308;577;302;576;301;576;297;575;296;575;290;574;289;574;282;575;281;575;276;576;275;576;272;577;271;577;270;578;269;578;264;572;258;571;258;570;257;569;257;567;255;567;254;566;253
219,nasal_cutting_forceps,550;248;549;249;547;249;544;252;542;252;541;251;538;254;537;254;536;255;532;255;531;256;530;256;528;258;526;258;525;257;524;257;521;260;518;260;516;262;512;262;512;263;511;264;507;264;506;265;505;265;504;266;501;266;500;267;496;267;493;270;492;270;487;275;486;275;485;274;484;275;481;275;480;276;477;276;476;277;473;277;472;278;471;278;470;279;467;279;464;282;463;282;462;283;461;283;459;285;456;285;454;287;451;287;450;288;448;288;447;289;446;289;445;290;444;290;443;291;440;291;439;292;438;292;436;294;434;294;433;295;432;295;431;296;426;296;425;297;423;297;422;298;420;298;419;299;416;299;415;300;414;300;413;301;411;301;409;303;408;303;407;304;406;304;403;307;400;307;400;308;399;309;396;309;395;310;392;310;391;311;390;311;388;313;387;313;386;314;383;314;383;315;381;317;379;317;378;318;376;318;375;319;371;319;370;318;369;318;368;319;366;319;365;320;351;320;350;319;345;319;344;318;338;318;337;317;333;317;332;316;325;316;324;315;323;315;322;316;321;315;315;315;313;313;304;313;302;311;301;312;298;312;297;311;292;311;291;310;290;310;288;312;285;312;284;313;283;313;282;314;278;314;277;315;273;315;272;316;271;316;270;317;270;318;269;319;269;320;268;321;267;321;263;325;262;325;259;328;259;329;258;330;258;331;256;333;256;334;253;337;252;337;251;338;250;338;248;340;248;342;247;343;247;344;246;345;246;346;245;347;245;349;246;350;245;351;245;359;244;360;244;364;245;365;245;366;246;367;245;368;245;369;246;370;246;371;247;372;247;374;251;378;251;379;257;385;257;386;260;389;260;390;265;395;265;396;269;400;269;401;270;402;270;404;271;405;271;407;273;409;273;414;272;415;272;427;273;428;273;429;274;430;274;436;275;437;275;438;276;439;276;440;277;441;277;442;284;449;285;449;286;450;287;450;288;451;289;451;293;455;295;455;296;456;297;456;298;457;299;457;300;458;301;458;303;460;304;460;306;462;307;462;308;463;309;463;310;464;311;464;312;465;332;465;333;466;337;466;338;465;340;465;341;466;342;465;343;465;345;463;348;463;349;462;354;462;355;461;356;461;357;462;359;462;360;461;362;461;363;462;373;462;374;463;376;463;377;464;379;464;380;465;384;465;385;466;390;466;391;467;398;467;399;468;401;468;402;469;407;469;409;471;409;473;413;473;414;474;419;474;420;475;428;475;429;476;430;476;431;477;434;477;435;478;442;478;443;479;449;479;450;480;453;480;454;481;457;481;458;482;461;482;462;481;466;485;468;485;469;486;470;486;471;487;472;487;473;488;474;488;475;489;478;489;479;490;481;490;482;491;484;491;485;492;487;492;489;494;490;494;491;495;492;495;493;496;498;496;499;497;500;497;501;498;502;498;503;499;504;499;505;500;507;500;508;501;510;501;511;502;513;502;514;503;515;503;516;504;518;504;521;507;526;507;527;508;528;507;530;507;531;508;533;508;535;510;538;510;539;511;540;511;541;512;545;512;546;513;554;513;558;509;558;505;559;504;559;503;560;502;560;500;561;499;561;497;562;496;562;495;563;494;563;492;564;491;564;488;565;487;565;486;566;485;566;481;567;480;567;477;568;476;568;471;569;470;569;467;570;466;570;463;571;462;571;459;572;458;572;455;573;454;573;450;574;449;574;443;575;442;575;437;576;436;576;431;577;430;577;422;578;421;578;413;579;412;579;400;580;399;580;383;581;382;581;345;580;344;580;330;579;329;579;317;578;316;578;309;577;308;577;301;576;300;576;297;575;296;575;290;574;289;574;282;575;281;575;276;576;275;576;272;577;271;577;270;578;269;578;263;577;262;576;262;572;258;572;257;571;257;569;255;569;254;566;251;566;249;565;248;556;248;555;249;554;248
220,nasal_cutting_forceps,541;234;541;237;540;238;540;240;539;241;539;245;538;246;536;246;535;245;534;245;533;244;533;243;530;243;529;244;529;245;527;247;526;246;525;246;524;245;523;246;521;246;520;245;518;245;516;247;512;247;510;249;509;249;508;248;507;248;506;249;506;250;504;252;503;252;502;251;502;252;503;253;503;254;502;255;501;255;499;253;498;253;495;256;495;257;493;259;492;259;490;257;490;258;489;259;489;260;488;261;486;261;485;260;483;260;482;261;479;261;476;264;474;262;473;263;474;264;474;265;472;267;472;268;471;269;464;269;463;268;462;268;460;266;459;266;458;267;457;267;456;268;454;268;457;271;456;272;455;272;454;273;453;273;452;272;452;271;451;270;451;271;448;274;445;274;447;276;445;278;444;277;444;276;437;276;435;278;433;278;431;280;430;279;429;279;428;280;428;282;425;285;423;285;423;286;424;287;424;288;423;289;421;287;419;287;417;289;416;288;414;288;413;289;412;289;409;292;406;292;405;291;404;291;403;290;402;291;401;291;403;293;403;294;402;295;400;295;398;297;396;297;395;296;394;296;393;297;392;297;391;298;390;298;389;299;387;299;386;300;385;300;384;301;383;301;382;302;380;302;380;303;381;304;379;306;378;306;377;307;376;307;375;308;372;308;371;309;370;309;369;310;368;310;366;312;363;312;362;313;358;313;357;314;356;314;355;315;316;315;313;312;313;310;312;311;310;311;309;310;306;310;305;311;304;310;298;310;297;309;295;309;294;310;293;310;292;309;289;309;288;310;287;310;286;309;284;309;283;310;281;310;280;311;280;313;279;314;269;314;268;315;266;315;265;316;264;316;261;319;260;319;257;322;257;323;253;327;253;328;248;333;248;334;246;336;246;337;244;339;244;340;243;341;243;343;242;344;242;346;241;347;241;359;242;360;242;364;244;366;244;367;245;368;245;370;247;372;247;374;251;378;251;379;254;382;254;383;267;396;268;396;269;397;269;398;270;399;270;407;269;408;269;412;270;413;270;417;269;418;269;420;270;421;270;429;271;430;271;431;275;435;275;436;276;437;276;438;277;439;277;440;281;444;282;444;284;446;285;446;286;447;287;447;288;448;291;448;292;449;294;449;295;450;298;450;299;451;300;451;301;452;302;452;303;453;304;453;305;454;320;454;321;453;325;453;326;454;333;454;334;455;336;455;338;453;340;453;341;454;342;453;342;452;344;450;345;450;347;452;348;452;349;451;350;451;352;453;353;453;354;452;356;452;357;453;358;453;361;450;362;450;363;451;364;451;365;450;368;450;371;453;372;453;373;454;381;454;382;455;387;455;389;457;393;457;394;458;397;458;399;460;404;460;406;458;407;458;408;459;408;460;409;461;409;462;412;462;413;463;416;463;417;462;420;465;421;465;422;466;428;466;429;467;433;467;435;469;437;469;439;467;441;467;442;468;444;468;445;469;448;469;449;468;458;468;459;469;460;469;461;468;465;468;466;469;468;469;469;470;471;470;473;472;473;473;475;475;476;475;477;476;479;476;480;477;482;477;483;478;487;478;488;479;489;479;490;480;491;480;492;481;496;481;497;482;497;483;498;484;498;485;501;485;502;486;503;486;504;487;505;487;506;486;507;486;508;487;509;487;510;488;513;488;514;489;516;489;517;490;519;490;520;491;522;491;523;492;524;492;525;493;527;493;529;491;533;491;534;492;535;492;536;493;538;493;539;494;543;494;544;495;550;495;551;494;551;493;552;492;553;492;554;493;555;493;557;495;560;495;561;494;561;493;563;491;563;490;564;489;564;487;565;486;565;483;566;482;566;479;567;478;567;475;568;474;568;470;569;469;569;466;570;465;570;462;571;461;571;459;572;458;572;453;573;452;573;449;574;448;574;442;575;441;575;436;576;435;576;430;577;429;577;422;578;421;578;413;579;412;579;400;580;399;580;384;581;383;581;344;580;343;580;329;579;328;579;317;578;316;578;307;577;306;577;301;576;300;576;296;575;295;575;289;574;288;574;282;575;281;575;278;576;277;576;273;577;272;577;271;578;270;578;268;579;267;579;264;578;263;578;262;577;262;570;255;570;254;568;252;568;251;567;250;567;249;566;248;566;247;565;247;564;246;564;245;563;244;563;242;562;241;562;240;561;239;561;238;560;237;557;237;556;236;553;236;552;235;551;236;545;236;544;237;543;237;542;236;542;235
221,nasal_cutting_forceps,541;212;541;213;540;214;540;216;539;217;539;219;540;220;540;223;538;225;537;224;523;224;521;226;514;226;513;227;512;227;511;228;511;229;510;230;509;229;507;229;506;230;502;230;501;231;498;231;497;232;496;232;493;235;490;235;490;236;487;239;486;238;485;238;483;240;482;240;481;241;480;241;480;242;479;243;477;243;475;245;474;245;473;246;473;249;472;250;468;250;465;253;463;253;462;254;459;254;457;256;456;256;455;257;455;259;454;260;452;260;451;259;450;260;449;260;448;261;445;261;442;264;441;264;439;266;438;266;436;268;434;268;433;269;429;269;428;270;427;270;425;272;423;272;422;273;421;273;420;274;418;274;417;273;416;274;413;274;412;275;411;275;410;276;408;276;407;277;406;277;404;279;402;279;401;280;401;282;400;283;399;283;398;284;395;284;392;287;391;287;388;290;387;290;386;291;383;291;382;292;381;292;380;293;379;293;378;294;377;294;376;295;375;295;374;296;372;296;371;297;370;297;369;298;368;298;366;300;364;300;363;301;362;301;361;302;360;302;360;304;357;307;355;307;354;308;353;308;352;309;351;309;350;310;349;310;348;309;347;309;346;310;345;310;344;311;341;311;340;312;337;312;336;313;333;313;332;314;316;314;314;312;314;310;313;309;313;308;303;308;302;307;301;307;300;308;298;308;297;307;286;307;285;306;284;307;279;307;277;309;276;309;275;308;273;308;272;309;271;309;270;310;270;311;269;312;269;313;268;314;263;314;262;315;260;315;259;316;257;316;248;325;248;327;247;328;247;330;244;333;244;334;241;337;240;337;239;338;238;338;238;339;237;340;237;346;236;347;236;353;238;355;238;356;239;357;239;359;240;360;240;362;241;363;241;364;242;364;245;367;245;369;246;370;246;371;247;372;247;373;248;374;248;375;253;380;253;381;254;382;255;382;263;390;263;391;265;391;269;395;269;405;268;406;269;407;269;409;268;410;268;412;269;413;269;425;270;426;270;429;271;430;271;431;272;432;273;432;274;433;274;434;282;442;283;442;284;443;286;443;287;444;289;444;290;445;295;445;296;446;298;446;299;447;301;447;302;448;313;448;315;446;326;446;327;445;328;445;329;446;332;446;333;445;334;446;358;446;359;445;360;445;361;444;369;444;370;445;371;445;372;446;379;446;380;447;381;447;382;446;389;446;390;447;396;447;398;449;401;449;402;450;405;450;406;449;407;450;408;450;409;451;413;451;414;452;415;452;416;453;417;453;418;454;421;454;422;455;428;455;429;456;431;456;433;458;435;458;437;460;438;459;440;459;441;460;442;460;443;461;446;461;447;462;449;462;450;461;452;461;453;462;457;462;458;463;460;463;461;464;464;464;465;465;467;465;468;466;470;466;471;467;472;466;473;466;474;467;477;467;478;468;481;468;482;469;488;469;491;472;492;472;493;473;494;473;495;472;495;471;496;470;498;470;499;471;497;473;498;474;501;474;502;475;505;475;506;474;509;474;510;475;512;475;513;476;515;476;516;477;518;477;519;478;522;478;523;479;526;479;527;480;528;479;529;479;530;478;531;479;533;479;534;480;537;480;538;481;544;481;546;483;548;483;549;484;550;484;551;483;551;482;552;481;554;481;555;482;555;484;556;484;558;486;559;486;560;485;561;486;561;487;562;488;562;489;563;490;563;489;564;488;564;486;565;485;565;483;564;482;566;480;566;477;567;476;567;472;568;471;568;470;569;469;569;465;570;464;570;461;571;460;571;458;572;457;572;452;573;451;573;449;574;448;574;442;575;441;575;436;576;435;576;430;577;429;577;422;578;421;578;413;579;412;579;400;580;399;580;386;581;385;581;343;580;342;580;328;579;327;580;326;580;324;579;323;579;315;578;314;578;306;577;305;577;301;576;300;576;296;575;295;575;288;574;287;574;284;575;283;575;278;576;277;576;273;577;272;577;271;578;270;578;269;579;268;579;263;576;260;575;260;573;258;573;257;568;252;568;251;567;250;567;248;564;245;564;243;563;242;563;238;562;237;562;233;561;232;561;228;560;227;560;226;558;224;558;223;555;220;556;219;556;218;555;217;555;216;552;213;551;213;550;214;549;214;548;213;543;213;542;212
222,nasal_cutting_forceps,551;201;550;202;546;202;545;203;542;203;541;204;540;204;540;205;538;207;535;207;533;209;531;209;530;210;527;210;525;212;524;212;523;213;523;214;521;216;517;216;516;217;513;217;510;220;507;220;505;222;505;223;504;224;503;223;502;223;501;224;499;224;498;225;496;225;494;227;494;228;493;229;490;229;488;231;486;231;485;232;481;232;480;233;479;233;477;235;476;235;475;236;474;236;474;237;473;238;473;239;472;240;472;241;471;242;470;242;469;243;468;243;467;244;466;244;465;245;464;245;463;246;457;246;457;247;454;250;451;250;448;253;446;253;445;254;444;254;443;255;442;255;441;256;439;256;438;255;436;255;435;256;434;256;433;257;432;257;433;258;433;260;431;262;428;262;428;264;427;265;427;266;425;268;422;268;421;269;420;269;419;270;412;270;409;273;406;273;403;276;402;276;400;278;399;278;397;280;396;280;396;281;394;283;392;283;391;284;389;284;386;287;384;287;383;288;382;288;380;290;379;290;378;291;377;291;376;292;375;292;374;293;373;293;372;294;371;294;370;295;369;295;368;296;367;296;366;297;365;297;364;298;363;298;362;299;361;299;356;304;355;304;353;306;352;306;351;307;348;307;347;308;344;308;342;310;341;310;340;311;339;311;338;312;337;311;336;311;334;313;332;313;331;314;328;314;327;315;326;314;318;314;317;315;316;315;314;313;314;311;313;310;313;309;308;309;307;310;306;310;305;311;304;310;303;310;302;309;301;309;300;310;299;310;298;309;293;309;292;308;286;308;285;307;284;308;283;308;282;309;280;309;279;308;275;308;274;309;271;309;271;311;270;312;270;313;269;314;268;314;267;315;257;315;256;316;254;316;254;317;251;320;250;320;249;321;249;322;248;323;248;325;247;326;247;327;246;328;246;329;237;338;237;340;236;341;236;345;235;346;235;354;236;355;236;356;237;357;237;359;238;360;239;360;240;361;240;363;242;365;243;365;244;366;244;367;245;368;245;370;246;371;246;372;247;373;247;375;250;378;250;379;252;381;253;381;254;382;255;382;258;385;258;386;266;394;266;398;265;399;265;409;266;410;266;417;267;418;267;419;268;420;268;423;269;424;269;427;270;428;270;430;271;431;271;432;272;432;275;435;276;435;283;442;287;442;288;443;290;443;291;444;295;444;296;445;301;445;302;446;308;446;309;445;313;445;314;444;315;444;316;443;325;443;326;444;332;444;333;443;334;444;337;444;338;443;339;443;340;444;344;444;345;445;348;445;349;446;358;446;361;443;362;443;363;444;370;444;372;446;390;446;391;447;401;447;402;448;404;448;405;447;408;447;411;450;413;450;414;451;416;451;417;452;419;452;420;453;421;453;422;454;425;454;426;455;430;455;431;456;434;456;435;457;436;457;437;458;442;458;443;459;444;459;445;460;445;461;447;461;448;462;449;461;457;461;458;462;461;462;462;463;465;463;466;464;468;464;469;465;472;465;473;466;478;466;479;467;484;467;485;468;488;468;489;469;491;469;492;470;497;470;498;471;499;471;500;472;503;472;504;473;505;472;509;472;510;473;514;473;515;474;516;474;518;476;520;476;521;477;525;477;526;478;536;478;537;479;539;479;540;480;543;480;544;481;546;481;547;482;550;482;552;480;553;480;554;481;557;481;558;482;561;482;562;483;562;486;563;487;563;489;563;488;564;487;564;485;565;484;564;483;564;481;566;479;566;476;567;475;567;473;568;472;568;470;569;469;569;466;570;465;570;462;571;461;571;459;572;458;572;454;573;453;573;449;574;448;574;443;575;442;575;435;576;434;576;430;577;429;577;422;578;421;578;413;579;412;579;400;580;399;580;387;581;386;581;342;580;341;580;324;579;323;579;313;578;312;578;306;577;305;577;300;576;299;576;296;575;295;575;278;576;277;576;274;577;273;577;271;578;270;578;269;579;268;579;266;580;265;579;264;579;263;569;253;569;252;568;251;568;250;567;249;567;248;566;247;566;246;564;244;564;239;563;238;563;233;562;232;562;229;561;228;561;226;560;225;560;224;559;223;559;222;558;221;558;217;557;216;557;215;556;214;556;212;555;211;555;208;554;207;554;206;553;205;553;204;552;203;552;201
223,nasal_cutting_forceps,541;190;540;191;539;191;539;192;538;193;535;193;534;194;534;195;533;196;530;196;529;197;528;197;527;198;525;198;524;199;523;199;521;201;518;201;518;202;515;205;513;205;510;208;506;208;505;209;503;209;502;210;501;210;500;211;499;211;498;212;495;212;494;211;493;211;492;212;490;212;490;214;487;217;485;217;483;219;481;219;480;220;479;220;476;223;474;223;473;224;473;225;471;227;469;227;468;228;467;228;467;229;466;230;463;230;462;231;459;231;458;232;457;232;455;234;454;234;453;235;451;235;451;237;448;240;446;240;444;242;443;242;442;243;441;243;440;244;439;244;438;245;437;245;436;246;434;246;434;247;431;250;429;250;426;253;425;253;424;254;423;254;422;255;421;255;419;257;415;257;415;260;414;261;412;261;409;264;406;264;404;266;403;266;402;267;401;267;400;268;399;268;397;270;396;270;395;271;393;271;392;272;391;272;390;273;389;273;388;274;387;274;386;275;384;275;380;279;379;279;378;280;378;281;379;282;378;283;376;283;375;284;372;284;369;287;368;287;366;289;365;289;364;290;363;290;362;291;360;291;359;292;358;292;357;293;356;293;353;296;350;296;345;301;344;301;343;302;342;302;340;304;340;305;339;306;335;306;334;307;333;307;332;308;332;309;331;310;330;310;328;312;325;312;323;314;320;314;319;315;317;315;316;316;315;315;315;314;314;313;314;310;313;309;311;309;310;310;309;310;308;311;308;312;306;314;303;314;302;313;302;311;302;312;300;314;295;314;294;315;293;314;292;314;291;313;291;310;289;310;288;311;288;313;287;314;284;314;283;315;282;315;281;314;280;314;279;313;278;314;273;314;272;315;260;315;259;316;251;316;251;317;249;319;249;320;248;321;248;324;247;325;247;326;246;327;245;327;244;328;244;335;243;336;242;335;242;333;241;333;240;332;240;334;237;337;237;338;236;339;236;340;235;341;235;342;236;343;236;345;235;346;235;353;240;358;240;359;241;359;243;361;243;362;246;365;246;366;247;367;247;370;248;371;248;373;249;374;249;375;250;375;251;376;254;376;255;377;256;377;257;378;257;380;258;381;261;381;262;382;269;382;270;381;270;379;271;378;272;379;272;387;271;388;270;388;269;389;269;390;270;391;270;392;268;394;268;395;269;396;269;398;267;400;267;402;268;403;267;404;267;406;269;408;269;410;268;411;268;412;270;414;270;417;271;418;271;420;272;421;272;422;273;423;273;424;274;425;274;429;277;432;280;432;281;433;282;433;283;434;284;434;285;435;286;435;288;437;290;437;291;438;295;438;296;439;297;439;298;438;300;438;301;439;302;439;303;438;304;438;305;437;306;438;307;438;308;437;309;437;310;436;313;436;315;434;315;433;316;432;331;432;332;431;332;430;333;429;334;430;337;430;338;429;339;430;340;430;341;431;343;431;344;430;345;431;350;431;351;432;354;432;355;431;356;431;357;432;358;432;359;431;372;431;373;432;380;432;381;433;382;433;383;434;388;434;389;433;396;433;397;434;398;434;399;433;403;433;404;434;412;434;413;435;414;435;417;438;418;438;421;441;422;441;423;442;427;442;428;443;431;443;432;444;440;444;441;445;442;445;446;449;447;449;448;450;449;450;452;453;454;453;455;454;477;454;478;455;481;455;482;456;483;456;484;455;485;456;489;456;490;457;500;457;501;458;502;458;503;459;505;459;506;458;510;458;511;459;512;459;514;461;516;461;517;460;521;460;522;461;524;461;525;462;526;462;527;463;530;463;532;465;534;465;535;466;536;466;537;467;544;467;545;468;546;468;547;469;550;469;551;468;554;468;555;469;556;469;558;471;562;471;562;470;563;469;567;469;569;467;569;464;570;463;570;460;571;459;571;457;572;456;572;451;573;450;573;447;574;446;574;442;575;441;575;435;576;434;576;430;577;429;577;421;578;420;578;413;579;412;579;399;580;398;580;383;581;382;581;342;580;341;580;324;579;323;579;313;578;312;578;306;577;305;577;300;576;299;576;295;575;294;575;279;576;278;576;274;577;273;577;271;578;270;578;269;579;268;579;267;580;266;580;263;578;261;577;261;569;253;569;252;568;251;568;250;567;249;567;248;566;247;566;246;565;245;565;243;564;242;564;238;563;237;563;232;562;231;562;228;561;227;561;225;560;224;560;222;559;221;559;219;558;218;558;215;557;214;557;213;556;212;556;210;555;209;555;207;554;206;554;204;553;203;553;201;552;200;552;198;550;196;550;195;549;194;549;192;547;190
224,nasal_cutting_forceps,541;185;539;187;538;187;537;188;536;188;535;189;534;189;531;192;530;192;529;193;527;193;526;194;524;194;521;197;518;197;515;200;513;200;510;203;508;203;504;207;503;207;502;206;500;208;499;208;498;209;492;209;491;210;490;210;488;212;487;212;486;213;486;214;484;216;483;216;482;217;481;217;480;218;479;218;478;219;477;219;476;220;475;220;474;221;473;221;471;223;470;223;469;224;468;224;468;225;465;228;463;228;462;229;461;229;460;230;458;230;457;231;456;231;454;233;452;233;451;234;450;234;449;235;449;237;448;238;447;238;446;239;445;239;443;241;442;241;441;242;439;242;438;243;436;243;435;244;434;244;432;246;431;246;430;247;429;247;426;250;425;250;424;251;423;251;422;252;421;252;420;253;419;253;418;254;416;254;415;255;414;255;413;256;412;256;411;257;410;257;404;263;403;263;402;264;400;264;398;266;397;266;396;267;395;267;392;270;390;270;389;271;388;271;386;273;384;273;381;276;380;276;378;278;377;278;374;281;374;282;373;283;372;283;371;284;370;284;369;285;368;285;367;286;366;286;365;287;364;287;363;288;361;288;358;291;357;291;356;292;355;292;354;293;353;293;351;295;350;295;349;296;348;296;346;298;345;298;342;301;341;301;340;302;339;302;339;303;338;304;335;304;333;306;332;306;331;307;330;307;329;308;328;308;327;309;326;309;325;310;323;310;322;311;319;311;316;314;315;313;315;311;314;310;314;309;313;308;312;309;311;309;310;310;307;310;307;311;305;313;303;313;302;312;300;314;295;314;294;315;293;314;292;314;291;313;291;310;290;310;289;311;289;313;288;314;284;314;283;315;282;315;281;314;280;314;279;313;278;314;273;314;272;315;255;315;254;316;250;316;249;317;249;318;248;319;248;322;247;323;247;325;246;326;245;326;244;327;243;327;239;331;239;332;238;333;238;334;237;335;237;336;236;337;236;339;235;340;235;353;237;355;238;355;240;357;240;358;243;361;243;362;247;366;247;370;248;371;248;372;249;373;249;374;250;375;252;375;253;376;254;376;255;377;256;377;257;378;257;380;258;381;259;381;260;382;268;382;269;383;269;388;268;389;269;390;269;393;268;394;267;394;267;398;266;399;266;407;267;408;267;412;268;413;268;414;269;415;269;418;270;419;270;420;273;423;273;424;274;425;274;428;277;431;279;431;280;432;282;432;283;433;284;433;285;434;286;434;287;435;288;435;289;436;291;436;292;437;302;437;304;435;307;435;308;434;310;434;311;433;313;433;315;431;315;424;316;423;317;424;321;424;322;425;323;425;324;426;323;427;323;428;324;429;328;429;329;428;330;428;326;428;324;426;327;423;328;424;331;424;332;425;334;425;335;426;334;427;334;428;336;428;336;427;335;426;339;422;340;423;344;423;345;424;350;424;352;426;352;428;353;429;356;429;357;430;359;430;360;429;363;429;364;430;370;430;371;431;375;431;376;432;381;432;382;433;383;433;384;434;387;434;388;433;394;433;395;434;397;434;398;433;400;433;401;434;403;434;405;436;407;436;408;437;408;438;410;440;419;440;420;441;423;441;424;442;430;442;431;443;433;443;434;444;436;444;437;445;438;444;440;444;441;445;442;445;443;446;445;446;446;447;454;447;455;448;455;450;456;451;464;451;465;452;466;451;468;451;469;452;471;452;472;451;476;451;477;452;479;452;480;453;485;453;486;454;488;454;489;455;491;455;492;456;495;456;496;455;497;456;500;456;501;457;503;457;504;458;505;457;509;457;510;458;512;458;513;459;514;459;515;460;521;460;522;461;525;461;526;462;531;462;532;463;534;463;535;464;536;464;537;465;541;465;542;466;545;466;546;467;553;467;554;468;556;468;557;469;558;469;559;470;561;470;562;469;566;469;569;466;569;464;570;463;570;461;571;460;571;458;572;457;572;452;573;451;573;449;574;448;574;443;575;442;575;436;576;435;576;430;577;429;577;422;578;421;578;413;579;412;579;399;580;398;580;383;581;382;581;343;580;342;580;324;579;323;579;316;578;315;578;306;577;305;577;300;576;299;576;295;575;294;575;278;576;277;576;274;577;273;577;271;578;270;578;269;579;268;579;267;580;266;580;263;578;261;577;261;570;254;570;253;568;251;568;250;567;249;567;248;566;247;566;245;565;244;565;242;564;241;564;236;563;235;563;231;562;230;562;227;561;226;561;225;560;224;560;222;559;221;559;218;558;217;558;215;557;214;557;212;556;211;556;209;555;208;555;206;554;205;554;204;553;203;553;201;552;200;552;198;551;197;551;195;550;194;550;193;549;192;549;191;548;190;548;189;547;188;547;187;546;186;546;185
225,nasal_cutting_forceps,537;187;536;189;533;189;532;190;530;190;529;191;528;191;526;193;525;193;524;194;522;194;521;195;519;195;518;197;517;197;515;198;514;198;512;200;511;200;510;201;508;201;507;202;505;202;504;204;503;204;501;205;500;205;498;207;497;207;496;208;494;208;493;209;492;209;490;211;489;211;487;212;486;212;485;214;483;214;482;215;480;215;479;216;478;216;476;218;475;218;473;219;472;219;471;221;469;221;468;222;467;222;464;225;462;225;461;226;460;226;458;227;457;227;454;230;453;230;451;232;450;232;447;234;446;234;443;237;442;237;440;239;439;239;436;241;435;241;433;243;432;243;429;246;428;246;426;247;425;247;422;250;421;250;419;251;418;251;415;254;414;254;412;255;411;255;408;258;407;258;405;259;404;259;400;264;398;264;397;265;396;265;393;268;391;268;387;272;386;272;385;273;383;273;380;276;379;276;378;277;376;277;373;280;372;280;371;282;369;282;366;284;365;284;364;286;362;286;361;287;360;287;357;290;355;290;354;291;353;291;350;294;348;294;347;296;346;296;343;298;341;298;339;301;337;301;334;304;333;304;332;305;329;305;328;307;322;307;321;308;316;308;315;307;300;307;298;305;290;305;289;304;282;304;280;303;271;303;269;304;265;304;264;305;262;305;261;307;259;307;257;309;255;309;243;322;243;323;237;329;237;330;236;332;236;333;234;334;234;336;233;337;233;340;232;341;232;353;233;354;233;357;234;358;234;360;237;362;237;364;252;379;252;380;255;383;255;385;257;386;257;389;258;390;258;403;259;404;259;407;261;408;261;411;262;412;262;414;264;415;264;416;271;423;272;423;276;428;277;428;279;429;280;429;283;432;286;432;287;433;291;433;293;435;301;435;303;433;307;433;308;432;312;432;314;430;315;430;316;429;319;429;321;428;326;428;328;426;366;426;368;428;379;428;380;429;389;429;390;430;396;430;397;432;400;432;401;433;404;433;405;435;408;435;410;436;412;436;414;437;419;437;421;439;428;439;429;440;437;440;439;442;444;442;446;443;450;443;451;444;454;444;455;446;464;446;465;447;476;447;478;448;483;448;485;450;490;450;492;451;497;451;498;453;504;453;505;454;512;454;514;455;522;455;524;457;532;457;533;458;540;458;542;460;550;460;551;461;565;461;571;455;571;453;572;451;572;446;574;444;574;437;575;436;575;430;576;429;576;422;578;421;578;410;579;408;579;394;581;393;581;330;579;329;579;316;578;315;578;307;576;305;576;300;575;298;575;291;574;290;574;280;575;279;575;276;576;275;576;272;578;271;578;266;579;265;578;264;578;262;569;254;569;252;567;250;567;248;565;247;565;244;564;243;564;240;562;239;562;233;561;232;561;227;560;226;560;222;558;221;558;218;557;216;557;214;555;212;555;209;554;208;554;205;553;204;553;201;551;200;551;198;550;197;550;195;549;194;549;193;547;191;547;190;544;187
226,nasal_cutting_forceps,544;185;543;186;541;186;537;190;534;190;533;191;529;191;527;193;526;193;525;194;524;194;522;196;519;196;517;198;517;200;516;201;513;201;512;202;507;202;504;205;501;205;500;206;499;206;498;207;496;207;493;210;492;210;491;211;490;211;488;213;486;213;485;214;484;214;481;217;479;217;476;220;475;220;474;221;473;221;471;223;470;223;469;224;468;224;466;226;465;226;464;227;463;227;461;229;460;229;459;230;458;230;457;231;456;231;454;233;452;233;451;234;450;234;449;235;449;236;446;239;445;239;443;241;442;241;441;242;438;242;437;243;436;243;435;244;434;244;433;245;432;245;431;246;430;246;429;247;428;247;425;250;424;250;423;251;422;251;420;253;419;253;418;254;417;254;414;257;412;257;411;258;410;258;409;259;407;259;402;264;401;264;400;265;399;265;398;266;397;266;396;267;395;267;393;269;392;269;391;270;390;270;389;271;388;271;386;273;385;273;384;274;383;274;380;277;379;277;378;278;377;278;376;279;375;279;369;285;368;285;367;286;366;286;365;287;363;287;362;288;361;288;358;291;357;291;356;292;355;292;354;293;353;293;352;294;351;294;350;295;349;295;346;298;345;298;344;299;343;299;341;301;340;301;338;303;337;303;336;304;335;304;333;306;331;306;330;307;329;307;328;308;321;308;319;310;318;310;317;311;316;311;315;310;315;308;314;308;313;307;312;308;308;308;307;309;306;309;305;310;304;310;303;309;303;308;302;308;301;307;297;307;296;306;295;307;287;307;285;305;284;306;283;306;282;307;280;305;275;305;274;304;273;305;272;305;271;306;270;305;268;305;267;306;266;306;264;308;263;308;260;311;257;311;257;312;255;314;253;314;252;315;250;315;248;317;248;319;247;320;247;323;244;326;242;326;241;327;240;327;237;330;237;332;236;333;236;334;235;335;235;336;233;338;233;339;232;340;232;352;233;353;233;354;236;357;236;358;237;359;237;363;239;365;240;365;241;366;241;367;242;368;242;369;243;370;243;371;246;374;246;375;247;375;250;378;250;379;251;379;254;382;255;382;259;386;259;404;260;405;260;410;263;413;263;414;268;419;268;420;269;421;269;422;270;422;273;425;273;426;274;427;274;428;275;428;276;429;277;429;280;432;281;432;282;433;283;433;284;434;285;434;286;435;287;435;288;436;290;436;291;437;301;437;302;436;304;436;305;435;307;435;308;434;310;434;311;433;314;433;315;432;316;432;317;431;319;431;320;432;325;432;325;431;326;430;326;428;328;426;332;426;333;427;337;427;338;426;342;426;343;427;354;427;355;428;360;428;361;429;369;429;370;430;372;430;373;431;374;431;375;432;379;432;380;433;382;433;383;434;387;434;388;433;390;433;391;434;392;434;393;435;394;435;395;436;401;436;402;437;404;437;405;438;409;438;410;439;415;439;416;440;417;440;418;441;422;441;423;442;424;442;425;443;427;443;428;442;430;442;431;443;434;443;435;444;436;444;437;445;442;445;443;446;445;446;446;447;451;447;453;449;454;449;455;450;460;450;461;451;469;451;470;452;471;452;472;451;475;451;476;450;481;450;485;454;487;454;488;455;491;455;492;456;495;456;496;455;497;456;500;456;501;457;502;457;503;458;511;458;512;459;513;459;514;460;522;460;523;461;540;461;541;462;549;462;552;465;552;466;554;466;555;467;558;467;559;468;562;468;563;469;566;469;567;468;567;467;569;465;569;464;570;463;570;461;571;460;571;459;572;458;572;454;573;453;573;448;574;447;574;443;575;442;575;436;576;435;576;430;577;429;577;421;578;420;578;413;579;412;579;400;580;399;580;382;581;381;581;342;580;341;580;324;579;323;579;316;578;315;578;307;577;306;577;301;576;300;576;296;575;295;575;278;576;277;576;274;577;273;577;271;578;270;578;268;579;267;579;266;580;265;580;263;579;262;578;262;569;253;569;252;568;251;568;250;567;249;567;248;566;247;566;246;565;245;565;242;564;241;564;236;563;235;563;232;562;231;562;228;561;227;561;225;560;224;560;222;559;221;559;219;558;218;558;216;557;215;557;212;556;211;556;210;555;209;555;207;554;206;554;205;553;204;553;201;552;200;552;199;551;198;551;195;550;194;550;193;549;192;549;191;548;190;548;189;546;187;546;186;545;186
227,nasal_cutting_forceps,541;172;540;173;540;178;538;180;534;180;533;181;529;181;529;182;527;184;524;184;522;186;520;186;519;187;518;187;518;188;517;189;517;190;515;192;514;192;513;191;513;192;512;193;512;194;510;196;507;196;505;198;504;198;503;199;502;199;500;201;499;201;498;202;497;202;496;201;494;201;494;203;493;204;492;204;491;205;489;205;487;207;485;207;484;208;482;208;481;209;480;209;478;211;477;211;476;212;473;212;473;215;471;217;468;217;465;220;463;220;462;221;460;221;458;223;457;223;455;225;454;225;453;226;451;226;449;228;449;229;448;230;445;230;442;233;441;233;440;234;436;234;435;235;435;236;436;237;435;238;434;238;431;241;430;241;429;240;424;245;422;245;419;248;418;248;416;250;414;250;413;251;412;251;411;252;410;252;409;253;408;253;407;254;406;254;404;256;403;256;402;257;400;257;400;258;401;259;399;261;398;261;397;262;395;262;392;265;391;265;390;266;389;266;387;268;386;268;385;269;383;269;380;272;379;272;378;273;377;273;375;275;373;275;372;276;371;276;370;277;369;277;367;279;366;279;365;280;364;280;363;281;362;281;358;285;357;285;355;287;354;287;353;288;352;288;350;290;349;290;347;292;346;292;344;294;343;294;341;296;338;296;336;298;335;298;330;303;323;303;322;304;317;304;316;305;315;304;311;304;310;305;307;305;305;307;304;307;303;306;301;306;300;305;299;305;299;306;298;307;298;308;296;310;296;311;294;313;292;311;292;306;291;305;284;305;284;306;285;306;286;307;286;308;285;309;284;309;283;310;283;312;282;313;281;312;281;305;280;305;279;304;278;305;273;305;274;305;275;306;275;308;274;309;273;309;269;305;266;305;265;306;265;307;264;308;264;309;262;311;262;313;261;314;258;314;257;315;249;315;248;316;248;317;247;318;247;325;246;326;239;326;237;328;237;332;236;333;236;335;235;336;235;337;234;338;233;338;232;339;232;346;233;347;232;348;232;350;233;351;233;352;235;354;235;355;236;356;236;357;240;361;240;362;245;367;245;369;248;372;248;375;250;375;252;377;253;377;256;380;257;380;259;382;260;382;262;384;262;385;263;386;261;388;260;388;260;395;259;396;259;404;260;405;260;410;261;410;263;412;263;413;266;416;267;416;268;417;268;418;269;419;269;420;270;420;277;427;278;427;279;428;280;428;282;430;283;430;284;431;285;431;287;433;288;433;289;434;292;434;293;433;304;433;305;432;314;432;316;430;318;430;319;429;320;430;324;430;326;428;325;427;325;425;326;424;336;424;336;423;337;422;346;422;347;423;348;422;354;422;355;423;356;423;357;424;359;424;360;423;362;423;363;424;367;424;368;425;371;425;372;424;373;424;375;426;375;427;374;428;375;429;376;429;377;428;379;428;380;429;393;429;394;430;396;430;397;431;399;431;400;432;410;432;411;433;419;433;420;434;422;434;423;435;425;435;426;436;427;435;431;435;432;436;433;436;436;439;438;439;439;438;440;438;442;440;444;440;445;441;446;441;447;442;448;442;449;443;454;443;455;444;462;444;463;445;471;445;472;444;473;444;474;443;475;444;479;444;480;445;487;445;488;446;489;446;490;447;491;447;492;448;493;448;494;447;495;447;496;446;497;446;498;447;499;447;500;448;500;449;502;451;503;451;504;452;505;451;509;451;510;452;513;452;514;453;518;453;519;454;523;454;524;455;527;455;528;456;531;456;532;457;534;457;535;458;537;458;538;459;544;459;546;461;549;461;550;462;551;462;552;463;554;463;555;464;556;464;558;466;561;466;561;465;563;463;565;463;566;464;569;464;569;463;570;462;570;460;571;459;571;457;572;456;572;451;573;450;573;446;574;445;574;442;575;441;575;435;576;434;576;430;577;429;577;421;578;420;578;411;579;410;579;400;580;399;580;383;581;382;581;343;580;342;580;325;579;324;579;316;578;315;578;307;577;306;577;301;576;300;576;295;575;294;575;278;576;277;576;274;577;273;577;271;578;270;578;269;579;268;579;267;580;266;580;263;578;261;577;261;569;253;569;252;568;251;568;250;567;249;567;248;566;247;566;246;565;245;565;242;564;241;564;236;563;235;563;231;562;230;562;228;561;227;561;225;560;224;560;222;559;221;559;218;558;217;558;215;557;214;557;212;556;211;556;209;555;208;555;206;554;205;554;204;553;203;553;201;552;200;552;198;551;197;551;195;550;194;550;192;548;190;548;189;547;188;547;187;546;186;546;184;544;182;544;180;543;179;543;178;542;177;542;176;541;175
228,nasal_cutting_forceps,535;171;535;172;533;174;529;174;527;176;526;176;525;177;524;177;523;178;519;178;515;182;513;182;510;185;507;185;506;186;503;186;502;187;501;187;499;189;496;189;495;190;495;191;493;193;492;193;491;194;490;194;487;197;486;197;485;198;482;198;480;200;479;200;478;201;478;202;476;204;475;204;474;205;473;205;470;208;468;208;465;211;463;211;462;212;459;212;459;214;458;215;457;215;454;218;452;218;451;219;450;219;448;221;447;221;446;222;445;222;444;223;444;224;441;227;440;227;439;228;436;228;435;229;434;229;432;231;430;231;428;233;427;233;426;234;426;237;425;238;423;238;420;241;417;241;416;242;415;242;414;243;413;243;412;244;411;244;409;246;408;246;407;247;407;248;406;249;405;249;403;251;401;251;398;254;396;254;394;256;393;256;392;257;391;257;390;258;390;259;389;260;388;260;386;262;384;262;381;265;379;265;378;266;377;266;375;268;374;268;373;269;373;270;371;272;369;272;368;273;367;273;365;275;364;275;363;276;362;276;361;277;360;277;357;280;356;280;356;281;353;284;352;284;351;285;350;285;348;287;347;287;345;289;344;289;342;291;341;291;340;292;337;292;336;293;335;293;333;295;330;295;329;296;327;296;327;298;326;299;324;299;322;301;319;301;318;302;317;302;316;303;314;301;313;301;311;303;308;303;307;304;306;304;305;305;301;305;300;306;299;306;299;307;296;310;295;310;294;311;292;309;292;307;291;306;291;304;289;304;288;305;285;305;286;306;286;308;285;309;284;309;283;310;284;311;284;313;283;314;282;314;281;313;281;305;280;305;279;304;278;304;277;305;275;305;275;306;276;307;273;310;272;310;272;312;273;313;272;314;271;314;270;313;270;309;271;308;270;307;270;305;269;305;268;304;267;304;266;305;264;305;264;309;262;311;262;313;261;314;257;314;256;315;252;315;251;314;250;315;248;315;247;316;245;316;245;317;244;318;244;323;243;324;240;324;237;327;237;328;236;329;236;331;235;332;235;335;234;336;234;337;232;339;233;340;233;341;235;343;235;344;236;345;236;353;237;354;238;354;241;357;241;358;242;358;243;359;244;359;245;360;246;360;247;361;247;364;248;365;248;366;249;367;249;368;251;370;252;370;255;373;256;373;258;375;259;375;261;377;261;381;263;381;264;382;265;382;266;383;266;384;267;385;267;386;266;387;266;388;265;389;265;393;264;394;264;396;265;397;265;398;263;400;263;402;264;403;264;406;265;407;265;409;266;410;266;411;267;412;267;413;268;414;268;415;269;415;270;416;270;417;273;420;274;420;276;422;278;422;279;423;280;423;281;424;282;424;283;425;284;425;285;426;286;426;287;427;288;427;289;428;290;428;291;429;298;429;299;428;300;429;302;429;303;428;306;428;307;427;309;427;310;426;313;426;315;424;315;423;316;422;321;422;322;421;336;421;337;420;338;420;339;419;347;419;350;416;351;417;354;417;355;416;356;417;358;417;359;418;360;418;361;419;362;419;363;420;371;420;372;419;373;420;382;420;383;419;384;419;385;420;386;420;387;421;393;421;394;422;397;422;398;423;401;423;402;424;411;424;412;425;415;425;416;424;417;424;418;425;419;425;420;426;420;427;419;428;420;429;424;429;425;430;426;430;427;429;430;429;431;430;435;430;436;431;442;431;443;432;445;432;446;433;454;433;455;434;456;434;457;435;458;435;459;434;466;434;467;435;471;435;473;433;476;433;477;434;478;434;479;435;484;435;485;434;486;435;489;435;490;436;491;436;493;438;493;439;494;439;494;437;495;436;497;436;498;437;497;438;497;439;498;440;502;440;503;441;505;441;506;440;508;440;509;441;511;441;512;442;521;442;522;443;531;443;532;444;534;444;535;445;537;445;538;446;539;445;540;445;541;444;542;444;543;445;547;445;548;446;551;446;552;445;553;446;556;446;559;449;560;449;561;450;564;450;565;451;566;451;568;453;568;454;569;455;571;453;571;452;572;451;572;448;573;447;573;445;574;444;574;441;575;440;575;434;576;433;576;429;577;428;577;421;578;420;578;410;579;409;579;399;580;398;580;383;581;382;581;343;580;342;580;325;579;324;579;316;578;315;578;307;577;306;577;301;576;300;576;295;575;294;575;278;576;277;576;274;577;273;577;271;578;270;578;269;579;268;579;267;580;266;580;263;578;261;577;261;570;254;570;253;568;251;568;250;567;249;567;248;566;247;566;246;565;245;565;242;564;241;564;236;563;235;563;231;562;230;562;227;561;226;561;224;560;223;560;221;559;220;559;218;558;217;558;215;557;214;557;212;556;211;556;209;555;208;555;206;554;205;554;204;553;203;553;200;552;199;552;197;551;196;551;195;550;194;550;192;549;191;549;190;548;189;548;188;547;187;547;185;546;184;546;183;545;182;545;181;544;180;544;179;543;178;543;177;542;176;542;174;541;173;541;172;540;171;539;172;537;172;536;171
229,nasal_cutting_forceps,540;172;539;173;539;174;538;175;535;175;532;178;529;178;528;179;525;179;524;180;523;180;521;182;518;182;516;184;513;184;512;185;511;185;510;186;507;186;506;187;505;187;504;188;501;188;500;189;500;190;499;191;498;191;495;194;495;195;494;196;493;196;492;197;490;197;487;200;486;200;485;201;485;202;486;203;484;205;482;205;481;206;479;206;476;209;474;209;473;210;472;210;471;211;470;211;469;212;468;212;468;214;465;217;464;217;463;218;461;218;460;219;459;219;458;220;456;220;454;222;453;222;452;223;450;223;450;224;446;228;445;228;444;229;443;229;442;230;441;230;440;231;438;231;437;232;436;232;435;233;434;233;433;234;432;234;430;236;430;237;428;239;427;239;425;241;424;241;423;242;422;242;421;243;420;243;419;244;417;244;415;246;414;246;413;247;412;247;412;248;411;249;410;249;409;250;407;250;406;251;405;251;403;253;402;253;401;254;400;254;398;256;397;256;396;257;395;257;395;258;396;259;395;260;392;260;390;262;389;262;388;263;387;263;386;264;385;264;384;265;383;265;382;266;381;266;379;268;378;268;378;269;377;270;377;271;376;272;375;272;374;273;373;273;372;274;370;274;368;276;367;276;365;278;364;278;363;279;362;279;357;284;356;284;355;285;354;285;352;287;350;287;346;291;345;291;342;294;341;294;339;296;337;296;336;295;335;295;334;296;332;296;330;294;329;295;328;295;327;296;327;298;326;299;325;299;323;301;322;301;321;302;319;302;318;303;316;303;313;300;310;303;309;303;308;302;307;303;306;303;305;304;303;304;302;303;301;304;300;304;299;305;296;305;295;306;294;306;291;303;289;303;288;304;287;304;286;303;285;303;284;304;281;304;280;303;272;303;271;304;270;303;266;303;265;304;262;304;261;305;261;306;259;308;259;309;258;310;258;313;257;314;250;314;249;315;248;315;247;316;246;316;246;317;245;318;245;319;243;321;243;322;241;324;240;324;239;325;239;326;237;328;237;331;236;332;236;334;235;335;235;336;234;337;234;343;235;344;235;345;236;346;236;352;243;359;245;359;247;361;247;364;248;365;248;366;249;367;249;368;251;370;253;370;254;371;255;371;256;372;258;372;259;373;259;374;260;375;261;375;263;377;263;378;265;380;265;382;266;383;266;386;265;387;265;388;264;389;265;390;265;392;263;394;262;394;261;395;260;395;260;397;259;398;259;399;260;400;260;404;261;403;262;403;264;405;264;406;265;407;265;410;267;412;267;413;268;414;268;415;270;417;270;418;271;419;271;420;273;420;275;422;276;422;278;424;279;424;280;425;282;425;283;426;284;426;285;427;287;427;288;428;289;428;290;429;303;429;304;428;308;428;309;427;313;427;315;425;315;424;316;423;319;423;320;422;322;422;323;421;326;421;327;420;335;420;336;419;337;419;337;418;338;417;348;417;350;415;351;415;352;416;357;416;358;417;362;417;363;418;367;418;368;419;369;419;370;418;379;418;380;419;381;419;382;418;384;418;385;419;387;419;388;420;391;420;392;421;394;421;395;422;397;422;398;423;400;423;401;424;402;424;403;425;407;425;408;426;410;426;411;427;413;427;414;428;418;428;419;429;423;429;424;430;431;430;432;431;433;431;434;432;444;432;445;433;454;433;455;434;457;434;458;435;468;435;469;436;472;436;473;435;476;435;477;436;488;436;489;437;489;438;490;438;491;439;492;439;493;440;502;440;503;441;511;441;512;442;522;442;523;443;527;443;528;444;531;444;532;445;536;445;537;446;539;446;540;445;544;445;545;446;548;446;549;447;550;446;551;446;552;445;553;445;554;446;556;446;557;447;560;447;561;448;562;448;563;449;565;449;566;448;567;449;568;449;569;450;570;450;572;448;572;447;573;446;573;445;574;444;574;441;575;440;575;434;576;433;576;429;577;428;577;421;578;420;578;411;579;410;579;400;580;399;580;384;581;383;581;344;580;343;580;325;579;324;579;316;578;315;578;307;577;306;577;301;576;300;576;295;575;294;575;278;576;277;576;274;577;273;577;272;578;271;578;269;579;268;579;267;580;266;580;263;577;260;576;260;570;254;570;253;568;251;568;250;567;249;567;248;566;247;566;246;565;245;565;242;564;241;564;236;563;235;563;231;562;230;562;228;561;227;561;224;560;223;560;222;559;221;559;218;558;217;558;215;557;214;557;212;556;211;556;209;555;208;555;206;554;205;554;204;553;203;553;200;552;199;552;198;551;197;551;195;550;194;550;192;549;191;549;190;548;189;548;188;547;187;547;186;546;185;546;183;544;181;544;179;543;178;543;177;542;176;542;175;541;174;541;172
230,nasal_cutting_forceps,540;183;538;185;535;185;534;186;533;186;532;187;524;187;522;189;522;190;523;191;523;192;521;194;518;194;518;195;516;197;507;197;504;200;501;200;500;201;499;201;498;202;497;202;496;203;496;204;493;207;491;207;490;208;489;208;488;209;486;209;485;210;484;210;483;211;483;212;479;216;478;216;476;218;474;218;472;220;471;220;470;221;468;221;466;223;465;223;465;224;464;225;464;226;463;227;460;227;459;228;457;228;455;230;454;230;453;231;451;231;450;232;448;232;447;233;445;233;444;234;444;237;442;239;441;239;440;240;437;240;436;241;434;241;433;242;432;242;431;243;429;243;426;246;425;246;421;250;420;250;419;251;417;251;416;252;414;252;413;253;411;253;409;255;407;255;406;256;405;256;404;257;404;259;402;261;401;261;399;263;398;263;397;264;395;264;393;266;392;266;391;267;390;267;385;272;384;272;383;273;382;273;380;275;379;275;378;276;377;276;375;278;374;278;373;279;372;279;368;283;367;283;366;284;365;284;364;285;362;285;360;287;359;287;358;288;356;288;353;291;352;291;351;292;351;293;350;294;347;294;344;297;343;297;341;299;339;299;338;300;334;300;333;301;331;301;330;300;330;301;328;303;319;303;318;304;317;304;316;305;313;302;312;303;311;303;310;304;308;304;305;307;304;307;303;306;303;305;302;304;301;305;300;305;299;306;298;305;296;305;298;307;298;308;297;309;296;309;296;313;295;314;294;314;293;313;293;309;294;308;294;307;292;305;292;304;291;303;290;303;289;304;283;304;282;305;280;303;278;303;277;304;272;304;271;305;270;304;268;304;267;305;266;305;265;306;265;307;264;308;264;310;262;312;262;313;261;314;256;314;255;315;251;315;249;317;249;318;248;319;248;321;247;322;247;323;242;328;242;329;241;330;240;330;240;333;239;334;239;335;238;336;238;337;237;338;237;344;238;345;238;348;239;349;239;352;240;353;241;353;243;355;243;356;244;357;244;358;245;359;246;359;247;360;247;363;248;364;248;365;250;367;250;368;252;370;253;370;254;371;255;371;256;372;257;372;259;374;259;375;263;375;265;377;266;377;268;379;268;380;268;377;270;375;270;371;269;370;269;369;270;368;270;366;271;365;272;366;272;367;274;369;272;371;272;375;273;376;273;379;274;380;271;383;269;383;269;384;270;385;270;386;267;389;266;389;266;392;265;393;265;394;264;395;264;403;265;404;265;408;266;409;266;410;268;412;268;414;270;416;270;418;271;419;271;420;273;420;275;422;276;422;277;423;278;423;280;425;282;425;283;426;285;426;286;427;288;427;289;428;291;428;292;429;293;429;294;430;297;430;298;431;303;431;305;429;307;429;308;428;315;428;316;427;320;427;321;426;325;426;327;424;331;424;333;422;334;422;335;423;336;422;337;422;338;421;358;421;359;422;360;422;361;423;365;423;366;422;367;422;369;424;380;424;381;425;390;425;391;426;392;426;394;428;402;428;403;429;405;429;406;428;407;429;412;429;413;430;416;430;417;431;421;431;422;432;426;432;427;433;432;433;433;434;436;434;437;435;442;435;443;436;444;436;445;437;447;437;448;438;449;437;450;437;451;436;452;437;454;437;455;438;457;438;458;439;460;439;461;440;468;440;469;441;471;441;472;440;482;440;483;441;489;441;490;442;495;442;496;443;503;443;504;444;506;444;507;443;508;444;514;444;515;445;520;445;521;446;525;446;526;447;535;447;536;448;543;448;544;449;561;449;562;450;567;450;568;451;569;451;570;450;572;450;572;448;573;447;573;445;574;444;574;442;575;441;575;435;576;434;576;430;577;429;577;421;578;420;578;412;579;411;579;400;580;399;580;385;581;384;581;343;580;342;580;324;579;323;579;315;578;314;578;306;577;305;577;300;576;299;576;295;575;294;575;278;576;277;576;274;577;273;577;271;578;270;578;269;579;268;579;267;580;266;580;263;576;259;575;259;574;258;574;257;573;257;570;254;570;253;568;251;568;250;567;249;567;248;566;247;566;245;565;244;565;242;564;241;564;236;563;235;563;231;562;230;562;228;561;227;561;225;560;224;560;222;559;221;559;218;558;217;558;215;557;214;557;212;556;211;556;210;555;209;555;206;554;205;554;204;553;203;553;201;552;200;552;198;551;197;551;195;550;194;550;193;549;192;549;190;547;188;547;187;546;186;546;185;544;183
231,nasal_cutting_forceps,547;198;546;199;546;200;543;203;540;203;537;206;535;206;533;208;528;208;527;209;522;209;521;210;519;210;518;211;518;212;519;213;521;213;522;214;522;215;521;216;518;216;516;218;512;218;511;219;507;219;505;221;505;222;504;223;503;222;503;221;502;220;501;220;501;221;499;223;498;223;497;222;496;222;495;223;496;224;497;224;498;225;498;226;497;227;495;227;493;229;492;228;491;228;489;230;488;230;487;231;486;231;485;230;484;231;478;231;477;232;473;232;470;235;470;237;465;242;457;242;453;246;451;246;450;245;449;245;448;244;446;244;445;245;445;246;447;248;442;253;440;253;439;252;438;252;437;251;434;251;431;254;428;254;427;255;427;256;426;257;429;260;427;262;427;263;426;264;423;264;422;265;421;265;419;267;413;267;412;266;412;267;411;268;411;271;410;272;409;272;408;273;406;273;404;275;402;275;401;276;400;276;399;277;398;277;397;278;396;278;395;279;392;279;392;281;393;282;392;283;391;283;390;284;389;284;387;286;386;286;385;287;382;287;381;288;380;288;379;289;378;289;375;292;374;292;372;294;369;294;368;295;367;295;366;296;365;296;364;297;363;297;362;298;361;298;360;299;358;299;357;300;356;300;354;302;354;303;353;304;353;305;352;306;350;306;349;307;348;307;347;306;344;309;343;309;341;311;337;311;336;312;335;312;333;314;329;314;328;315;327;315;324;312;324;313;323;314;319;314;318;315;317;315;316;316;315;315;315;314;314;313;314;312;313;311;313;310;309;314;306;314;305;315;304;315;303;314;300;314;299;315;293;315;291;313;291;310;290;309;289;310;288;310;287;311;286;311;285;312;285;313;284;314;283;314;282;315;281;314;273;314;272;315;270;315;269;314;268;314;267;315;263;315;262;316;261;316;261;317;256;322;256;323;254;325;253;325;251;327;251;328;249;330;249;331;248;332;248;334;247;335;247;336;243;340;243;341;242;342;242;352;243;353;243;355;245;357;245;358;247;360;247;364;249;366;249;368;250;369;251;369;252;370;253;370;254;371;254;373;255;373;256;374;257;374;263;380;265;380;266;381;266;382;267;383;268;383;269;384;269;386;270;387;270;392;267;395;266;395;266;405;267;406;267;409;268;410;268;412;269;413;269;415;270;416;270;420;271;421;272;421;275;424;276;424;278;426;280;426;281;427;284;427;285;428;286;428;288;430;288;431;291;431;293;433;295;433;296;434;298;434;299;435;300;435;301;436;304;436;305;435;308;435;310;433;311;433;313;435;316;432;318;432;319;431;331;431;332;430;337;430;338;431;346;431;347;430;348;431;358;431;359;430;360;430;361;429;363;429;364;430;365;430;366;431;370;431;371;432;380;432;383;435;387;435;389;433;391;435;396;435;397;436;398;436;400;434;401;434;402;435;405;435;406;434;407;435;413;435;414;436;415;436;416;437;416;438;415;439;416;440;422;440;423;441;426;441;427;442;432;442;433;443;443;443;444;444;447;444;448;445;449;445;450;444;457;444;459;446;463;446;464;447;467;447;469;449;471;449;472;448;473;448;474;447;477;447;478;448;485;448;486;447;487;447;489;449;494;449;495;450;504;450;506;452;507;452;508;453;510;453;511;452;512;452;513;451;514;451;517;454;517;455;519;455;520;456;523;456;524;455;526;457;528;457;529;456;531;456;532;457;534;457;535;456;536;457;536;458;539;458;540;459;540;460;541;461;542;461;542;460;544;458;545;459;545;460;548;460;549;459;551;459;552;458;557;458;558;459;559;458;560;458;562;460;562;461;563;462;563;463;564;464;565;463;566;463;567;462;568;462;568;460;569;459;569;457;571;455;571;453;572;452;572;450;573;449;573;446;574;445;574;442;575;441;575;436;576;435;576;430;577;429;577;421;578;420;578;413;579;412;579;401;580;400;580;387;581;386;581;342;580;341;580;324;579;323;579;315;578;314;578;306;577;305;577;300;576;299;576;296;575;295;575;279;576;278;576;274;577;273;577;271;578;270;578;269;579;268;579;267;580;266;580;263;577;260;576;260;570;254;570;253;568;251;568;250;567;249;567;248;566;247;566;246;565;245;565;243;564;242;564;238;563;237;563;232;562;231;562;228;561;227;561;225;560;224;560;223;559;222;559;220;558;219;558;216;557;215;557;214;556;213;556;211;555;210;555;207;553;205;553;203;552;202;552;200;551;200;549;198
232,nasal_cutting_forceps,557;218;557;219;555;221;554;221;553;220;546;220;544;222;541;222;540;223;540;224;537;227;536;227;535;228;534;228;533;229;532;229;531;230;527;230;526;231;523;231;522;232;519;232;518;233;517;233;515;235;513;233;513;235;514;236;514;237;512;239;511;239;510;240;507;240;506;241;505;241;504;242;501;242;499;244;493;244;492;243;490;243;489;244;489;245;488;246;488;248;486;250;482;250;481;251;479;251;477;253;474;253;473;254;471;254;470;255;468;255;468;256;467;257;467;259;465;261;464;261;463;262;461;262;459;264;456;264;454;266;446;266;444;268;445;269;445;270;446;271;445;272;443;272;442;273;436;273;435;274;433;274;431;276;426;276;425;277;422;277;420;279;418;279;418;280;419;281;419;282;418;283;415;283;414;284;412;284;411;285;410;285;409;286;407;286;406;287;405;287;404;288;402;288;401;289;400;289;398;291;396;291;396;293;395;294;393;294;392;293;390;295;389;295;388;296;386;296;385;297;383;297;381;299;378;299;376;301;375;301;374;302;373;302;373;303;374;304;372;306;371;305;369;305;368;306;367;306;366;307;365;307;364;308;363;308;362;309;360;309;359;310;358;310;357;311;355;311;352;314;351;314;350;315;348;315;347;316;345;316;344;317;339;317;338;318;332;318;330;316;329;316;327;318;325;316;314;316;313;315;311;315;310;316;309;315;303;315;302;314;301;315;297;315;296;314;295;315;293;315;291;313;290;313;289;314;283;314;282;315;281;314;278;314;277;315;271;315;270;316;267;316;267;317;264;320;263;320;260;323;260;324;257;327;257;328;253;332;253;333;249;337;249;338;248;339;248;341;247;342;247;344;246;345;246;346;245;347;245;348;244;349;244;352;243;353;243;358;246;361;246;364;248;366;248;368;249;369;249;370;250;370;253;373;253;374;255;376;256;376;259;379;259;381;260;382;263;382;264;383;264;384;265;385;265;386;268;386;269;387;269;389;270;390;270;398;269;399;269;421;270;422;270;424;271;425;271;426;274;426;275;427;276;427;281;432;282;432;283;433;284;433;285;434;286;434;287;435;288;435;289;436;290;436;292;438;293;438;294;439;297;439;299;441;302;441;303;442;304;442;305;443;306;443;307;442;308;442;309;443;311;443;312;442;317;442;318;441;321;441;322;442;323;441;324;441;325;442;330;442;331;441;337;441;338;442;347;442;348;441;349;441;350;440;359;440;360;439;365;439;366;438;369;438;372;441;381;441;384;444;391;444;392;445;393;445;394;444;395;444;396;445;399;445;400;444;401;444;403;446;404;445;412;445;413;446;414;446;415;447;416;447;417;448;419;448;420;449;421;449;423;451;424;451;425;452;427;452;428;453;430;453;431;452;432;453;433;453;434;454;442;454;443;455;447;455;448;456;452;456;453;457;455;457;456;456;457;456;458;457;458;458;461;458;462;457;463;457;464;458;466;458;467;459;469;459;470;460;472;460;473;461;474;461;476;459;478;461;480;461;481;462;483;462;484;463;489;463;490;464;494;464;495;465;497;465;498;464;499;464;500;465;503;465;504;466;513;466;515;468;515;469;521;469;522;470;523;470;524;471;528;471;529;472;530;472;531;471;533;471;534;472;537;472;538;471;541;474;541;475;542;474;547;474;548;473;552;473;553;472;561;472;562;473;562;475;563;476;563;480;564;481;566;479;566;474;567;473;567;470;568;469;568;468;569;467;569;464;570;463;570;461;571;460;571;458;572;457;572;453;573;452;573;449;574;448;574;443;575;442;575;437;576;436;576;431;577;430;577;422;578;421;578;415;579;414;579;402;580;401;580;388;581;387;581;340;580;339;580;323;579;322;579;314;578;313;578;306;577;305;577;300;576;299;576;295;575;294;575;278;576;277;576;274;577;273;577;271;578;270;578;269;579;268;579;267;580;266;580;263;578;261;577;261;569;253;569;252;568;251;568;250;567;249;567;248;566;247;566;246;565;245;565;244;564;243;564;240;563;239;563;234;562;233;562;230;561;229;561;226;560;225;560;224;558;222;558;219
233,nasal_cutting_forceps,557;222;556;223;551;223;550;224;546;224;546;225;544;227;541;227;540;228;539;228;538;229;537;229;536;230;534;230;533;231;530;231;529;232;528;232;527;233;526;233;525;234;524;234;522;236;521;236;520;237;518;237;516;239;514;239;513;240;512;240;511;241;508;241;507;242;506;242;505;243;502;243;501;244;500;244;499;245;496;245;493;248;490;248;488;250;487;250;486;251;483;251;482;252;480;252;479;253;478;253;476;255;473;255;469;259;468;259;465;262;463;262;462;263;461;263;460;264;458;264;457;265;455;265;454;266;453;266;452;267;450;267;448;269;447;269;446;270;445;270;444;271;443;271;442;272;440;272;439;273;436;273;435;274;433;274;432;275;431;275;430;276;428;276;426;278;425;278;424;279;422;279;420;281;419;281;417;283;416;283;414;285;412;285;411;286;410;286;409;287;407;287;406;288;405;288;404;289;403;289;402;290;400;290;399;291;398;291;395;294;392;294;391;295;390;295;389;296;388;296;387;297;384;297;382;299;381;299;379;301;377;301;372;306;369;306;368;307;367;307;366;308;365;308;364;309;362;309;361;310;360;310;359;311;358;311;357;312;356;312;355;313;354;313;353;314;351;314;350;315;347;315;346;316;340;316;339;317;331;317;330;316;329;316;328;317;327;317;326;316;315;316;314;315;303;315;302;314;301;314;300;315;297;315;296;314;295;315;293;315;292;314;284;314;283;315;281;315;280;314;279;314;278;315;272;315;271;316;270;316;270;317;267;320;266;320;260;326;260;327;258;329;258;330;257;331;257;332;254;335;254;336;250;340;250;341;249;342;249;344;248;345;248;350;247;351;247;358;248;359;248;364;249;365;250;365;252;367;252;368;257;373;257;374;264;381;265;381;266;382;267;382;269;384;269;385;270;386;270;387;271;388;271;392;272;393;272;411;273;412;273;419;274;420;274;421;275;422;275;423;276;424;276;425;278;427;279;427;282;430;282;431;284;431;285;432;286;432;287;433;289;433;290;434;291;434;292;435;294;435;295;436;296;436;298;438;300;438;301;439;302;439;304;441;305;441;306;442;309;442;310;443;316;443;317;442;326;442;327;443;330;443;331;442;337;442;338;441;340;441;341;442;348;442;349;441;358;441;359;440;360;440;361;439;369;439;370;440;371;440;372;441;375;441;376;442;381;442;383;444;389;444;390;445;396;445;397;446;402;446;403;447;404;446;412;446;413;447;415;447;416;448;418;448;419;449;422;449;423;450;428;450;429;451;437;451;438;452;442;452;443;453;445;453;446;454;448;454;449;455;452;455;453;456;464;456;465;457;471;457;472;458;478;458;479;459;485;459;486;460;487;460;488;461;490;461;491;462;492;462;493;463;494;462;498;462;499;463;500;463;501;464;506;464;507;463;508;463;509;464;510;464;512;466;514;466;515;467;520;467;521;468;524;468;525;469;532;469;533;470;534;470;535;471;538;471;539;472;543;472;544;473;550;473;551;472;561;472;562;473;562;474;563;475;563;479;565;479;566;478;566;476;567;475;567;471;568;470;568;469;569;468;569;465;570;464;570;462;571;461;571;459;572;458;572;454;573;453;573;449;574;448;574;443;575;442;575;437;576;436;576;431;577;430;577;422;578;421;578;415;579;414;579;401;580;400;580;387;581;386;581;341;580;340;580;324;579;323;579;315;578;314;578;306;577;305;577;300;576;299;576;295;575;294;575;278;576;277;576;274;577;273;577;271;578;270;578;269;579;268;579;267;580;266;580;263;578;261;577;261;569;253;569;252;568;251;568;250;567;249;567;248;566;247;566;246;565;245;565;244;564;243;564;240;563;239;563;234;562;233;562;230;561;229;561;227;560;226;560;225
234,nasal_cutting_forceps,558;230;556;232;553;232;552;233;551;233;550;234;548;234;549;234;550;235;552;235;553;236;554;236;555;237;554;238;551;238;550;239;547;239;546;240;545;240;544;241;541;241;540;242;539;242;538;243;537;242;535;242;534;243;533;243;532;244;529;244;527;246;524;246;524;248;522;250;520;250;519;251;517;251;516;252;513;252;512;253;511;253;510;254;501;254;499;256;496;256;494;258;494;259;493;260;492;260;491;259;491;258;492;257;490;257;490;260;489;261;487;261;486;262;483;262;482;263;479;263;477;265;474;265;473;266;472;266;470;268;468;268;468;269;467;270;467;271;466;272;464;272;463;273;460;273;459;274;456;274;455;275;453;275;452;276;446;276;445;277;444;277;444;278;443;279;439;279;435;283;434;283;431;286;428;286;427;287;425;287;424;288;422;288;420;290;417;290;415;292;414;292;411;295;410;295;409;296;406;296;405;297;402;297;401;298;400;298;399;299;397;299;396;300;394;300;393;301;392;301;391;302;389;302;389;303;386;306;384;306;383;307;381;307;380;308;379;308;378;309;377;309;376;310;375;310;374;311;372;311;370;313;369;313;368;314;366;314;364;316;363;316;362;317;351;317;350;318;348;318;347;317;343;317;342;316;332;316;331;315;315;315;314;314;292;314;291;313;290;314;284;314;283;315;278;315;277;316;276;316;275;317;274;317;270;321;270;322;269;323;269;324;267;326;266;326;262;330;262;331;260;333;260;334;259;335;259;337;257;339;257;341;256;342;256;343;255;344;255;345;254;346;254;353;253;354;253;358;254;359;254;364;255;364;256;365;257;365;259;367;259;368;262;371;262;372;263;373;263;374;265;376;266;376;267;377;268;377;269;378;269;379;270;380;270;381;271;382;271;383;272;384;272;385;273;386;274;386;276;388;278;388;280;390;280;393;279;394;279;400;278;401;278;403;280;405;280;410;281;411;281;413;280;414;280;416;281;417;281;418;282;419;282;420;283;420;285;422;285;423;286;424;286;426;291;431;294;431;295;432;296;432;297;433;299;433;300;434;301;434;303;436;304;436;307;439;308;439;309;440;310;440;311;441;312;441;313;442;316;442;317;443;323;443;324;444;325;444;326;443;347;443;348;442;349;442;350;441;359;441;361;439;363;439;364;440;370;440;372;442;377;442;378;443;383;443;384;444;394;444;395;445;402;445;403;446;404;445;413;445;414;446;419;446;420;447;424;447;425;448;427;448;428;447;429;447;431;449;433;449;434;450;437;450;438;451;440;451;441;452;457;452;458;453;462;453;463;454;464;454;465;455;469;455;470;456;475;456;476;457;481;457;482;458;486;458;487;459;488;459;489;460;490;460;491;461;492;461;493;462;495;460;497;460;498;461;501;461;502;462;508;462;509;463;511;463;513;465;515;465;516;466;518;466;519;467;522;467;523;468;528;468;529;469;533;469;534;470;537;470;538;471;539;470;544;470;546;472;550;472;551;471;556;471;557;472;561;472;563;474;563;476;564;477;565;477;566;476;566;475;567;474;567;470;569;468;569;465;570;464;570;462;571;461;571;459;572;458;572;455;573;454;573;449;574;448;574;443;575;442;575;436;576;435;576;431;577;430;577;422;578;421;578;414;579;413;579;400;580;399;580;387;581;386;581;343;580;342;580;329;579;328;579;318;578;317;578;307;577;306;577;300;576;299;576;296;575;295;575;278;576;277;576;273;577;272;577;271;578;270;578;269;579;268;579;266;580;265;580;263;579;262;578;262;569;253;569;252;567;250;567;249;566;248;566;247;565;246;565;245;564;244;564;241;563;240;563;238;562;237;562;235;561;234;561;233
235,nasal_cutting_forceps,557;234;555;236;552;236;550;238;549;238;548;239;546;239;545;240;541;240;539;242;535;242;534;243;533;243;532;244;529;244;527;246;524;246;523;247;522;247;521;248;520;248;519;249;518;249;515;252;512;252;511;253;507;253;506;254;505;254;504;255;502;255;501;256;500;256;499;257;495;257;493;259;490;259;488;261;486;261;485;262;483;262;482;263;481;263;480;264;478;264;477;265;475;265;474;266;473;266;471;268;470;268;469;269;468;269;468;270;466;272;464;272;463;273;462;273;461;274;459;274;458;275;456;275;455;276;451;276;450;277;447;277;446;278;444;278;443;279;440;279;439;280;438;280;435;283;434;283;433;284;432;284;431;285;428;285;426;287;425;287;424;288;423;288;422;289;421;289;420;290;418;290;417;291;416;291;414;293;413;293;411;295;409;295;408;296;405;296;403;298;401;298;400;299;399;299;398;300;395;300;394;301;393;301;392;302;390;302;387;305;386;305;385;306;383;306;381;308;380;308;379;309;378;309;377;310;376;310;375;311;373;311;372;312;370;312;369;313;368;313;367;314;366;314;365;315;363;315;362;316;357;316;356;317;355;317;354;316;343;316;342;315;326;315;325;314;323;314;322;315;321;315;320;314;317;314;316;315;315;314;297;314;296;313;296;311;296;312;295;313;293;313;292;312;290;312;290;313;289;314;283;314;282;315;279;315;278;316;277;316;275;318;274;318;271;321;271;322;270;323;270;324;269;325;269;326;268;327;267;327;267;328;264;331;264;332;263;333;263;334;262;335;262;336;261;337;261;338;260;339;260;340;259;341;259;342;258;343;258;345;257;346;257;351;256;352;257;353;257;357;258;358;258;359;259;360;259;361;260;362;260;364;261;364;262;365;263;365;265;367;265;368;267;370;268;370;269;371;269;372;270;373;270;375;274;379;274;380;275;381;276;381;277;382;278;382;281;385;281;386;282;387;283;387;284;388;285;388;287;390;287;393;286;394;286;395;287;396;287;398;285;400;284;400;284;401;286;403;286;404;285;405;285;406;286;407;286;416;285;417;286;418;286;420;287;421;287;423;288;424;288;426;290;426;291;427;293;425;294;425;295;426;295;428;299;432;301;432;302;433;303;433;304;434;305;434;307;436;308;436;310;438;311;438;312;439;313;439;314;440;316;440;317;441;319;441;320;442;321;442;322;443;347;443;348;442;349;442;350;441;360;441;361;440;369;440;370;441;371;441;372;442;384;442;385;443;391;443;392;444;393;443;401;443;402;444;420;444;421;445;429;445;430;446;443;446;444;447;454;447;456;449;460;449;461;450;463;450;464;451;470;451;471;452;479;452;480;453;484;453;485;454;487;454;488;455;489;455;490;456;492;456;493;457;495;457;496;456;497;457;501;457;502;458;507;458;508;459;510;459;511;460;512;460;513;461;514;461;515;462;520;462;521;463;524;463;525;464;528;464;529;463;530;463;531;464;532;464;533;465;534;465;535;466;536;466;537;467;543;467;544;468;556;468;557;469;560;469;561;470;566;470;567;469;568;469;569;468;569;465;570;464;570;462;571;461;571;459;572;458;572;454;573;453;573;449;574;448;574;443;575;442;575;436;576;435;576;431;577;430;577;422;578;421;578;413;579;412;579;400;580;399;580;384;581;383;581;343;580;342;580;329;579;328;579;317;578;316;578;307;577;306;577;301;576;300;576;296;575;295;575;289;574;288;574;287;575;286;575;278;576;277;576;273;577;272;577;271;578;270;578;268;579;267;579;266;580;265;580;264;579;263;579;262;578;262;568;252;568;251;567;250;567;249;566;248;566;247;565;246;565;245;564;244;564;241;563;240;563;238;562;237;562;235;561;235;560;234
236,nasal_cutting_forceps,552;232;550;234;547;234;546;235;545;235;544;236;543;236;542;237;541;237;540;238;539;238;538;239;536;239;535;240;534;240;533;241;530;241;529;242;528;242;526;244;524;244;523;245;522;245;521;246;518;246;516;248;514;248;513;249;512;249;511;250;510;250;509;251;507;251;506;252;505;252;504;253;502;253;501;254;499;254;498;255;496;255;494;257;489;257;488;258;486;258;485;259;484;259;483;260;482;260;481;261;480;261;479;262;478;262;477;263;474;263;473;264;472;264;470;266;469;266;468;267;467;267;466;268;465;268;464;269;462;269;459;272;457;272;456;273;454;273;453;274;450;274;449;275;446;275;445;276;444;276;443;277;442;277;441;278;438;278;437;279;435;279;431;283;429;283;426;286;425;286;424;287;423;287;422;288;420;288;419;289;417;289;415;291;413;291;412;292;411;292;410;293;409;293;408;294;407;294;406;295;404;295;403;296;402;296;401;297;400;297;399;298;397;298;396;299;394;299;393;300;392;300;391;301;390;301;389;302;388;302;387;303;386;303;385;304;383;304;380;307;379;307;377;309;376;309;375;310;373;310;372;311;369;311;368;312;367;312;366;313;365;313;364;314;360;314;359;315;349;315;348;314;325;314;324;313;324;310;324;311;322;313;321;313;319;311;319;310;318;310;318;311;317;312;316;312;315;311;315;310;313;308;312;309;305;309;304;308;303;308;302;307;299;307;298;308;295;308;294;307;293;307;292;308;291;308;288;311;287;311;286;312;285;312;283;314;280;314;279;315;277;315;276;316;275;316;271;320;271;321;270;322;270;324;268;326;267;326;265;328;265;329;263;331;263;332;261;334;261;335;260;336;260;338;259;339;259;341;258;342;258;345;257;346;257;354;258;355;258;357;259;358;259;359;260;360;260;361;267;368;267;369;270;372;270;373;271;374;271;375;272;375;274;377;276;377;281;382;281;383;282;384;282;385;283;386;285;386;286;387;286;388;288;390;288;391;289;392;288;393;288;397;287;398;287;399;286;400;286;407;287;408;287;409;286;410;286;412;287;413;287;416;286;417;286;418;287;419;287;421;289;423;289;424;290;425;292;425;293;424;297;428;298;428;300;430;301;430;303;432;304;432;305;433;306;433;307;434;308;434;309;435;310;435;311;436;312;436;313;437;314;437;316;439;317;439;318;440;320;440;321;441;323;441;324;442;344;442;345;443;347;443;350;440;360;440;361;439;369;439;372;442;374;442;375;441;376;442;386;442;387;443;404;443;405;444;421;444;422;445;435;445;436;446;437;446;438;445;444;445;445;446;449;446;450;447;455;447;456;448;462;448;463;449;466;449;467;450;472;450;473;449;474;449;475;450;476;450;477;451;482;451;483;452;486;452;487;453;489;453;490;454;497;454;498;455;500;455;501;456;509;456;510;457;513;457;514;458;517;458;518;459;520;459;521;460;523;460;524;461;526;461;527;462;528;462;529;461;530;462;532;462;533;463;534;463;535;464;538;464;539;465;544;465;545;466;546;466;547;467;554;467;555;468;559;468;560;469;567;469;568;468;569;468;569;465;570;464;570;462;571;461;571;459;572;458;572;454;573;453;573;449;574;448;574;443;575;442;575;436;576;435;576;431;577;430;577;422;578;421;578;413;579;412;579;400;580;399;580;385;581;384;581;342;580;341;580;325;579;324;579;316;578;315;578;307;577;306;577;300;576;299;576;295;575;294;575;289;574;288;574;287;575;286;575;278;576;277;576;273;577;272;577;271;578;270;578;269;579;268;579;266;580;265;580;263;579;262;578;262;569;253;569;252;567;250;567;249;566;248;566;247;565;246;565;244;564;243;564;240;563;239;563;235;560;232
237,nasal_cutting_forceps,557;228;556;229;552;229;551;230;548;230;547;231;545;231;544;232;542;232;541;233;540;233;537;236;535;236;534;237;533;237;532;238;530;238;528;240;527;240;526;241;523;241;522;242;521;242;520;243;518;243;515;246;512;246;511;247;507;247;504;250;503;250;502;251;501;251;500;252;497;252;496;253;495;253;494;254;493;254;492;255;489;255;488;256;487;256;486;257;484;257;483;258;481;258;480;259;479;259;478;260;477;260;476;261;474;261;473;262;472;262;470;264;468;264;467;265;466;265;465;266;463;266;462;267;460;267;459;268;457;268;456;269;455;269;454;270;453;270;452;271;451;271;450;272;449;272;448;273;447;273;446;274;444;274;443;275;441;275;440;276;439;276;438;277;437;277;436;278;434;278;433;279;432;279;431;280;429;280;428;281;428;282;427;283;426;283;425;284;424;284;423;285;422;285;421;286;420;286;419;287;416;287;415;288;414;288;413;289;412;289;411;290;408;290;407;291;406;291;405;292;404;292;402;294;401;294;400;295;398;295;397;296;395;296;394;297;393;297;391;299;390;299;389;300;388;300;387;301;385;301;384;302;382;302;382;303;379;306;378;306;377;307;376;307;375;308;374;308;373;309;369;309;368;310;367;310;366;311;364;311;363;312;361;312;360;313;359;313;358;314;349;314;348;313;337;313;336;312;336;311;334;311;333;312;332;312;330;310;330;312;328;314;327;314;326;313;326;310;324;308;323;309;320;309;319;308;318;308;316;310;315;309;315;308;313;306;309;306;308;305;307;305;306;306;304;306;303;305;300;305;299;306;298;305;295;305;294;306;291;306;290;307;289;307;287;309;286;309;285;310;284;310;283;311;282;311;282;312;280;314;278;314;277;315;275;315;274;316;273;316;271;318;271;319;270;320;270;321;269;322;269;324;268;325;267;325;266;326;265;326;263;328;263;329;261;331;261;332;260;333;260;335;259;336;259;339;258;340;258;342;257;343;257;345;256;346;256;353;257;354;257;355;258;356;258;358;260;360;260;361;261;362;261;363;266;368;266;369;270;373;270;374;271;375;272;375;273;376;274;376;275;377;276;377;283;384;284;384;287;387;287;388;288;389;288;395;287;396;287;399;286;400;285;400;285;401;286;402;286;406;287;407;287;410;286;411;286;412;287;413;287;415;286;416;286;418;287;419;287;421;290;424;290;425;293;425;295;427;296;427;297;428;298;428;300;430;301;430;304;433;305;433;306;434;308;434;309;435;311;435;312;436;314;436;315;437;316;437;318;439;321;439;322;440;324;440;325;441;338;441;339;442;347;442;348;441;349;441;350;440;359;440;360;439;369;439;370;440;371;440;372;441;380;441;381;442;387;442;388;443;394;443;395;442;396;443;413;443;414;444;415;443;421;443;422;444;435;444;436;445;437;445;438;444;444;444;445;445;447;445;448;446;454;446;455;447;463;447;464;448;466;448;467;449;472;449;473;448;474;448;475;449;476;449;477;450;479;450;480;451;485;451;486;452;491;452;492;453;497;453;498;454;501;454;502;455;507;455;508;456;512;456;513;457;516;457;517;458;520;458;521;459;524;459;525;460;530;460;531;461;532;461;533;462;537;462;538;463;542;463;543;464;544;464;545;465;548;465;549;466;554;466;555;467;556;467;557;468;560;468;561;469;566;469;567;468;568;468;569;467;569;465;570;464;570;462;571;461;571;459;572;458;572;454;573;453;573;449;574;448;574;443;575;442;575;436;576;435;576;431;577;430;577;422;578;421;578;413;579;412;579;400;580;399;580;385;581;384;581;342;580;341;580;325;579;324;579;316;578;315;578;306;577;305;577;300;576;299;576;296;575;295;575;289;574;288;574;286;575;285;575;278;576;277;576;273;577;272;577;271;578;270;578;269;579;268;579;266;580;265;580;263;579;262;578;262;569;253;569;252;567;250;567;248;565;246;565;244;564;243;564;240;563;239;563;235;562;234;562;233;561;232;561;230;559;228
238,nasal_cutting_forceps,556;228;555;229;552;229;551;230;549;230;548;231;546;231;545;232;543;232;542;233;540;233;538;235;536;235;534;237;533;237;532;238;530;238;528;240;527;240;526;241;524;241;523;242;522;242;521;243;518;243;516;245;515;245;514;246;512;246;511;247;509;247;508;248;507;248;504;251;502;251;501;252;500;252;499;253;496;253;494;255;490;255;489;256;487;256;486;257;483;257;482;258;481;258;480;259;479;259;478;260;477;260;476;261;474;261;473;262;472;262;471;263;470;263;469;264;467;264;466;265;464;265;463;266;461;266;459;268;457;268;456;269;455;269;454;270;453;270;452;271;451;271;450;272;449;272;448;273;446;273;445;274;444;274;443;275;440;275;439;276;438;276;436;278;434;278;433;279;432;279;431;280;429;280;428;281;428;282;426;284;424;284;423;285;422;285;421;286;419;286;418;287;416;287;414;289;412;289;411;290;409;290;408;291;406;291;404;293;403;293;402;294;401;294;400;295;398;295;397;296;395;296;393;298;392;298;391;299;390;299;389;300;388;300;387;301;386;301;385;302;383;302;379;306;378;306;376;308;374;308;373;309;370;309;369;310;367;310;366;311;365;311;364;312;362;312;361;313;360;313;359;314;348;314;347;313;343;313;341;311;339;313;338;313;335;310;333;312;331;310;329;310;329;311;328;312;327;312;326;311;326;310;324;308;323;308;322;309;321;309;320;308;317;308;316;309;313;306;303;306;302;305;301;305;300;306;298;306;297;305;296;305;295;306;292;306;291;307;289;307;287;309;285;309;284;310;283;310;279;314;277;314;276;315;274;315;270;319;270;321;269;322;269;323;267;325;266;325;260;331;260;333;259;334;259;337;258;338;258;340;256;342;256;344;255;345;255;346;254;347;254;352;255;353;255;354;256;355;256;357;258;359;258;360;259;361;259;362;260;363;260;364;261;364;264;367;264;368;268;372;268;373;272;377;273;377;276;380;277;380;278;381;279;381;280;382;281;382;284;385;285;385;290;390;290;392;289;393;289;394;288;395;288;398;286;400;286;406;287;407;287;410;286;411;286;412;287;413;287;416;286;417;287;418;287;421;289;423;289;424;291;426;293;424;294;424;295;425;295;428;296;428;299;431;301;431;304;434;305;434;306;435;307;435;308;436;309;436;310;437;311;437;312;438;314;438;315;439;316;439;317;440;320;440;321;441;324;441;325;442;332;442;333;441;341;441;342;442;347;442;349;440;359;440;360;439;375;439;376;440;381;440;382;441;383;441;384;442;388;442;389;443;393;443;394;442;395;442;396;443;402;443;403;444;424;444;425;445;429;445;430;446;432;446;433;445;434;445;435;446;443;446;444;447;447;447;448;448;449;447;453;447;454;448;455;448;456;449;460;449;461;450;464;450;465;451;469;451;470;452;482;452;483;453;484;453;485;454;489;454;490;455;496;455;497;456;501;456;502;457;504;457;505;458;510;458;511;459;512;459;513;460;519;460;520;461;524;461;525;462;532;462;533;463;534;463;535;464;538;464;539;465;544;465;545;466;547;466;548;467;551;467;552;468;555;468;556;469;557;469;558;470;566;470;569;467;569;465;570;464;570;462;571;461;571;459;572;458;572;455;573;454;573;449;574;448;574;443;575;442;575;436;576;435;576;431;577;430;577;422;578;421;578;413;579;412;579;400;580;399;580;386;581;385;581;341;580;340;580;324;579;323;579;316;578;315;578;306;577;305;577;300;576;299;576;295;575;294;575;289;574;288;574;287;575;286;575;278;576;277;576;274;577;273;577;271;578;270;578;269;579;268;579;266;580;265;580;263;578;261;577;261;569;253;569;252;568;251;568;250;567;249;567;248;566;247;566;246;565;245;565;244;564;243;564;240;563;239;563;234;562;233;562;232;561;231;561;229;560;228
239,nasal_cutting_forceps,558;227;557;228;555;228;554;229;552;229;551;230;549;230;548;231;545;231;544;232;542;232;541;233;540;233;538;235;536;235;534;237;533;237;532;238;530;238;528;240;527;240;526;241;524;241;523;242;522;242;521;243;518;243;516;245;515;245;514;246;511;246;510;247;508;247;504;251;502;251;501;252;500;252;499;253;496;253;495;254;494;254;493;255;489;255;488;256;485;256;484;257;483;257;482;258;479;258;477;260;476;260;475;261;473;261;471;263;469;263;468;264;467;264;466;265;463;265;462;266;461;266;460;267;459;267;458;268;456;268;455;269;454;269;453;270;452;270;450;272;449;272;448;273;446;273;445;274;443;274;442;275;440;275;439;276;438;276;436;278;434;278;433;279;432;279;431;280;429;280;428;281;428;282;427;283;426;283;425;284;423;284;422;285;421;285;420;286;418;286;417;287;416;287;415;288;414;288;413;289;411;289;410;290;408;290;407;291;406;291;404;293;403;293;402;294;401;294;400;295;399;295;398;296;396;296;395;297;394;297;392;299;390;299;388;301;386;301;385;302;384;302;383;303;382;303;382;304;380;306;379;306;378;307;377;307;376;308;375;308;373;310;368;310;367;311;366;311;365;312;363;312;362;313;361;313;360;314;327;314;326;313;326;312;325;311;325;310;324;309;323;309;322;310;321;310;320;309;318;309;316;311;315;310;315;309;314;308;314;307;313;306;312;307;309;307;308;306;306;306;305;307;304;306;303;306;302;305;301;305;300;306;294;306;293;307;292;306;291;306;290;307;288;307;287;308;286;308;285;309;284;309;281;312;281;313;280;314;278;314;277;315;273;315;272;316;271;316;271;318;270;319;270;320;267;323;267;324;266;325;265;325;263;327;262;327;262;328;260;330;260;331;259;332;259;334;258;335;258;336;256;338;256;339;254;341;254;343;253;344;253;346;252;347;253;348;253;354;254;355;254;358;258;362;258;363;259;364;259;365;261;367;261;368;265;372;265;373;267;375;268;375;270;377;270;378;271;379;271;381;274;381;275;382;276;382;278;384;279;384;284;389;284;390;285;391;285;392;284;393;284;394;283;395;283;396;284;397;283;398;282;398;282;399;281;400;280;400;280;402;281;403;281;405;282;406;281;407;281;410;280;411;280;412;282;414;282;420;284;422;284;423;285;424;286;424;288;426;290;426;293;429;293;431;295;431;296;432;297;432;298;433;300;433;304;437;305;437;306;438;308;438;309;439;310;439;311;440;312;440;313;441;314;441;315;442;319;442;320;443;330;443;331;442;340;442;341;441;348;441;350;439;379;439;380;440;382;440;383;441;386;441;387;442;400;442;401;443;404;443;405;444;413;444;414;445;416;445;417;444;418;445;424;445;425;446;427;446;428;445;431;445;432;446;437;446;438;447;441;447;442;448;443;448;444;449;446;449;447;450;450;450;451;451;460;451;461;452;465;452;466;453;469;453;470;454;472;454;473;453;474;453;475;454;479;454;480;455;481;455;482;456;485;456;486;457;489;457;490;458;498;458;499;459;500;459;501;460;503;460;504;461;511;461;512;462;516;462;517;463;521;463;522;464;523;464;524;465;532;465;533;466;534;466;535;467;536;467;537;468;538;468;539;469;544;469;545;470;550;470;551;471;561;471;563;473;563;474;564;475;565;475;566;474;566;473;567;472;567;470;569;468;569;465;570;464;570;462;571;461;571;459;572;458;572;455;573;454;573;449;574;448;574;443;575;442;575;436;576;435;576;431;577;430;577;422;578;421;578;414;579;413;579;401;580;400;580;387;581;386;581;342;580;341;580;324;579;323;579;316;578;315;578;306;577;305;577;300;576;299;576;295;575;294;575;278;576;277;576;274;577;273;577;271;578;270;578;269;579;268;579;266;580;265;580;263;578;261;577;261;569;253;569;252;568;251;568;250;567;249;567;248;566;247;566;246;565;245;565;244;564;243;564;240;563;239;563;234;562;233;562;232;561;231;561;229;560;228;559;228
240,nasal_cutting_forceps,552;224;551;225;546;225;544;227;541;227;539;229;539;230;538;231;534;231;533;232;531;232;530;233;529;233;528;234;527;234;526;235;524;235;522;237;521;237;520;238;518;238;516;240;513;240;512;241;511;241;510;242;507;242;504;245;503;245;502;246;500;246;499;247;495;247;493;249;491;249;490;250;489;250;488;251;487;251;486;252;483;252;482;253;480;253;479;254;478;254;476;256;475;256;474;257;472;257;472;258;469;261;467;261;465;263;462;263;461;264;460;264;459;265;457;265;456;266;455;266;454;267;452;267;451;268;449;268;448;269;446;269;443;272;441;272;440;273;438;273;437;274;436;274;435;275;433;275;431;277;430;277;429;278;427;278;426;279;425;279;424;280;423;280;420;283;419;283;418;284;416;284;415;285;414;285;413;286;411;286;410;287;409;287;408;288;406;288;403;291;401;291;400;292;399;292;398;293;396;293;395;294;393;294;392;295;391;295;390;296;389;296;388;297;387;297;386;298;385;298;384;299;383;299;382;300;381;300;379;302;378;302;374;306;372;306;371;307;369;307;366;310;364;310;363;311;362;311;361;312;358;312;357;313;354;313;353;314;329;314;328;315;327;315;325;313;325;311;324;310;323;310;322;311;320;311;319;310;318;311;318;312;316;314;315;313;315;310;314;309;314;308;313;307;304;307;302;305;301;306;298;306;297;305;296;305;295;306;293;306;292;305;289;305;287;307;285;307;281;311;281;312;279;314;273;314;272;315;271;315;259;327;259;330;258;331;258;332;257;333;257;335;256;336;255;336;253;338;253;339;252;340;252;342;251;343;251;345;250;346;250;348;251;349;251;353;252;354;252;357;254;359;254;360;258;364;258;365;259;366;259;367;260;368;260;369;261;370;262;370;265;373;265;374;266;375;268;375;271;378;271;381;272;382;274;382;275;383;275;384;276;385;276;386;279;386;280;387;280;389;281;390;281;398;280;399;279;399;278;400;277;400;277;402;276;403;277;404;277;411;278;412;278;418;279;419;279;420;280;421;281;421;286;426;287;426;288;427;289;427;292;430;292;431;293;432;295;432;296;433;298;433;299;434;300;434;301;435;302;435;303;436;304;436;306;438;307;438;308;439;310;439;311;440;312;440;313;441;316;441;317;442;321;442;322;443;323;443;324;442;325;442;326;443;327;443;328;442;339;442;340;441;342;441;343;442;347;442;349;440;360;440;361;439;363;439;364;440;365;439;369;439;370;440;371;440;372;441;375;441;376;440;381;440;382;441;384;441;385;442;392;442;393;443;403;443;404;444;412;444;413;445;416;445;417;444;418;445;424;445;425;446;431;446;432;445;434;445;435;446;439;446;440;447;443;447;444;448;445;448;446;449;451;449;452;450;458;450;459;451;462;451;463;452;466;452;467;453;469;453;470;454;477;454;478;455;481;455;482;456;484;456;485;457;488;457;489;458;492;458;493;459;494;459;495;458;498;458;499;459;500;459;501;460;503;460;504;461;505;461;506;460;508;460;509;461;512;461;513;462;516;462;517;463;521;463;522;464;523;464;524;465;530;465;531;466;533;466;534;467;536;467;537;468;538;468;539;469;545;469;546;470;548;470;549;471;550;470;554;470;555;471;562;471;563;472;563;473;564;474;566;474;566;472;565;471;567;469;568;469;569;468;569;465;570;464;570;462;571;461;571;459;572;458;572;454;573;453;573;449;574;448;574;443;575;442;575;436;576;435;576;430;577;429;577;422;578;421;578;413;579;412;579;400;580;399;580;385;581;384;581;343;580;342;580;325;579;324;579;317;578;316;578;306;577;305;577;300;576;299;576;296;575;295;575;289;574;288;574;286;575;285;575;278;576;277;576;273;577;272;577;271;578;270;578;269;579;268;579;266;580;265;580;263;579;262;578;262;569;253;569;252;568;251;568;250;567;249;567;248;566;247;566;246;565;245;565;244;564;243;564;240;563;239;563;234;562;233;562;231;561;230;561;227;558;224
241,nasal_cutting_forceps,552;221;550;223;545;223;544;224;540;224;538;226;536;226;535;227;534;227;533;228;530;228;528;230;527;230;526;231;523;231;522;232;521;232;520;233;519;233;518;234;517;234;516;235;515;235;514;236;513;236;510;239;507;239;506;240;505;240;504;241;502;241;501;242;500;242;499;243;496;243;495;244;492;244;491;245;489;245;487;247;485;247;483;249;482;249;481;250;480;250;479;251;478;251;476;253;473;253;470;256;469;256;468;257;467;257;463;261;461;261;460;262;459;262;458;263;456;263;454;265;451;265;450;266;448;266;447;267;446;267;445;268;444;268;443;269;442;269;441;270;440;270;439;271;437;271;436;272;435;272;434;273;432;273;431;274;428;274;424;278;422;278;420;280;418;280;416;282;415;282;414;283;413;283;412;284;411;284;410;285;407;285;406;286;405;286;403;288;401;288;400;289;399;289;398;290;397;290;396;291;394;291;392;293;391;293;390;294;389;294;388;295;387;295;386;296;384;296;382;298;381;298;380;299;379;299;377;301;376;301;375;302;374;302;373;303;372;303;370;305;369;305;367;307;366;307;364;309;362;309;361;310;357;310;356;311;352;311;351;312;350;312;349;313;343;313;342;314;338;314;336;312;336;311;335;311;334;312;333;312;332;313;331;313;330;314;327;314;325;312;325;311;324;310;323;310;322;311;320;311;319;310;318;311;318;312;317;313;316;313;315;312;315;310;314;309;314;308;313;307;313;306;312;307;309;307;308;306;307;306;306;307;305;307;302;304;301;305;298;305;297;304;296;304;295;305;293;305;292;304;289;304;288;305;285;305;280;310;280;313;279;314;272;314;271;315;269;315;268;316;267;316;265;318;265;319;263;321;262;321;260;323;260;324;259;325;259;327;258;328;258;329;254;333;254;334;252;336;252;337;251;338;251;340;250;341;250;342;249;343;249;354;250;355;250;357;254;361;254;363;255;364;257;364;258;365;258;366;259;367;259;369;261;371;262;371;264;373;264;374;265;375;268;375;270;377;270;380;271;381;271;382;273;384;274;384;279;389;279;391;280;392;280;393;279;394;279;395;280;396;280;397;278;399;277;399;277;400;276;401;276;405;275;406;275;409;276;410;276;415;277;416;277;420;278;420;281;423;282;423;285;426;286;426;287;427;288;427;293;432;294;432;295;433;296;433;297;434;299;434;300;435;302;435;303;436;304;436;305;437;306;437;307;438;308;438;309;439;311;439;312;440;315;440;316;439;317;440;332;440;333;439;339;439;340;440;347;440;348;439;349;439;350;438;359;438;361;436;362;437;365;437;366;436;367;437;369;437;370;438;371;438;372;439;382;439;383;440;386;440;387;441;390;441;391;442;392;442;393;441;396;441;397;442;402;442;403;443;404;442;409;442;410;443;423;443;424;444;432;444;433;445;436;445;437;446;442;446;443;447;453;447;454;448;455;448;456;449;458;449;459;450;461;450;462;451;468;451;469;452;476;452;477;453;479;453;480;454;482;454;484;456;487;456;488;457;490;457;491;458;499;458;500;459;501;459;502;460;508;460;509;461;512;461;513;462;519;462;520;463;522;463;523;464;525;464;526;465;531;465;532;466;533;466;534;467;535;467;536;468;538;468;539;469;545;469;546;470;548;470;549;471;550;471;551;470;554;470;555;471;563;471;564;472;564;473;565;473;566;474;566;472;564;472;563;471;564;470;566;470;567;469;568;469;569;468;569;465;570;464;570;462;571;461;571;459;572;458;572;454;573;453;573;449;574;448;574;443;575;442;575;436;576;435;576;430;577;429;577;422;578;421;578;413;579;412;579;401;580;400;580;385;581;384;581;342;580;341;580;324;579;323;579;316;578;315;578;306;577;305;577;300;576;299;576;296;575;295;575;278;576;277;576;273;577;272;577;271;578;270;578;269;579;268;579;266;580;265;580;263;578;261;577;261;570;254;570;253;568;251;568;250;567;249;567;248;566;247;566;246;565;245;565;244;564;243;564;240;563;239;563;234;562;233;562;231;561;230;561;227;560;226;560;225;559;224;558;224;557;223;556;223;555;222;555;221
242,nasal_cutting_forceps,557;222;555;224;547;224;546;225;545;225;544;226;541;226;540;227;540;228;538;230;535;230;534;231;530;231;529;232;528;232;526;234;524;234;523;235;522;235;520;237;518;237;517;238;516;238;515;239;514;239;513;240;512;240;511;241;507;241;505;243;504;243;503;244;501;244;500;245;497;245;496;246;495;246;493;248;490;248;488;250;487;250;486;251;484;251;483;252;480;252;479;253;478;253;477;254;475;254;474;255;473;255;470;258;469;258;466;261;465;261;464;262;462;262;461;263;460;263;459;264;457;264;456;265;455;265;454;266;453;266;452;267;449;267;448;268;446;268;443;271;442;271;441;272;438;272;437;273;434;273;433;274;432;274;431;275;428;275;425;278;424;278;423;279;422;279;419;282;418;282;417;283;416;283;415;284;414;284;413;285;411;285;410;286;409;286;408;287;406;287;405;288;403;288;402;289;401;289;400;290;399;290;398;291;397;291;396;292;395;292;394;293;392;293;391;294;390;294;389;295;388;295;387;296;385;296;384;297;383;297;380;300;379;300;377;302;376;302;372;306;369;306;367;308;366;308;364;310;363;310;361;312;360;311;357;311;356;312;355;312;353;314;346;314;345;315;325;315;324;314;323;314;322;315;321;315;320;314;319;314;318;315;316;315;314;313;314;312;313;311;313;310;307;310;305;312;303;310;303;309;302;308;294;308;293;307;292;307;291;306;290;306;289;307;288;307;287;308;285;308;281;312;281;313;280;314;273;314;272;315;270;315;269;316;267;316;260;323;260;324;259;325;259;327;257;329;257;330;251;336;251;337;250;338;250;339;249;340;249;342;248;343;248;350;247;351;247;353;248;354;248;358;250;360;251;360;252;361;252;363;257;368;257;369;260;372;260;375;263;375;264;376;267;376;269;378;269;381;271;383;271;387;272;387;274;389;274;390;275;391;275;392;278;395;277;396;277;397;274;400;273;400;272;401;272;405;273;406;273;412;274;413;274;416;275;417;275;420;278;423;278;424;281;427;284;427;285;428;286;428;288;430;288;431;290;431;292;433;293;433;295;435;296;435;298;437;299;437;300;438;302;438;305;441;308;441;309;442;310;442;311;443;315;443;316;442;322;442;323;441;329;441;330;440;336;440;337;439;342;439;343;440;347;440;349;438;359;438;360;437;366;437;367;436;368;437;369;437;370;438;371;438;372;439;380;439;381;440;382;440;383;441;384;441;385;442;387;442;388;443;396;443;397;444;402;444;403;445;404;445;405;444;407;444;408;445;413;445;414;446;419;446;420;447;422;447;423;448;427;448;428;447;430;447;431;448;432;448;433;449;434;449;435;450;439;450;440;451;453;451;454;452;457;452;458;453;461;453;462;454;467;454;468;455;471;455;472;456;476;456;477;457;480;457;481;458;483;458;484;459;487;459;488;460;489;460;490;461;495;461;496;460;497;461;500;461;501;462;504;462;505;463;508;463;509;464;511;464;512;465;515;465;516;466;520;466;521;467;524;467;525;468;526;468;527;469;533;469;534;470;535;470;536;471;538;471;539;472;540;472;541;473;542;473;543;472;544;472;545;473;559;473;560;472;562;474;562;477;563;478;563;479;564;480;565;479;566;479;566;477;567;476;567;474;568;473;568;470;569;469;569;466;570;465;570;463;571;462;571;459;572;458;572;455;573;454;573;449;574;448;574;443;575;442;575;436;576;435;576;431;577;430;577;422;578;421;578;413;579;412;579;401;580;400;580;386;581;385;581;342;580;341;580;324;579;323;579;317;578;316;578;306;577;305;577;300;576;299;576;295;575;294;575;278;576;277;576;274;577;273;577;271;578;270;578;269;579;268;579;267;580;266;580;263;578;261;577;261;569;253;569;252;568;251;568;250;567;249;567;248;566;247;566;246;565;245;565;244;564;243;564;240;563;239;563;234;562;233;562;231;561;230;561;227;560;226;560;225;558;223;558;222
243,nasal_cutting_forceps,557;218;556;219;551;219;550;220;547;220;546;221;543;221;542;222;541;222;538;225;534;225;533;226;531;226;530;227;529;227;527;229;524;229;523;230;522;230;521;231;518;231;517;232;517;233;515;235;512;235;511;236;510;236;509;237;507;237;506;238;505;238;504;239;503;239;502;240;501;240;500;241;498;241;497;242;495;242;494;243;492;243;491;244;489;244;488;245;486;245;485;246;484;246;481;249;480;249;479;250;478;250;477;251;476;251;475;252;473;252;469;256;468;256;466;258;465;258;464;259;463;259;462;260;461;260;460;261;458;261;457;262;456;262;455;263;453;263;452;264;450;264;449;265;448;265;447;266;446;266;445;267;443;267;442;268;440;268;438;270;436;270;435;271;434;271;433;272;432;272;431;273;429;273;425;277;423;277;422;278;421;278;420;279;418;279;414;283;413;283;412;284;410;284;409;285;406;285;405;286;404;286;403;287;402;287;401;288;399;288;398;289;397;289;396;290;394;290;392;292;390;292;389;293;388;293;387;294;386;294;385;295;384;295;381;298;380;298;379;299;378;299;377;300;376;300;375;301;374;301;373;302;372;302;368;306;367;306;366;307;365;307;364;308;363;308;362;309;358;309;357;310;356;310;355;311;353;311;352;312;351;312;350;313;348;313;347;314;331;314;330;315;327;315;326;314;318;314;317;315;316;315;314;313;314;311;313;310;313;309;312;310;306;310;306;311;305;312;304;311;304;310;302;308;302;307;301;307;300;308;293;308;291;306;291;305;290;305;290;306;289;307;288;307;287;308;286;308;285;309;282;309;281;310;280;310;279;311;280;312;280;313;279;314;272;314;271;315;267;315;266;316;265;316;261;320;261;321;260;322;260;323;259;324;259;325;258;326;258;327;254;331;254;332;250;336;250;337;249;338;249;340;248;341;248;345;247;346;247;350;246;351;246;353;248;355;248;358;252;362;252;363;254;365;255;365;258;368;258;369;260;371;261;371;262;372;263;372;264;373;264;374;265;375;268;375;269;376;269;377;270;378;270;383;271;384;271;387;272;388;273;388;274;389;274;393;273;394;274;395;274;396;275;397;273;399;271;399;271;406;270;407;270;409;271;410;271;411;272;412;272;418;279;425;279;426;280;426;281;427;284;427;285;428;286;428;288;430;288;431;290;431;292;433;294;433;296;435;297;435;298;436;300;436;301;437;302;437;305;440;307;440;308;441;311;441;312;442;314;442;315;441;317;441;318;440;325;440;326;439;328;439;329;438;337;438;339;436;340;436;341;437;344;437;346;439;347;439;347;438;348;437;359;437;360;436;365;436;366;435;367;435;368;436;369;436;370;437;371;437;372;438;381;438;382;439;383;439;384;440;385;440;386;441;388;441;389;442;397;442;398;443;402;443;403;444;404;443;411;443;412;444;417;444;418;445;420;445;421;446;427;446;428;445;429;445;430;446;434;446;435;447;439;447;440;448;441;448;442;449;444;449;445;450;453;450;454;451;459;451;460;452;463;452;464;453;469;453;470;454;476;454;477;455;480;455;481;456;482;456;483;457;485;457;486;458;488;458;489;459;491;459;492;460;495;460;496;459;497;460;500;460;501;461;503;461;504;462;509;462;510;463;512;463;513;464;521;464;522;465;523;465;524;466;526;466;527;467;530;467;531;468;533;468;534;469;535;469;536;470;544;470;546;472;561;472;563;474;563;476;564;477;565;476;566;476;566;475;567;474;567;472;566;471;569;468;569;465;570;464;570;462;571;461;571;459;572;458;572;454;573;453;573;449;574;448;574;443;575;442;575;436;576;435;576;430;577;429;577;422;578;421;578;412;579;411;579;400;580;399;580;385;581;384;581;342;580;341;580;324;579;323;579;315;578;314;578;307;577;306;577;300;576;299;576;296;575;295;575;289;574;288;574;287;575;286;575;278;576;277;576;274;577;273;577;271;578;270;578;269;579;268;579;266;580;265;580;263;578;261;577;261;569;253;569;252;568;251;568;250;567;249;567;248;566;247;566;246;565;245;565;243;564;242;564;239;563;238;563;233;562;232;562;229;561;228;561;226;560;225;560;224;558;222;558;221;557;220
244,nasal_cutting_forceps,557;219;556;220;550;220;549;221;547;221;546;222;545;222;544;223;541;223;539;225;538;225;537;226;535;226;533;228;530;228;528;230;527;230;526;231;523;231;522;232;521;232;520;233;518;233;517;234;516;234;515;235;513;235;510;238;508;238;507;239;506;239;504;241;501;241;500;242;499;242;498;243;495;243;494;244;489;244;488;245;485;245;481;249;480;249;479;250;478;250;477;251;474;251;469;256;468;256;465;259;464;259;463;260;462;260;461;261;459;261;458;262;457;262;456;263;455;263;454;264;451;264;450;265;448;265;447;266;445;266;444;267;443;267;442;268;440;268;439;269;437;269;436;270;434;270;432;272;431;272;430;273;429;273;426;276;424;276;423;277;422;277;421;278;420;278;419;279;417;279;416;280;416;281;415;282;414;282;413;283;412;283;411;284;410;284;409;285;406;285;404;287;403;287;402;288;400;288;398;290;396;290;395;291;394;291;393;292;392;292;391;293;389;293;388;294;387;294;386;295;384;295;381;298;380;298;379;299;378;299;377;300;376;300;375;301;373;301;371;303;371;304;370;305;369;305;368;306;367;306;365;308;364;308;363;309;362;309;361;310;356;310;355;311;354;311;353;312;352;312;351;313;349;313;348;314;341;314;340;315;338;315;337;314;330;314;329;315;327;315;326;314;325;314;324;313;323;313;322;314;316;314;314;312;314;309;313;308;312;309;305;309;302;306;301;306;300;307;298;307;297;306;296;306;295;307;293;307;292;306;290;306;289;307;286;307;285;308;279;308;276;311;274;311;271;314;270;314;269;315;267;315;266;316;264;316;261;319;261;320;259;322;259;323;258;324;258;325;256;327;255;327;255;328;254;329;254;330;249;335;249;337;248;338;248;342;247;343;247;347;246;348;246;354;247;355;247;358;251;362;251;363;252;364;253;364;257;368;257;369;262;374;262;375;266;375;267;376;268;376;269;377;269;380;270;381;270;388;271;389;271;392;270;393;270;399;269;400;269;409;270;410;270;419;273;422;274;422;280;428;281;428;283;430;285;430;286;431;287;431;288;432;289;432;290;433;291;433;292;434;294;434;295;435;296;435;297;436;298;436;299;437;301;437;304;440;305;440;306;441;309;441;310;442;314;442;315;441;318;441;319;440;325;440;326;439;329;439;330;438;337;438;338;437;344;437;346;439;347;439;349;437;359;437;360;436;365;436;366;435;367;435;368;436;369;436;371;438;380;438;381;439;382;439;383;440;385;440;386;441;388;441;389;442;396;442;397;443;401;443;402;444;403;444;404;443;405;443;406;442;407;443;411;443;412;444;415;444;416;445;419;445;420;446;424;446;425;447;426;447;427;446;430;446;431;447;434;447;435;448;436;448;437;449;441;449;442;450;446;450;447;451;453;451;454;452;458;452;459;453;462;453;463;454;466;454;467;455;469;455;470;456;476;456;477;457;480;457;481;458;483;458;484;459;487;459;488;460;490;460;491;461;495;461;496;460;497;460;498;461;502;461;503;462;505;462;506;463;510;463;511;464;512;464;513;465;517;465;518;466;521;466;522;467;524;467;525;468;528;468;529;469;532;469;533;470;535;470;536;471;540;471;541;470;542;470;543;471;544;471;545;472;549;472;550;473;559;473;560;472;562;474;562;476;563;477;563;479;565;479;566;478;566;476;567;475;567;471;569;469;569;466;570;465;570;463;571;462;571;459;572;458;572;454;573;453;573;449;574;448;574;443;575;442;575;436;576;435;576;430;577;429;577;422;578;421;578;413;579;412;579;401;580;400;580;386;581;385;581;342;580;341;580;324;579;323;579;315;578;314;578;306;577;305;577;300;576;299;576;295;575;294;575;289;574;288;574;287;575;286;575;278;576;277;576;274;577;273;577;271;578;270;578;269;579;268;579;267;580;266;580;263;579;262;578;262;569;253;569;252;568;251;568;250;567;249;567;248;566;247;566;246;565;245;565;244;564;243;564;240;563;239;563;234;562;233;562;229;561;228;561;226;560;225;560;224;558;222;558;221;557;220
245,nasal_cutting_forceps,557;219;556;220;550;220;549;221;547;221;546;222;544;222;543;223;541;223;540;224;539;224;538;225;536;225;534;227;533;227;532;228;530;228;529;229;528;229;527;230;524;230;523;231;522;231;521;232;518;232;515;235;513;235;511;237;510;237;509;238;507;238;505;240;502;240;501;241;499;241;498;242;494;242;493;243;492;242;490;242;489;243;486;243;485;244;482;244;481;245;479;245;478;246;478;248;476;250;475;250;474;251;473;251;473;252;470;255;469;255;468;256;467;256;464;259;463;259;462;260;461;260;460;261;458;261;457;262;456;262;454;264;450;264;449;265;447;265;446;266;444;266;443;267;442;267;441;268;439;268;438;269;435;269;433;271;432;271;431;272;430;272;429;273;428;273;428;274;426;276;425;276;424;277;422;277;420;279;417;279;415;281;414;281;412;283;410;283;409;284;407;284;405;286;404;286;402;288;400;288;399;289;398;289;397;290;395;290;394;291;393;291;392;292;390;292;389;293;388;293;387;294;386;294;385;295;384;295;381;298;380;298;379;299;378;299;377;300;376;300;375;301;373;301;369;305;368;305;367;306;366;306;365;307;364;307;363;308;362;308;361;309;357;309;356;310;355;310;354;311;353;311;352;312;351;312;350;313;348;313;347;314;343;314;342;315;337;315;336;314;333;314;332;315;327;315;326;314;317;314;316;315;314;313;314;310;313;309;306;309;305;310;302;307;297;307;296;306;295;307;293;307;292;306;289;306;288;307;285;307;284;308;278;308;276;310;273;310;273;311;270;314;269;314;268;315;266;315;265;316;263;316;261;318;261;319;259;321;259;322;258;323;258;324;253;329;253;330;249;334;249;335;248;336;248;340;247;341;247;343;246;344;246;347;245;348;245;354;246;355;246;358;249;361;249;363;250;364;251;364;255;368;255;369;256;369;257;370;258;370;259;371;263;371;265;373;265;374;266;375;268;375;269;376;269;377;270;378;270;383;271;384;271;388;272;389;272;391;271;392;271;397;270;398;270;419;271;420;271;421;272;421;277;426;278;426;279;427;280;427;281;428;282;428;284;430;285;430;287;432;288;432;289;433;290;433;291;434;293;434;294;435;295;435;296;436;297;436;298;437;299;437;300;438;302;438;305;441;307;441;308;442;312;442;313;443;314;442;315;442;316;441;318;441;319;440;325;440;326;439;327;439;328;438;337;438;338;437;343;437;344;436;345;437;347;437;348;436;359;436;360;435;364;435;365;434;369;434;371;436;372;436;373;437;379;437;380;438;382;438;383;439;385;439;386;440;388;440;389;441;396;441;397;442;398;442;399;443;402;443;403;444;404;443;405;443;406;442;407;442;408;443;410;443;411;444;413;444;414;445;418;445;419;446;421;446;422;447;424;447;426;449;430;449;431;450;437;450;438;451;442;451;443;452;446;452;447;453;449;453;450;452;454;452;455;453;459;453;460;454;462;454;463;455;466;455;467;456;470;456;471;457;472;457;473;456;474;457;479;457;480;458;481;458;482;459;486;459;487;460;489;460;490;461;498;461;499;462;503;462;504;463;509;463;510;464;511;464;512;465;513;465;514;466;517;466;518;467;520;467;521;468;524;468;525;469;529;469;530;470;532;470;533;471;535;471;536;472;539;472;541;474;557;474;558;473;560;473;562;475;562;477;563;478;563;479;564;480;565;479;566;479;566;477;567;476;567;474;568;473;568;470;569;469;569;466;570;465;570;462;571;461;571;459;572;458;572;453;573;452;573;449;574;448;574;442;575;441;575;436;576;435;576;430;577;429;577;422;578;421;578;413;579;412;579;401;580;400;580;387;581;386;581;342;580;341;580;324;579;323;579;316;578;315;578;307;577;306;577;300;576;299;576;296;575;295;575;289;574;288;574;286;575;285;575;278;576;277;576;273;577;272;577;271;578;270;578;269;579;268;579;267;580;266;580;263;579;262;578;262;569;253;569;252;568;251;568;250;567;249;567;248;566;247;566;246;565;245;565;244;564;243;564;240;563;239;563;234;562;233;562;230;561;229;561;226;560;225;560;224;558;222;558;221;557;220
246,nasal_cutting_forceps,552;216;550;218;546;218;545;219;541;219;540;220;540;221;539;222;539;223;538;224;532;224;531;225;529;225;528;226;527;226;526;227;524;227;522;229;519;229;518;230;517;230;515;232;514;232;512;234;511;234;510;235;507;235;506;236;505;236;504;237;502;237;500;239;498;239;497;240;495;240;494;241;489;241;488;242;485;242;484;243;482;243;481;244;480;244;479;245;478;245;470;253;468;253;466;255;465;255;464;256;461;256;460;257;459;257;458;258;457;258;457;259;456;260;455;260;454;261;453;261;452;262;450;262;448;264;446;264;445;265;443;265;442;266;440;266;439;267;437;267;436;268;434;268;433;269;432;269;431;270;430;270;425;275;423;275;421;277;419;277;418;278;417;278;416;279;415;279;414;280;412;280;411;281;410;281;409;282;408;282;407;283;406;283;404;285;403;285;402;286;401;286;400;287;399;287;398;288;396;288;395;289;394;289;392;291;389;291;388;292;387;292;386;293;385;293;383;295;382;295;380;297;379;297;378;298;377;298;376;299;375;299;374;300;373;300;372;301;371;301;369;303;368;303;367;304;366;304;364;306;363;306;362;307;359;307;358;308;357;308;356;309;355;309;354;310;352;310;351;311;350;311;349;312;347;312;346;313;345;313;344;314;342;314;341;315;326;315;325;314;323;314;322;315;317;315;316;316;314;314;314;313;313;312;313;310;312;310;311;311;309;311;308;310;306;312;306;313;305;314;304;313;304;312;303;311;303;309;302;308;300;308;299;309;298;308;293;308;291;306;290;306;289;307;287;307;286;308;279;308;277;310;274;310;270;314;269;314;268;315;265;315;264;316;262;316;260;318;260;319;259;320;259;321;258;322;258;323;255;326;254;326;253;327;253;328;250;331;250;332;249;333;249;334;248;335;248;338;247;339;247;340;246;341;246;345;245;346;245;348;244;349;244;353;245;354;245;357;248;360;248;362;249;363;249;364;250;364;253;367;253;368;255;370;257;370;258;371;263;371;265;373;265;375;266;375;267;374;268;374;269;375;269;380;270;381;270;383;271;384;271;387;273;387;274;388;274;389;275;390;275;392;273;394;272;394;271;395;271;399;270;400;270;419;271;420;271;421;274;424;275;424;277;426;279;426;280;427;283;427;284;428;284;429;285;429;286;430;286;431;287;432;288;432;291;435;294;435;295;436;296;436;297;437;298;437;299;438;301;438;302;439;303;439;305;441;309;441;310;442;313;442;314;441;315;441;316;440;318;440;319;439;324;439;325;438;326;438;327;437;337;437;338;436;349;436;350;435;351;436;353;436;354;435;357;435;358;436;359;435;369;435;371;437;376;437;377;438;381;438;382;439;383;439;384;440;386;440;387;441;391;441;392;442;395;442;396;443;400;443;401;444;404;444;406;442;407;442;408;443;412;443;413;444;417;444;418;445;419;445;420;446;422;446;423;447;424;447;425;448;427;448;428;447;429;448;430;448;432;450;434;450;435;451;440;451;441;452;443;452;444;453;446;453;447;454;453;454;454;455;461;455;462;456;469;456;470;457;472;457;473;456;474;457;478;457;479;458;481;458;482;459;486;459;487;460;489;460;490;461;492;461;493;462;494;462;495;461;497;461;498;462;501;462;502;463;505;463;506;464;509;464;510;465;511;465;512;466;515;466;516;467;519;467;520;468;523;468;524;469;529;469;530;470;533;470;534;471;535;471;536;472;539;472;541;474;545;474;546;475;548;475;549;474;557;474;558;475;560;473;562;475;562;478;564;480;565;479;566;479;566;477;567;476;567;474;568;473;568;470;569;469;569;466;570;465;570;462;571;461;571;459;572;458;572;453;573;452;573;449;574;448;574;442;575;441;575;436;576;435;576;430;577;429;577;422;578;421;578;413;579;412;579;401;580;400;580;387;581;386;581;342;580;341;580;324;579;323;579;315;578;314;578;307;577;306;577;300;576;299;576;296;575;295;575;289;574;288;574;287;575;286;575;278;576;277;576;274;577;273;577;271;578;270;578;269;579;268;579;267;580;266;580;263;578;261;577;261;569;253;569;252;568;251;568;250;567;249;567;248;566;247;566;246;565;245;565;243;564;242;564;239;563;238;563;233;562;232;562;229;561;228;561;226;560;225;560;224;559;223;559;222;558;221;558;218;557;217;556;217;555;216
247,nasal_cutting_forceps,552;217;551;218;550;218;549;219;546;219;545;220;544;220;543;221;541;221;538;224;535;224;533;226;532;226;531;227;529;227;528;228;527;228;526;229;524;229;523;230;522;230;521;231;518;231;517;232;516;232;515;233;514;233;513;234;512;234;510;236;508;236;507;237;506;237;505;238;504;238;503;239;502;239;501;240;500;240;499;241;495;241;494;242;489;242;487;244;484;244;483;245;482;245;481;246;479;246;478;247;478;248;477;249;476;249;475;250;474;250;470;254;469;254;468;255;467;255;466;256;465;256;464;257;462;257;458;261;457;261;456;262;454;262;453;263;451;263;450;264;449;264;448;265;446;265;445;266;444;266;443;267;441;267;440;268;438;268;437;269;434;269;432;271;431;271;430;272;428;272;427;273;427;274;426;275;425;275;424;276;422;276;421;277;420;277;419;278;417;278;416;279;415;279;414;280;413;280;412;281;411;281;409;283;407;283;405;285;404;285;403;286;402;286;401;287;400;287;399;288;398;288;397;289;395;289;394;290;393;290;392;291;391;291;390;292;388;292;387;293;386;293;385;294;384;294;380;298;378;298;377;299;376;299;375;300;373;300;371;302;370;302;369;303;368;303;367;304;366;304;365;305;364;305;363;306;361;306;360;307;359;307;358;308;357;308;356;309;355;309;354;310;353;310;352;311;350;311;349;312;348;312;347;313;345;313;344;314;342;314;341;315;317;315;316;316;313;313;313;310;312;311;309;311;308;310;307;310;306;311;306;312;305;313;304;312;304;311;302;309;295;309;294;310;293;310;291;308;284;308;283;309;281;309;280;308;279;309;278;309;277;310;275;310;271;314;268;314;267;315;264;315;263;316;261;316;261;317;259;319;259;320;251;328;251;329;249;331;249;332;248;333;248;335;247;336;247;338;246;339;246;340;245;341;245;342;243;344;243;349;242;350;242;356;243;357;243;359;244;359;247;362;247;364;248;365;248;367;249;368;249;369;250;370;251;370;252;371;253;371;254;372;254;375;256;375;259;378;259;380;260;381;261;381;262;382;264;382;265;383;265;386;268;386;269;387;269;388;270;389;270;397;269;398;269;399;267;401;269;403;268;404;267;404;266;405;266;409;267;410;267;413;268;414;268;419;269;420;269;421;271;423;271;425;272;425;273;426;275;426;276;427;277;427;278;428;279;428;281;430;281;431;282;432;283;432;284;433;285;433;286;434;287;434;290;437;291;437;292;438;295;438;296;439;298;439;299;440;301;440;303;442;304;442;305;443;314;443;316;441;317;441;318;440;322;440;323;439;325;439;326;438;329;438;330;437;331;438;337;438;339;436;340;437;345;437;346;438;347;438;348;437;360;437;361;436;362;437;369;437;370;438;371;438;372;439;376;439;377;440;379;440;380;441;381;441;382;442;383;442;384;443;388;443;389;444;391;444;392;445;394;445;395;446;400;446;401;447;404;447;406;445;411;445;412;446;413;446;414;447;416;447;419;450;421;450;422;451;425;451;426;452;432;452;433;453;437;453;438;454;440;454;441;455;445;455;446;456;448;456;449;457;454;457;455;458;466;458;467;459;470;459;471;460;473;460;474;461;479;461;480;462;484;462;485;463;489;463;490;464;498;464;499;465;500;465;501;466;502;466;503;467;505;467;506;468;508;468;509;469;511;469;513;471;519;471;520;472;524;472;525;473;528;473;530;475;534;475;535;476;536;476;537;475;538;475;541;478;548;478;549;479;550;479;551;478;553;478;554;479;555;479;556;478;560;478;562;480;562;481;563;482;563;485;564;485;564;482;566;480;566;479;567;478;567;475;568;474;568;470;569;469;569;466;570;465;570;463;571;462;571;459;572;458;572;454;573;453;573;449;574;448;574;443;575;442;575;436;576;435;576;431;577;430;577;422;578;421;578;413;579;412;579;402;580;401;580;388;581;387;581;342;580;341;580;324;579;323;579;316;578;315;578;307;577;306;577;300;576;299;576;295;575;294;575;278;576;277;576;274;577;273;577;271;578;270;578;269;579;268;579;267;580;266;580;263;579;262;578;262;569;253;569;252;568;251;568;250;567;249;567;248;566;247;566;246;565;245;565;244;564;243;564;239;563;238;563;233;562;232;562;229;561;228;561;226;560;225;560;224;558;222;558;218;557;217
248,nasal_cutting_forceps,552;201;552;204;551;205;551;207;550;208;550;211;549;212;548;211;547;211;545;209;541;209;541;210;540;211;540;212;537;215;535;215;535;216;532;219;531;219;530;218;528;220;527;220;526;221;525;221;524;222;522;222;521;223;520;222;518;222;516;224;513;224;511;226;511;227;510;228;509;227;506;227;506;228;505;229;502;229;500;231;497;231;493;235;490;235;487;238;485;238;484;239;483;239;482;240;479;240;477;242;476;242;475;243;474;243;470;247;469;247;468;248;467;248;465;250;462;250;459;253;457;253;456;254;454;254;453;255;452;255;451;256;450;256;448;258;446;258;445;259;445;260;444;261;443;261;442;262;440;262;437;265;436;265;435;266;434;266;431;269;428;269;427;270;426;270;425;271;424;271;423;272;422;272;421;273;415;273;414;274;412;274;411;275;410;275;409;276;407;276;405;278;404;278;403;279;402;279;401;280;400;280;400;282;399;283;397;283;396;284;394;284;393;285;392;285;391;286;389;286;387;288;385;288;384;289;383;289;381;291;379;291;377;293;376;293;375;294;374;294;373;295;371;295;369;297;368;297;367;298;366;298;365;299;364;299;363;300;362;300;361;301;360;301;355;306;354;306;353;307;352;307;351;308;347;308;346;309;345;309;345;310;344;311;341;311;341;312;340;313;339;313;338;314;335;314;334;315;326;315;325;314;319;314;318;315;316;315;315;314;314;314;313;313;313;310;312;310;310;312;309;312;308;311;308;313;307;314;304;314;303;313;303;310;302;309;300;309;299;310;298;310;297;309;295;309;294;310;293;309;292;309;291;308;288;308;287;309;284;309;283;310;279;310;278;311;278;313;277;314;269;314;268;315;262;315;261;316;260;316;258;318;258;319;255;322;255;323;254;324;252;324;249;327;249;329;248;330;248;334;247;335;247;336;244;339;244;340;243;341;243;353;245;355;245;356;246;357;246;358;248;360;248;363;249;364;250;364;254;368;254;369;257;372;258;372;260;374;260;375;263;375;266;378;267;378;268;379;268;380;272;384;272;385;273;386;271;388;271;394;270;395;270;400;269;401;269;405;268;406;268;409;269;410;269;412;270;413;270;417;271;418;271;420;272;420;278;426;282;426;284;428;285;428;288;431;289;431;290;432;291;432;292;433;294;433;295;434;296;434;297;435;298;435;299;436;301;436;302;437;303;436;306;436;307;437;313;437;316;434;322;434;323;433;336;433;338;431;343;431;344;430;345;431;347;431;348;432;351;432;352;433;359;433;360;432;366;432;367;433;369;433;371;435;372;435;373;436;377;436;378;435;379;436;380;436;381;437;384;437;385;438;386;438;388;440;391;440;392;441;395;441;396;442;399;442;400;443;403;443;404;442;404;441;405;440;405;437;406;436;407;436;408;437;407;438;407;440;410;440;411;441;418;441;419;442;420;442;421;443;426;443;427;444;432;444;433;445;435;445;436;446;438;446;439;445;440;445;441;446;442;446;443;447;444;447;447;450;449;450;450;451;451;451;452;452;457;452;458;453;464;453;465;454;469;454;470;455;471;454;472;454;473;453;476;453;477;454;478;454;479;455;485;455;486;456;489;456;490;457;492;457;493;458;494;457;499;457;502;460;505;460;507;458;508;459;509;459;510;460;510;461;511;462;513;462;514;463;515;463;516;464;517;463;520;463;521;464;522;464;523;465;530;465;531;466;532;466;533;467;534;467;535;468;536;468;537;469;538;469;541;466;544;466;545;467;546;467;547;468;548;467;555;467;559;471;559;473;561;473;563;475;563;476;564;477;566;477;566;475;567;474;567;472;566;471;566;470;567;469;568;469;569;468;569;465;570;464;570;461;571;460;571;458;572;457;572;452;573;451;573;447;574;446;574;442;575;441;575;436;576;435;576;430;577;429;577;422;578;421;578;413;579;412;579;401;580;400;580;386;581;385;581;343;580;342;580;324;579;323;579;314;578;313;578;306;577;305;577;300;576;299;576;295;575;294;575;278;576;277;576;274;577;273;577;271;578;270;578;269;579;268;579;266;580;265;580;263;578;261;577;261;569;253;569;252;568;251;568;250;567;249;567;248;566;247;566;246;565;245;565;243;564;242;564;238;563;237;563;233;562;232;562;229;561;228;561;225;560;224;560;223;559;222;559;221;558;220;558;217;557;216;557;215;556;214;556;213;555;212;555;209;553;207;553;206;552;205
249,nasal_cutting_forceps,552;201;551;202;550;202;549;203;546;203;545;204;544;204;543;205;541;205;539;207;539;208;538;209;535;209;533;211;532;211;531;212;530;212;529;213;528;213;527;214;525;214;521;218;520;218;519;217;517;219;516;219;515;220;512;220;510;222;509;222;508;223;506;223;505;224;504;224;503;225;501;225;499;227;498;227;497;228;496;228;494;230;491;230;490;231;489;231;487;233;486;233;485;234;484;234;483;235;479;235;479;236;477;238;476;238;475;239;473;239;473;240;470;243;469;243;468;244;467;244;466;245;465;245;464;246;462;246;461;247;460;247;459;248;457;248;455;250;454;250;453;251;450;251;448;253;446;253;444;255;443;255;442;256;441;256;440;257;435;257;435;258;436;259;434;261;433;261;431;263;429;263;427;265;427;266;426;267;426;268;425;269;424;268;423;268;422;269;421;269;420;270;413;270;412;271;411;271;410;272;409;272;408;273;406;273;403;276;402;276;401;277;400;277;398;279;397;279;396;280;395;280;394;281;393;281;391;283;390;283;389;284;388;284;386;286;384;286;383;287;382;287;381;288;380;288;378;290;377;290;376;291;374;291;373;292;372;292;370;294;369;294;368;295;367;295;365;297;364;297;363;298;361;298;358;301;357;301;356;302;355;302;351;306;347;306;346;307;344;307;343;308;342;308;341;309;340;308;339;308;339;309;337;311;336;311;336;313;335;314;330;314;329;315;327;315;325;313;325;310;324;310;322;312;320;312;319;311;319;313;318;314;316;314;315;313;315;311;314;310;314;309;313;308;311;308;310;309;309;309;308;310;306;310;306;311;305;312;304;311;304;310;302;308;302;306;301;306;299;308;298;308;297;309;295;309;292;306;292;305;287;305;286;306;286;307;285;308;281;308;280;309;278;309;276;311;275;310;274;310;273;311;273;312;271;314;267;314;266;315;261;315;260;316;259;316;256;319;256;320;255;321;254;321;250;325;250;326;249;327;249;329;248;330;248;333;247;334;247;336;245;338;244;338;243;339;243;343;242;344;242;347;243;348;243;352;246;355;246;358;249;361;249;362;251;364;252;364;257;369;257;370;258;370;260;372;261;372;264;375;265;375;266;376;268;376;269;377;269;380;273;384;273;385;274;386;271;389;271;393;270;394;270;399;269;400;269;410;270;411;270;413;271;414;271;416;278;423;278;424;279;425;282;425;283;426;284;426;285;427;286;427;287;428;288;428;289;429;290;429;293;432;295;432;296;433;298;433;299;434;301;434;302;435;313;435;315;433;318;433;319;432;332;432;333;431;337;431;338;430;359;430;360;429;366;429;367;430;369;430;370;431;371;431;372;432;372;433;381;433;383;435;385;435;386;436;389;436;390;437;391;437;392;438;394;436;395;436;396;437;397;437;398;438;400;436;401;436;403;438;403;437;406;434;413;434;414;435;418;435;419;436;423;436;424;437;424;438;423;439;425;439;427;441;429;441;430;442;435;442;436;443;441;443;442;444;444;444;445;445;447;445;448;446;454;446;455;447;457;447;458;448;459;448;460;447;469;447;470;448;470;449;472;447;476;447;478;449;479;449;480;450;483;450;484;449;485;449;487;451;489;451;490;452;492;452;493;453;496;453;497;454;499;454;500;455;501;455;502;456;509;456;510;457;512;457;513;458;517;458;518;459;522;459;523;460;526;460;527;461;531;461;532;462;533;462;534;463;535;463;536;464;539;464;541;462;542;462;543;463;545;463;547;465;548;465;549;464;550;465;551;465;552;466;553;466;554;467;555;467;556;468;557;468;558;469;563;469;564;468;567;468;569;466;569;464;570;463;570;460;571;459;571;458;572;457;572;452;573;451;573;447;574;446;574;442;575;441;575;435;576;434;576;430;577;429;577;422;578;421;578;412;579;411;579;400;580;399;580;384;581;383;581;344;580;343;580;324;579;323;579;315;578;314;578;307;577;306;577;301;576;300;576;296;575;295;575;289;574;288;574;287;575;286;575;278;576;277;576;274;577;273;577;271;578;270;578;269;579;268;579;267;580;266;580;263;578;261;577;261;570;254;570;253;568;251;568;250;567;249;567;248;566;247;566;246;565;245;565;243;564;242;564;238;563;237;563;232;562;231;562;228;561;227;561;225;560;224;560;223;559;222;559;220;558;219;558;216;557;215;557;214;556;213;556;211;555;210;555;208;554;207;554;206;553;205;553;203;552;202
250,nasal_cutting_forceps,543;194;542;195;540;195;537;198;535;198;533;200;532;200;530;201;529;201;528;202;526;202;524;205;522;205;521;207;519;207;518;208;517;208;515;209;514;209;512;211;511;211;510;212;508;212;507;214;505;214;504;215;503;215;501;216;500;216;498;218;497;218;496;219;494;219;493;221;492;221;490;222;489;222;487;223;486;223;485;225;483;225;482;226;480;226;479;227;478;227;476;229;475;229;473;230;472;230;469;233;468;233;467;234;465;234;464;236;462;236;461;237;460;237;458;239;457;239;455;240;454;240;453;241;451;241;450;243;448;243;447;244;446;244;444;246;443;246;442;247;440;247;439;248;437;248;435;251;433;251;432;252;430;252;429;254;428;254;425;257;423;257;422;258;421;258;419;259;418;259;416;261;415;261;414;262;412;262;411;264;410;264;407;266;405;266;404;268;403;268;401;269;400;269;398;271;397;271;396;272;394;272;393;273;391;273;390;275;389;275;387;276;386;276;383;279;382;279;379;282;378;282;375;284;373;284;372;286;371;286;368;289;366;289;365;290;364;290;362;291;361;291;360;293;358;293;355;296;354;296;353;297;351;297;350;298;348;298;347;300;344;300;343;301;339;301;337;303;321;303;319;301;305;301;304;300;293;300;291;298;279;298;277;300;273;300;272;301;271;301;269;303;268;303;265;305;264;305;252;316;252;318;247;323;247;325;244;328;244;329;243;330;243;332;241;333;241;339;240;340;240;343;241;344;241;350;243;351;243;353;244;354;244;355;246;357;246;358;250;362;250;364;258;372;258;373;259;375;259;378;261;379;261;397;262;398;262;404;264;405;264;407;266;410;266;411;271;415;272;415;276;419;277;419;280;422;282;422;284;425;286;425;287;426;289;426;290;428;291;428;293;429;296;429;297;430;314;430;315;429;319;429;321;428;323;428;325;426;328;426;329;425;330;425;332;423;334;423;336;422;340;422;341;421;364;421;365;422;376;422;378;423;391;423;393;425;403;425;404;426;408;426;410;428;414;428;415;429;419;429;421;430;426;430;428;432;435;432;436;433;440;433;442;435;446;435;447;436;450;436;451;437;457;437;458;439;467;439;468;440;483;440;485;442;496;442;497;443;505;443;507;444;512;444;514;446;518;446;519;447;525;447;526;448;532;448;533;450;543;450;544;451;569;451;571;450;571;448;572;447;572;444;574;443;574;437;575;436;575;430;576;429;576;422;578;421;578;410;579;408;579;389;581;387;581;332;579;330;579;314;578;312;578;305;576;304;576;300;575;298;575;294;574;293;574;279;575;277;575;275;576;273;576;272;578;271;578;264;576;262;576;261;569;254;569;252;567;250;567;247;565;246;565;244;564;243;564;239;562;237;562;233;561;232;561;226;560;225;560;222;558;221;558;218;557;216;557;214;555;212;555;209;554;208;554;205;553;204;553;201;551;200;551;198;547;194
251,nasal_cutting_forceps,540;190;539;191;535;191;532;194;531;193;530;193;529;194;529;197;528;198;528;200;527;201;524;201;523;202;518;202;518;203;517;204;517;205;516;206;516;209;515;210;507;210;504;213;503;212;501;212;500;213;499;213;498;214;497;213;491;213;488;216;485;216;484;217;484;219;483;220;483;223;482;224;481;224;479;222;479;223;478;224;477;224;476;225;473;225;472;226;472;227;470;229;468;227;467;228;467;229;466;230;464;230;463;231;462;231;461;232;459;232;458;233;457;233;454;236;451;236;450;237;450;238;449;239;449;240;448;241;447;241;446;240;445;240;445;242;444;243;441;243;440;244;439;244;437;246;434;246;434;247;433;248;432;248;430;250;428;250;428;251;427;252;427;253;425;255;424;255;423;256;422;256;420;258;419;258;418;257;416;257;415;256;414;256;413;257;412;257;412;258;410;260;409;260;408;261;406;261;406;262;405;263;405;264;404;265;404;266;403;267;401;267;399;269;391;269;390;270;389;270;388;271;386;271;385;272;384;272;383;273;383;274;382;275;382;276;381;277;380;277;378;279;377;279;377;280;376;281;375;281;373;283;371;283;370;284;370;285;369;286;368;285;367;285;364;288;362;288;360;290;358;290;357;291;356;291;355;292;354;292;353;293;352;293;351;294;350;294;348;296;348;297;344;301;343;301;342;302;340;302;339;301;337;303;335;303;334;304;325;304;324;303;323;304;316;304;315;303;306;303;305;302;304;302;303;301;303;299;302;298;300;298;299;299;298;298;296;298;295;297;285;297;284;296;282;296;279;299;279;300;280;301;280;302;279;303;275;303;274;302;272;302;271;303;270;303;269;304;267;304;266;305;262;305;262;306;261;307;260;307;260;312;257;315;252;315;251;316;250;316;248;318;248;322;247;323;247;325;245;327;244;327;243;328;243;332;242;333;242;334;240;336;240;337;239;338;239;341;240;342;240;345;241;346;241;347;242;348;242;350;243;351;243;352;244;352;246;354;246;355;247;356;247;357;248;358;248;359;249;359;250;360;250;361;251;362;252;362;256;366;256;367;257;368;257;369;260;372;260;375;261;375;262;376;265;376;266;377;267;377;268;378;268;379;269;380;269;388;268;389;265;389;266;390;266;392;263;395;264;396;264;400;265;401;265;403;267;405;267;406;269;408;269;411;270;411;273;414;274;414;275;415;276;415;277;416;278;416;281;419;281;420;282;421;283;421;285;423;286;423;289;426;293;426;294;427;296;427;297;428;300;428;301;429;313;429;314;428;315;428;317;426;319;426;321;424;322;424;323;423;324;423;325;422;326;422;327;421;328;421;329;422;331;422;332;421;344;421;345;422;349;422;350;421;355;421;356;422;379;422;380;423;388;423;389;422;390;423;393;423;394;422;403;422;404;423;407;423;408;424;409;424;410;425;411;425;412;426;412;427;413;428;416;428;417;427;418;428;420;428;421;429;429;429;430;430;435;430;436;431;437;431;438;432;442;432;443;433;446;433;447;434;454;434;455;435;457;435;458;436;468;436;469;437;471;437;473;435;475;435;476;436;478;436;479;437;480;437;481;438;482;438;483;437;486;437;488;439;490;439;491;440;500;440;501;441;503;441;504;442;505;442;506;441;508;441;509;442;510;442;511;443;513;443;514;444;519;444;520;445;525;445;526;446;532;446;533;447;535;447;537;449;538;449;541;446;542;447;545;447;547;449;547;450;554;450;555;451;557;451;558;452;565;452;566;453;567;453;568;454;570;454;572;452;572;450;573;449;573;446;574;445;574;441;575;440;575;434;576;433;576;429;577;428;577;420;578;419;578;413;579;412;579;400;580;399;580;382;581;381;581;380;580;379;580;378;581;377;581;344;580;343;580;325;579;324;579;316;578;315;578;307;577;306;577;301;576;300;576;296;575;295;575;289;574;288;575;287;575;277;576;276;576;273;577;272;577;270;578;269;578;268;579;267;579;266;580;265;580;264;579;263;579;262;578;262;569;253;569;252;568;251;568;250;567;249;567;248;566;247;566;246;565;245;565;243;564;242;564;238;563;237;563;232;562;231;562;228;561;227;561;225;560;224;560;223;559;222;559;219;558;218;558;215;557;214;557;213;556;212;556;210;555;209;555;207;554;206;554;205;553;204;553;201;552;200;552;199;551;198;551;197;550;196;550;194;549;193;549;192;548;191;547;191;546;190
